batter,pitch_type,pitch_name,family,pitches,whiff,slg,xwoba
457705,FF,4-Seam FB,Fastball,144,0.2535211267605634,0.34210526315789475,0.24660210526315787
457705,SI,Sinker,Fastball,64,0.17857142857142858,0.42857142857142855,0.3647430769230769
457705,ST,Sweeper,Breaking,51,0.4,0.125,0.236125
457705,SL,Slider,Breaking,47,0.55,0.2857142857142857,0.2702
457705,CH,Changeup,Offspeed,35,0.35714285714285715,0.42857142857142855,0.11116666666666668
457705,FC,Cutter,Fastball,33,0.2727272727272727,0.0,0.37961
467793,FF,4-Seam FB,Fastball,69,0.1891891891891892,0.06666666666666667,0.1401111111111111
467793,CH,Changeup,Offspeed,37,0.2,0.5,0.37970333333333334
500743,FF,4-Seam FB,Fastball,253,0.09230769230769231,0.463768115942029,0.30640426666666665
500743,SI,Sinker,Fastball,192,0.0660377358490566,0.3559322033898305,0.3356179642857143
500743,CH,Changeup,Offspeed,128,0.32142857142857145,0.22727272727272727,0.24209652173913043
500743,SL,Slider,Breaking,122,0.27586206896551724,0.41935483870967744,0.34283151515151516
500743,FC,Cutter,Fastball,85,0.19148936170212766,0.75,0.37248583333333335
500743,ST,Sweeper,Breaking,78,0.12121212121212122,0.2,0.25320181818181814
500743,CU,Curveball,Breaking,55,0.2857142857142857,0.7777777777777778,0.4130166
502054,FF,4-Seam FB,Fastball,53,0.28,0.07142857142857142,0.3621525
502054,CH,Changeup,Offspeed,31,0.5,0.0,0.3414066666666667
502671,FF,4-Seam FB,Fastball,377,0.20603015075376885,0.6407766990291263,0.3418196396396396
502671,SI,Sinker,Fastball,299,0.22085889570552147,0.3472222222222222,0.31086364383561643
502671,SL,Slider,Breaking,255,0.30327868852459017,0.33962264150943394,0.2787508214285714
502671,CH,Changeup,Offspeed,193,0.2857142857142857,0.37209302325581395,0.3235645833333333
502671,FC,Cutter,Fastball,148,0.47368421052631576,0.2857142857142857,0.250148947368421
502671,ST,Sweeper,Breaking,135,0.2653061224489796,0.5625,0.2819413
502671,CU,Curveball,Breaking,102,0.1891891891891892,0.4,0.3126758333333333
502671,FS,Splitter,Offspeed,33,0.2777777777777778,0.16666666666666666,0.2806666666666667
506702,FF,4-Seam FB,Fastball,72,0.3333333333333333,0.18181818181818182,0.0986
506702,SI,Sinker,Fastball,30,0.21428571428571427,0.14285714285714285,0.22442857142857142
514888,SI,Sinker,Fastball,488,0.15350877192982457,0.2920353982300885,0.2817661417322835
514888,FF,4-Seam FB,Fastball,461,0.2175732217573222,0.5,0.2960778481012658
514888,SL,Slider,Breaking,337,0.26704545454545453,0.4148936170212766,0.2437151063829787
514888,ST,Sweeper,Breaking,263,0.32061068702290074,0.3,0.19572298507462688
514888,CH,Changeup,Offspeed,186,0.21428571428571427,0.41025641025641024,0.2375039024390244
514888,FC,Cutter,Fastball,165,0.15,0.4318181818181818,0.34099744680851063
514888,CU,Curveball,Breaking,101,0.2127659574468085,0.4444444444444444,0.3038508421052632
514888,FS,Splitter,Offspeed,68,0.375,0.2857142857142857,0.23585714285714282
514888,KC,Knuckle-Curve,Breaking,41,0.17647058823529413,0.0,0.054833333333333324
516782,FF,4-Seam FB,Fastball,240,0.24615384615384617,0.26,0.26772396363636364
516782,CH,Changeup,Offspeed,109,0.35,0.4,0.2995357142857143
516782,SI,Sinker,Fastball,93,0.09302325581395349,0.6111111111111112,0.4773389473684211
516782,FC,Cutter,Fastball,66,0.27586206896551724,0.18181818181818182,0.34509999999999996
516782,SL,Slider,Breaking,55,0.3333333333333333,0.2631578947368421,0.18810526315789472
516782,ST,Sweeper,Breaking,54,0.35714285714285715,0.35714285714285715,0.2539166666666667
516782,CU,Curveball,Breaking,50,0.3448275862068966,0.2,0.2219050588235294
518595,FF,4-Seam FB,Fastball,121,0.23728813559322035,0.23333333333333334,0.2511503225806452
518595,SI,Sinker,Fastball,65,0.3,0.18181818181818182,0.353861
518595,CH,Changeup,Offspeed,47,0.46153846153846156,0.1875,0.1004375
518595,SL,Slider,Breaking,32,0.5333333333333333,0.5,0.5224439999999999
518595,FC,Cutter,Fastball,28,0.29411764705882354,0.14285714285714285,0.23927749999999998
518595,ST,Sweeper,Breaking,27,0.26666666666666666,0.5,0.14187
518692,FF,4-Seam FB,Fastball,847,0.21428571428571427,0.48484848484848486,0.3651257289719626
518692,SI,Sinker,Fastball,471,0.17695473251028807,0.39814814814814814,0.3571682857142857
518692,SL,Slider,Breaking,460,0.3316582914572864,0.2875,0.3619713953488372
518692,CH,Changeup,Offspeed,327,0.2152777777777778,0.27692307692307694,0.3475472463768116
518692,FC,Cutter,Fastball,242,0.232,0.7619047619047619,0.46426884615384617
518692,ST,Sweeper,Breaking,192,0.2777777777777778,0.3333333333333333,0.32174336170212764
518692,CU,Curveball,Breaking,165,0.19736842105263158,0.5405405405405406,0.4013492682926829
518692,FS,Splitter,Offspeed,83,0.11764705882352941,0.6470588235294118,0.2764
518692,KC,Knuckle-Curve,Breaking,43,0.2916666666666667,0.4166666666666667,0.3069442857142857
519317,FF,4-Seam FB,Fastball,141,0.32786885245901637,0.14285714285714285,0.20512285714285713
519317,SI,Sinker,Fastball,78,0.2571428571428571,0.9166666666666666,0.48209090909090907
519317,CH,Changeup,Offspeed,69,0.3548387096774194,0.38095238095238093,0.31924857142857144
519317,SL,Slider,Breaking,59,0.4666666666666667,0.9285714285714286,0.5309442857142858
519317,ST,Sweeper,Breaking,45,0.631578947368421,0.07692307692307693,0.08972727272727274
521692,FF,4-Seam FB,Fastball,633,0.2185792349726776,0.43661971830985913,0.3939767792207792
521692,ST,Sweeper,Breaking,369,0.3010752688172043,0.36585365853658536,0.28770695454545453
521692,SL,Slider,Breaking,355,0.34554973821989526,0.26666666666666666,0.23691991397849463
521692,SI,Sinker,Fastball,283,0.09937888198757763,0.6527777777777778,0.45249290000000003
521692,FC,Cutter,Fastball,253,0.2620689655172414,0.21153846153846154,0.3003775185185185
521692,CH,Changeup,Offspeed,199,0.22962962962962963,0.5303030303030303,0.2575877101449276
521692,CU,Curveball,Breaking,157,0.24390243902439024,0.28888888888888886,0.24682711111111108
521692,FS,Splitter,Offspeed,51,0.26666666666666666,0.15384615384615385,0.13692307692307695
521692,KC,Knuckle-Curve,Breaking,43,0.5925925925925926,0.4444444444444444,0.1083888888888889
542303,FF,4-Seam FB,Fastball,386,0.1746987951807229,0.391304347826087,0.4069330526315789
542303,SI,Sinker,Fastball,254,0.1553398058252427,0.3225806451612903,0.2818128888888889
542303,SL,Slider,Breaking,179,0.47560975609756095,0.3235294117647059,0.22601333333333334
542303,CH,Changeup,Offspeed,167,0.47297297297297297,0.16,0.24470999999999998
542303,ST,Sweeper,Breaking,115,0.34782608695652173,0.21052631578947367,0.26081263157894735
542303,FC,Cutter,Fastball,101,0.3958333333333333,0.4444444444444444,0.25464315789473685
542303,CU,Curveball,Breaking,54,0.28,0.125,0.174125
543309,FF,4-Seam FB,Fastball,211,0.1348314606741573,0.41304347826086957,0.3099595744680851
543309,SI,Sinker,Fastball,173,0.14102564102564102,0.6363636363636364,0.38722991836734694
543309,SL,Slider,Breaking,160,0.40789473684210525,0.19444444444444445,0.1912657894736842
543309,ST,Sweeper,Breaking,82,0.35294117647058826,0.05263157894736842,0.20606136842105263
543309,CH,Changeup,Offspeed,68,0.45161290322580644,0.7,0.3979738461538461
543309,CU,Curveball,Breaking,56,0.2222222222222222,0.0,0.2577775
543309,FC,Cutter,Fastball,40,0.2692307692307692,0.875,0.2917142857142857
543510,FF,4-Seam FB,Fastball,195,0.19047619047619047,0.425,0.3532409756097561
543510,SL,Slider,Breaking,105,0.3880597014925373,0.425,0.2715321052631579
543510,SI,Sinker,Fastball,98,0.13953488372093023,0.5454545454545454,0.386409090909091
543510,CH,Changeup,Offspeed,76,0.34782608695652173,0.3888888888888889,0.19656777777777779
543510,ST,Sweeper,Breaking,66,0.4473684210526316,0.8,0.33229757142857147
543510,FC,Cutter,Fastball,44,0.21739130434782608,0.5384615384615384,0.43941666666666673
543510,CU,Curveball,Breaking,31,0.4,0.3333333333333333,0.044000000000000004
543510,FS,Splitter,Offspeed,29,0.4444444444444444,0.125,0.04357142857142857
543760,FF,4-Seam FB,Fastball,513,0.19402985074626866,0.45901639344262296,0.34420962962962964
543760,SL,Slider,Breaking,399,0.36787564766839376,0.16129032258064516,0.19641714583333333
543760,SI,Sinker,Fastball,382,0.08542713567839195,0.4482758620689655,0.36473268799999997
543760,ST,Sweeper,Breaking,261,0.23728813559322035,0.15,0.2223453125
543760,FC,Cutter,Fastball,194,0.26373626373626374,0.4857142857142857,0.3084232432432433
543760,CH,Changeup,Offspeed,172,0.32098765432098764,0.4166666666666667,0.35702749999999994
543760,CU,Curveball,Breaking,125,0.3018867924528302,0.2608695652173913,0.22792583333333336
543760,FS,Splitter,Offspeed,55,0.13793103448275862,0.3076923076923077,0.25201466666666666
543807,FF,4-Seam FB,Fastball,578,0.20279720279720279,0.48695652173913045,0.3257617322834646
543807,SI,Sinker,Fastball,483,0.14285714285714285,0.3055555555555556,0.3101547899159664
543807,SL,Slider,Breaking,281,0.3284671532846715,0.4266666666666667,0.2545518717948718
543807,ST,Sweeper,Breaking,229,0.26956521739130435,0.4032258064516129,0.2449084
543807,CH,Changeup,Offspeed,191,0.32954545454545453,0.3488372093023256,0.30689459574468086
543807,FC,Cutter,Fastball,154,0.17333333333333334,0.6666666666666666,0.49642947368421053
543807,CU,Curveball,Breaking,103,0.2564102564102564,0.65,0.2706
543807,FS,Splitter,Offspeed,72,0.4,0.25,0.19136588235294116
543877,FF,4-Seam FB,Fastball,365,0.1958762886597938,0.37373737373737376,0.2620746153846154
543877,SI,Sinker,Fastball,229,0.053763440860215055,0.35294117647058826,0.2642981481481481
543877,SL,Slider,Breaking,138,0.30357142857142855,0.13636363636363635,0.14957478260869567
543877,ST,Sweeper,Breaking,118,0.3709677419354839,0.24242424242424243,0.1574838709677419
543877,FC,Cutter,Fastball,91,0.1590909090909091,0.5789473684210527,0.2866842105263158
543877,CH,Changeup,Offspeed,61,0.20689655172413793,0.16666666666666666,0.20441846153846152
543877,CU,Curveball,Breaking,44,0.2608695652173913,0.08333333333333333,0.1749442857142857
545121,FF,4-Seam FB,Fastball,580,0.1,0.3393939393939394,0.30726578160919543
545121,CH,Changeup,Offspeed,277,0.1875,0.2988505747126437,0.2849287640449438
545121,SL,Slider,Breaking,214,0.22429906542056074,0.43137254901960786,0.2296444
545121,SI,Sinker,Fastball,206,0.08421052631578947,0.5967741935483871,0.3586353125
545121,FC,Cutter,Fastball,149,0.0821917808219178,0.6129032258064516,0.3426076470588235
545121,ST,Sweeper,Breaking,125,0.22950819672131148,0.24,0.2734217037037037
545121,CU,Curveball,Breaking,124,0.23636363636363636,0.13636363636363635,0.21936842105263157
545121,FS,Splitter,Offspeed,56,0.22857142857142856,0.1875,0.1490625
545121,KC,Knuckle-Curve,Breaking,30,0.07692307692307693,1.3333333333333333,0.47759999999999997
545341,FF,4-Seam FB,Fastball,359,0.1641025641025641,0.5975609756097561,0.3694078481012658
545341,SI,Sinker,Fastball,173,0.09333333333333334,0.5333333333333333,0.319348
545341,SL,Slider,Breaking,159,0.3448275862068966,0.38095238095238093,0.21438752173913042
545341,CH,Changeup,Offspeed,149,0.34375,0.5306122448979592,0.32020454545454546
545341,FC,Cutter,Fastball,94,0.1875,0.25,0.33624879999999996
545341,ST,Sweeper,Breaking,73,0.35294117647058826,1.0952380952380953,0.5653281818181819
545341,CU,Curveball,Breaking,64,0.3333333333333333,0.36363636363636365,0.2149090909090909
545361,FF,4-Seam FB,Fastball,1258,0.19879518072289157,0.39631336405529954,0.40318315589353615
545361,SI,Sinker,Fastball,345,0.13513513513513514,0.43037974683544306,0.44762622680412373
545361,SL,Slider,Breaking,303,0.4645669291338583,0.24561403508771928,0.2841655384615384
545361,CH,Changeup,Offspeed,218,0.3333333333333333,0.56,0.33843725
545361,ST,Sweeper,Breaking,213,0.27941176470588236,0.6666666666666666,0.41281290909090906
545361,FC,Cutter,Fastball,203,0.2714285714285714,0.7368421052631579,0.48285720000000004
545361,CU,Curveball,Breaking,146,0.32558139534883723,0.3103448275862069,0.19598193548387097
545361,FS,Splitter,Offspeed,67,0.375,0.11764705882352941,0.24480222222222223
545361,KC,Knuckle-Curve,Breaking,29,0.4444444444444444,0.5,0.13633333333333333
547180,FF,4-Seam FB,Fastball,664,0.3169230769230769,0.6861313868613139,0.46776164705882345
547180,SI,Sinker,Fastball,455,0.1415525114155251,0.47191011235955055,0.35337104761904764
547180,SL,Slider,Breaking,445,0.45454545454545453,0.43529411764705883,0.3958696226415094
547180,CH,Changeup,Offspeed,282,0.27702702702702703,0.4166666666666667,0.3893845185185185
547180,ST,Sweeper,Breaking,240,0.3358208955223881,0.58,0.33609849056603774
547180,CU,Curveball,Breaking,238,0.3333333333333333,0.3541666666666667,0.2986211111111111
547180,FC,Cutter,Fastball,227,0.2828282828282828,0.37777777777777777,0.39078148148148145
547180,FS,Splitter,Offspeed,174,0.34831460674157305,0.2391304347826087,0.1963898039215686
547180,KC,Knuckle-Curve,Breaking,48,0.45,0.36363636363636365,0.3272646153846154
547180,SV,Slurve,Breaking,28,0.2,0.6666666666666666,0.3775
553869,FF,4-Seam FB,Fastball,350,0.24571428571428572,0.35714285714285715,0.225533
553869,SL,Slider,Breaking,144,0.4117647058823529,0.425,0.270175
553869,SI,Sinker,Fastball,134,0.15584415584415584,0.4666666666666667,0.27563706250000003
553869,ST,Sweeper,Breaking,93,0.41509433962264153,0.22727272727272727,0.1384090909090909
553869,CH,Changeup,Offspeed,74,0.28,0.4074074074074074,0.28544444444444445
553869,FC,Cutter,Fastball,64,0.29411764705882354,0.17647058823529413,0.30072200000000004
553869,CU,Curveball,Breaking,50,0.25,0.7692307692307693,0.4695871428571428
553993,FF,4-Seam FB,Fastball,622,0.3357664233576642,0.5833333333333334,0.36511275177304964
553993,SI,Sinker,Fastball,466,0.16299559471365638,0.32432432432432434,0.30695343103448275
553993,SL,Slider,Breaking,304,0.5211267605633803,0.3225806451612903,0.24079681159420288
553993,ST,Sweeper,Breaking,171,0.46835443037974683,0.37209302325581395,0.21731804166666668
553993,CH,Changeup,Offspeed,170,0.41025641025641024,0.15151515151515152,0.1744817837837838
553993,FC,Cutter,Fastball,134,0.21311475409836064,0.6785714285714286,0.3174335483870968
553993,CU,Curveball,Breaking,110,0.44680851063829785,0.6,0.44330307692307697
553993,FS,Splitter,Offspeed,61,0.4827586206896552,0.38461538461538464,0.2527590666666667
553993,KC,Knuckle-Curve,Breaking,25,0.3333333333333333,0.8,0.39303666666666665
571448,FF,4-Seam FB,Fastball,642,0.1526479750778816,0.6896551724137931,0.3551788846153846
571448,SI,Sinker,Fastball,454,0.14795918367346939,0.5306122448979592,0.3459137739130435
571448,SL,Slider,Breaking,410,0.3241758241758242,0.45454545454545453,0.25939936170212763
571448,ST,Sweeper,Breaking,292,0.29411764705882354,0.22972972972972974,0.23338738271604936
571448,CH,Changeup,Offspeed,221,0.2857142857142857,0.3888888888888889,0.26810044827586205
571448,FC,Cutter,Fastball,206,0.275,0.46875,0.3635551351351351
571448,CU,Curveball,Breaking,116,0.25925925925925924,0.2857142857142857,0.2317559285714286
571448,FS,Splitter,Offspeed,44,0.5,0.2857142857142857,0.17328133333333332
571448,KC,Knuckle-Curve,Breaking,41,0.3684210526315789,0.4444444444444444,0.1721111111111111
571657,FF,4-Seam FB,Fastball,32,0.42857142857142855,0.1,0.1968
571657,SI,Sinker,Fastball,31,0.18181818181818182,0.16666666666666666,0.303
571657,FC,Cutter,Fastball,25,0.7142857142857143,0.25,0.0
571771,FF,4-Seam FB,Fastball,112,0.15151515151515152,0.4666666666666667,0.28326375
571771,CH,Changeup,Offspeed,54,0.3448275862068966,0.09090909090909091,0.22468500000000002
571771,SL,Slider,Breaking,47,0.25,0.06666666666666667,0.17345125
571771,ST,Sweeper,Breaking,36,0.42105263157894735,0.3,0.1749
571771,CU,Curveball,Breaking,31,0.4,0.2857142857142857,0.13885714285714285
571771,SI,Sinker,Fastball,31,0.07142857142857142,0.45454545454545453,0.4589569230769231
571912,FF,4-Seam FB,Fastball,50,0.18518518518518517,0.06666666666666667,0.06513333333333333
571912,SI,Sinker,Fastball,37,0.1875,0.625,0.17262500000000003
571970,FF,4-Seam FB,Fastball,604,0.19298245614035087,0.6934306569343066,0.44325307096774186
571970,SL,Slider,Breaking,347,0.3391812865497076,0.5285714285714286,0.33189
571970,CH,Changeup,Offspeed,339,0.3785310734463277,0.3764705882352941,0.3024128260869565
571970,SI,Sinker,Fastball,327,0.15151515151515152,0.47058823529411764,0.3964235061728395
571970,CU,Curveball,Breaking,259,0.41975308641975306,0.35555555555555557,0.2434171489361702
571970,FC,Cutter,Fastball,172,0.18478260869565216,0.6578947368421053,0.458166487804878
571970,ST,Sweeper,Breaking,166,0.45454545454545453,0.14814814814814814,0.12688888888888888
571970,FS,Splitter,Offspeed,113,0.5,0.3125,0.20575
571970,KC,Knuckle-Curve,Breaking,45,0.38461538461538464,0.0,0.153444
572233,FF,4-Seam FB,Fastball,805,0.2772511848341232,0.3333333333333333,0.29297296296296294
572233,SI,Sinker,Fastball,421,0.12946428571428573,0.44,0.3653838550724638
572233,SL,Slider,Breaking,364,0.39790575916230364,0.6634615384615384,0.3115373076923077
572233,ST,Sweeper,Breaking,242,0.4144144144144144,0.3333333333333333,0.2032808846153846
572233,FC,Cutter,Fastball,236,0.23275862068965517,0.2826086956521739,0.2950716666666666
572233,CH,Changeup,Offspeed,200,0.3917525773195876,0.4,0.27976833333333334
572233,CU,Curveball,Breaking,195,0.35365853658536583,0.21875,0.26766976470588233
572233,FS,Splitter,Offspeed,56,0.2692307692307692,0.7142857142857143,0.42368133333333335
572233,KC,Knuckle-Curve,Breaking,48,0.30434782608695654,0.6666666666666666,0.19366666666666665
573262,FF,4-Seam FB,Fastball,685,0.23666666666666666,0.42105263157894735,0.30587328378378376
573262,SI,Sinker,Fastball,250,0.14285714285714285,0.4791666666666667,0.3425288771929825
573262,SL,Slider,Breaking,185,0.32894736842105265,0.3409090909090909,0.2433757446808511
573262,CH,Changeup,Offspeed,182,0.2159090909090909,0.3541666666666667,0.31497617021276597
573262,FC,Cutter,Fastball,159,0.3114754098360656,0.2903225806451613,0.336392972972973
573262,ST,Sweeper,Breaking,131,0.23333333333333334,0.21428571428571427,0.1635976551724138
573262,CU,Curveball,Breaking,102,0.21052631578947367,0.7272727272727273,0.4315511111111111
573262,FS,Splitter,Offspeed,63,0.2857142857142857,0.11764705882352941,0.19706249999999997
573262,KC,Knuckle-Curve,Breaking,40,0.23809523809523808,0.4,0.20860000000000004
575929,FF,4-Seam FB,Fastball,697,0.2774390243902439,0.42105263157894735,0.3812568333333334
575929,SI,Sinker,Fastball,360,0.10880829015544041,0.7204301075268817,0.4872721415929203
575929,SL,Slider,Breaking,315,0.4573170731707317,0.4461538461538462,0.3435271641791045
575929,CH,Changeup,Offspeed,251,0.3787878787878788,0.7213114754098361,0.3837543870967742
575929,ST,Sweeper,Breaking,162,0.38666666666666666,0.2727272727272727,0.21603079999999997
575929,FC,Cutter,Fastball,141,0.3333333333333333,0.3181818181818182,0.3141523571428571
575929,CU,Curveball,Breaking,128,0.3191489361702128,0.24,0.27644
575929,FS,Splitter,Offspeed,68,0.48717948717948717,0.3333333333333333,0.20081444444444446
575929,KC,Knuckle-Curve,Breaking,43,0.3888888888888889,1.1111111111111112,0.6480220000000001
592206,FF,4-Seam FB,Fastball,116,0.18571428571428572,0.19444444444444445,0.2616127272727273
592206,SI,Sinker,Fastball,101,0.25806451612903225,0.4166666666666667,0.37484521739130433
592206,SL,Slider,Breaking,86,0.49019607843137253,0.5714285714285714,0.2163
592206,ST,Sweeper,Breaking,76,0.3170731707317073,0.5,0.45394428571428574
592206,CH,Changeup,Offspeed,51,0.2962962962962963,0.08333333333333333,0.21500000000000002
592206,FC,Cutter,Fastball,36,0.391304347826087,0.625,0.40614285714285714
592206,FS,Splitter,Offspeed,28,0.6666666666666666,0.0,0.0906
592450,FF,4-Seam FB,Fastball,319,0.2740740740740741,0.49019607843137253,0.42483116129032256
592450,SL,Slider,Breaking,213,0.35,0.3,0.24826499999999996
592450,SI,Sinker,Fastball,196,0.13043478260869565,0.6944444444444444,0.5236044444444444
592450,CH,Changeup,Offspeed,175,0.38666666666666666,0.34285714285714286,0.3199385
592450,FC,Cutter,Fastball,115,0.43859649122807015,0.625,0.3028630769230769
592450,ST,Sweeper,Breaking,104,0.28205128205128205,0.4,0.389477037037037
592450,CU,Curveball,Breaking,75,0.48484848484848486,0.5882352941176471,0.3927466666666667
592450,FS,Splitter,Offspeed,46,0.6153846153846154,0.8333333333333334,0.4929166666666666
592518,FF,4-Seam FB,Fastball,805,0.25064599483204136,0.5919540229885057,0.3936890816326531
592518,SI,Sinker,Fastball,540,0.14859437751004015,0.36363636363636365,0.38556264705882354
592518,SL,Slider,Breaking,377,0.3,0.3875,0.26652000000000003
592518,ST,Sweeper,Breaking,327,0.34146341463414637,0.2361111111111111,0.21781885365853657
592518,CH,Changeup,Offspeed,267,0.28368794326241137,0.2777777777777778,0.2761707692307692
592518,FC,Cutter,Fastball,221,0.12371134020618557,0.5365853658536586,0.41040638297872345
592518,CU,Curveball,Breaking,131,0.2807017543859649,0.2916666666666667,0.2952432258064516
592518,FS,Splitter,Offspeed,57,0.36,0.08333333333333333,0.2581106666666667
592518,KC,Knuckle-Curve,Breaking,40,0.36363636363636365,0.16666666666666666,0.21150000000000002
592626,FF,4-Seam FB,Fastball,581,0.29259259259259257,0.5,0.3679002406015037
592626,CH,Changeup,Offspeed,274,0.30597014925373134,0.2876712328767123,0.2579421333333333
592626,SL,Slider,Breaking,195,0.4318181818181818,0.4444444444444444,0.29951276595744686
592626,SI,Sinker,Fastball,186,0.24691358024691357,0.5952380952380952,0.38040424
592626,FC,Cutter,Fastball,162,0.3023255813953488,0.9032258064516129,0.4922790555555555
592626,CU,Curveball,Breaking,141,0.25757575757575757,0.3235294117647059,0.2590129411764706
592626,ST,Sweeper,Breaking,121,0.42857142857142855,0.8823529411764706,0.4602318181818182
592626,FS,Splitter,Offspeed,65,0.25806451612903225,0.38461538461538464,0.35554125
592626,KC,Knuckle-Curve,Breaking,55,0.24242424242424243,0.36363636363636365,0.2543516666666667
592663,FF,4-Seam FB,Fastball,577,0.1941747572815534,0.3617021276595745,0.3310528987341772
592663,SI,Sinker,Fastball,361,0.1340782122905028,0.31521739130434784,0.3710105918367347
592663,SL,Slider,Breaking,293,0.31896551724137934,0.5344827586206896,0.32067106451612903
592663,CH,Changeup,Offspeed,175,0.3333333333333333,0.20512820512820512,0.2963246153846154
592663,ST,Sweeper,Breaking,172,0.2641509433962264,0.23333333333333334,0.21642
592663,FC,Cutter,Fastball,148,0.29850746268656714,0.2972972972972973,0.29914572093023256
592663,CU,Curveball,Breaking,95,0.35,0.22727272727272727,0.21289591304347824
592663,FS,Splitter,Offspeed,62,0.34285714285714286,0.25,0.21347430769230774
592663,KC,Knuckle-Curve,Breaking,26,0.5,0.0,0.45510999999999996
592885,FF,4-Seam FB,Fastball,655,0.2435064935064935,0.3821138211382114,0.3380158778625954
592885,SI,Sinker,Fastball,406,0.15976331360946747,0.2839506172839506,0.350387376344086
592885,SL,Slider,Breaking,344,0.48,0.23376623376623376,0.2103859
592885,FC,Cutter,Fastball,252,0.29770992366412213,0.4918032786885246,0.36416031746031746
592885,CH,Changeup,Offspeed,151,0.208955223880597,0.6111111111111112,0.28858102564102567
592885,ST,Sweeper,Breaking,146,0.358974358974359,0.36585365853658536,0.3119910454545454
592885,CU,Curveball,Breaking,120,0.4,0.30434782608695654,0.23742583333333334
592885,FS,Splitter,Offspeed,71,0.4827586206896552,0.6666666666666666,0.37482625
593428,SI,Sinker,Fastball,664,0.13309352517985612,0.30666666666666664,0.3231755657142857
593428,FF,4-Seam FB,Fastball,561,0.14559386973180077,0.5,0.394125375
593428,SL,Slider,Breaking,360,0.35,0.2037037037037037,0.27813225806451614
593428,ST,Sweeper,Breaking,242,0.24509803921568626,0.4642857142857143,0.3550368253968254
593428,CH,Changeup,Offspeed,240,0.36607142857142855,0.3125,0.24207176470588232
593428,FC,Cutter,Fastball,161,0.1724137931034483,0.43902439024390244,0.39146297872340424
593428,CU,Curveball,Breaking,159,0.3559322033898305,0.16129032258064516,0.1788921212121212
593428,FS,Splitter,Offspeed,61,0.5,0.15384615384615385,0.15423
593428,KC,Knuckle-Curve,Breaking,44,0.38095238095238093,0.2,0.25847454545454546
593871,FF,4-Seam FB,Fastball,206,0.16326530612244897,0.1590909090909091,0.2609739534883721
593871,CH,Changeup,Offspeed,109,0.30357142857142855,0.15625,0.17300758620689655
593871,SI,Sinker,Fastball,81,0.125,0.12,0.2313064
593871,SL,Slider,Breaking,65,0.2857142857142857,0.5,0.4084745454545455
593871,CU,Curveball,Breaking,48,0.5,0.125,0.01942857142857143
593871,FC,Cutter,Fastball,43,0.1111111111111111,0.16666666666666666,0.21966666666666668
593871,ST,Sweeper,Breaking,37,0.3076923076923077,1.0,0.3879
593871,FS,Splitter,Offspeed,36,0.4117647058823529,0.2,0.17200000000000001
595879,FF,4-Seam FB,Fastball,166,0.27058823529411763,0.6451612903225806,0.3871195625
595879,ST,Sweeper,Breaking,124,0.425,0.2571428571428571,0.20230303030303032
595879,SI,Sinker,Fastball,117,0.18181818181818182,0.25,0.22847399999999998
595879,SL,Slider,Breaking,112,0.30985915492957744,0.2857142857142857,0.23615965
595879,CH,Changeup,Offspeed,89,0.3275862068965517,0.4642857142857143,0.29152666666666666
595879,CU,Curveball,Breaking,50,0.4074074074074074,0.08333333333333333,0.2089090909090909
595879,FC,Cutter,Fastball,48,0.16666666666666666,0.5333333333333333,0.27792307692307694
595978,FF,4-Seam FB,Fastball,322,0.18620689655172415,0.36,0.2950566987951807
595978,SI,Sinker,Fastball,180,0.0958904109589041,0.3953488372093023,0.319267037037037
595978,SL,Slider,Breaking,146,0.3442622950819672,0.3939393939393939,0.2538364705882353
595978,FC,Cutter,Fastball,106,0.27450980392156865,0.5789473684210527,0.2958027272727273
595978,ST,Sweeper,Breaking,84,0.4,0.10526315789473684,0.12530000000000002
595978,CH,Changeup,Offspeed,72,0.3684210526315789,0.3333333333333333,0.29885368421052627
595978,CU,Curveball,Breaking,46,0.375,0.4444444444444444,0.2454688888888889
596019,FF,4-Seam FB,Fastball,703,0.2018348623853211,0.41025641025641024,0.3514159415204678
596019,CH,Changeup,Offspeed,286,0.25170068027210885,0.391304347826087,0.2899460606060606
596019,SI,Sinker,Fastball,252,0.15841584158415842,0.48214285714285715,0.4068993548387097
596019,SL,Slider,Breaking,208,0.33636363636363636,0.375,0.33580626923076917
596019,FC,Cutter,Fastball,189,0.27835051546391754,0.4166666666666667,0.3751069302325581
596019,CU,Curveball,Breaking,177,0.3220338983050847,0.68,0.21444
596019,ST,Sweeper,Breaking,110,0.3333333333333333,0.0,0.14802933333333332
596019,FS,Splitter,Offspeed,90,0.3409090909090909,0.30434782608695654,0.22217759999999998
596019,KC,Knuckle-Curve,Breaking,35,0.14285714285714285,0.42857142857142855,0.38185714285714284
596103,FF,4-Seam FB,Fastball,124,0.1875,0.3,0.2686948571428571
596103,CH,Changeup,Offspeed,62,0.5555555555555556,0.14285714285714285,0.211
596103,SI,Sinker,Fastball,47,0.21428571428571427,0.25,0.23791333333333334
596115,FF,4-Seam FB,Fastball,351,0.3072916666666667,0.3888888888888889,0.22589585915492955
596115,SI,Sinker,Fastball,181,0.17777777777777778,0.5365853658536586,0.39900232558139537
596115,SL,Slider,Breaking,131,0.3717948717948718,0.3953488372093023,0.2258513023255814
596115,ST,Sweeper,Breaking,119,0.373134328358209,0.2926829268292683,0.153925
596115,CH,Changeup,Offspeed,94,0.3888888888888889,0.2608695652173913,0.17061904761904761
596115,FC,Cutter,Fastball,81,0.2727272727272727,0.15789473684210525,0.244
596115,CU,Curveball,Breaking,72,0.34146341463414637,0.5,0.29972476190476194
596117,FF,4-Seam FB,Fastball,101,0.12727272727272726,0.0,0.2129676842105263
596117,SI,Sinker,Fastball,58,0.0,0.11764705882352941,0.24307625000000002
596117,CU,Curveball,Breaking,27,0.6153846153846154,0.0,0.10416657142857143
596117,SL,Slider,Breaking,26,0.3076923076923077,0.42857142857142855,0.36617428571428573
596142,FF,4-Seam FB,Fastball,306,0.24299065420560748,0.6,0.4360405974025974
596142,SL,Slider,Breaking,210,0.37037037037037035,0.2857142857142857,0.22926400000000002
596142,SI,Sinker,Fastball,187,0.09722222222222222,0.4772727272727273,0.36867744
596142,CH,Changeup,Offspeed,159,0.49230769230769234,0.2857142857142857,0.25276
596142,FC,Cutter,Fastball,94,0.07142857142857142,0.4090909090909091,0.2958264
596142,ST,Sweeper,Breaking,92,0.19047619047619047,0.38461538461538464,0.4244042857142856
596142,CU,Curveball,Breaking,76,0.37037037037037035,0.5714285714285714,0.32884
596142,FS,Splitter,Offspeed,38,0.29411764705882354,0.3,0.2246
596146,FF,4-Seam FB,Fastball,155,0.19718309859154928,0.39285714285714285,0.3883903030303031
596146,CH,Changeup,Offspeed,100,0.2711864406779661,0.23076923076923078,0.18723
596146,SI,Sinker,Fastball,93,0.1875,0.3333333333333333,0.3070888
596146,SL,Slider,Breaking,53,0.2727272727272727,0.2777777777777778,0.2622747368421053
596146,ST,Sweeper,Breaking,41,0.43478260869565216,0.36363636363636365,0.17968499999999998
596146,FC,Cutter,Fastball,35,0.16666666666666666,0.3333333333333333,0.31233333333333335
596146,FS,Splitter,Offspeed,29,0.4375,0.14285714285714285,0.1031525
600869,FF,4-Seam FB,Fastball,61,0.35294117647058826,0.09090909090909091,0.043000000000000003
600869,SL,Slider,Breaking,32,0.5,0.0,0.27946000000000004
602104,FF,4-Seam FB,Fastball,120,0.2033898305084746,0.24,0.2808479230769231
602104,SI,Sinker,Fastball,86,0.1951219512195122,0.3684210526315789,0.3001612380952381
602104,SL,Slider,Breaking,55,0.3076923076923077,0.5384615384615384,0.32687285714285713
602104,ST,Sweeper,Breaking,45,0.2631578947368421,0.3076923076923077,0.274662875
602104,CH,Changeup,Offspeed,40,0.375,0.18181818181818182,0.20254545454545453
602104,FC,Cutter,Fastball,27,0.3,0.0,0.191044
605137,FF,4-Seam FB,Fastball,807,0.2069767441860465,0.4838709677419355,0.37197355238095237
605137,CH,Changeup,Offspeed,487,0.22566371681415928,0.3113207547169811,0.29389571428571426
605137,SI,Sinker,Fastball,317,0.11428571428571428,0.4166666666666667,0.32996204545454544
605137,CU,Curveball,Breaking,234,0.3655913978494624,0.4146341463414634,0.331572625
605137,SL,Slider,Breaking,225,0.24,0.4489795918367347,0.3625144528301886
605137,FC,Cutter,Fastball,187,0.15789473684210525,0.4666666666666667,0.4201572857142858
605137,ST,Sweeper,Breaking,146,0.34375,0.34375,0.21313555555555555
605137,FS,Splitter,Offspeed,133,0.38333333333333336,0.25925925925925924,0.2377935714285714
605137,KC,Knuckle-Curve,Breaking,38,0.4117647058823529,0.2222222222222222,0.314222
605141,FF,4-Seam FB,Fastball,651,0.05859375,0.5526315789473685,0.3588625301204819
605141,SI,Sinker,Fastball,366,0.045454545454545456,0.40594059405940597,0.414419875
605141,SL,Slider,Breaking,298,0.2857142857142857,0.34328358208955223,0.2549792602739726
605141,FC,Cutter,Fastball,204,0.12631578947368421,0.5263157894736842,0.2962922807017544
605141,CH,Changeup,Offspeed,197,0.19,0.2962962962962963,0.3098301818181818
605141,ST,Sweeper,Breaking,167,0.171875,0.5333333333333333,0.3867167741935484
605141,CU,Curveball,Breaking,120,0.08108108108108109,0.16666666666666666,0.20987809523809525
605141,FS,Splitter,Offspeed,42,0.3,0.6,0.28759999999999997
605141,KC,Knuckle-Curve,Breaking,31,0.18181818181818182,0.8571428571428571,0.4477142857142857
605170,FF,4-Seam FB,Fastball,494,0.13122171945701358,0.2900763358778626,0.2799331428571429
605170,SI,Sinker,Fastball,226,0.11458333333333333,0.19642857142857142,0.2910571475409836
605170,CH,Changeup,Offspeed,224,0.3894736842105263,0.21568627450980393,0.25397725925925924
605170,SL,Slider,Breaking,164,0.38666666666666666,0.47058823529411764,0.34476338461538464
605170,FC,Cutter,Fastball,138,0.09523809523809523,0.8846153846153846,0.5621445555555555
605170,CU,Curveball,Breaking,132,0.40540540540540543,0.17647058823529413,0.25574314285714284
605170,ST,Sweeper,Breaking,73,0.32142857142857145,0.5,0.240607
605170,FS,Splitter,Offspeed,46,0.5454545454545454,0.16666666666666666,0.14947846153846153
605244,FF,4-Seam FB,Fastball,30,0.3333333333333333,0.3333333333333333,0.0032500000000000003
606115,FF,4-Seam FB,Fastball,61,0.2,0.5714285714285714,0.3501016666666667
606115,SL,Slider,Breaking,40,0.2,0.2727272727272727,0.19414285714285714
606115,SI,Sinker,Fastball,35,0.13333333333333333,0.4166666666666667,0.31625
606115,ST,Sweeper,Breaking,29,0.08333333333333333,0.2,0.0986
606192,FF,4-Seam FB,Fastball,579,0.2866666666666667,0.4846153846153846,0.3704670921985816
606192,SI,Sinker,Fastball,392,0.15432098765432098,0.5119047619047619,0.37099111111111116
606192,SL,Slider,Breaking,263,0.4140625,0.4925373134328358,0.30139751428571426
606192,CH,Changeup,Offspeed,238,0.3821138211382114,0.4642857142857143,0.37734813559322034
606192,FC,Cutter,Fastball,211,0.375,0.5581395348837209,0.34145761904761907
606192,ST,Sweeper,Breaking,180,0.45569620253164556,0.2608695652173913,0.17768906382978722
606192,CU,Curveball,Breaking,99,0.3888888888888889,0.35714285714285715,0.258586625
606192,FS,Splitter,Offspeed,66,0.4857142857142857,0.16666666666666666,0.2596479047619048
606466,FF,4-Seam FB,Fastball,674,0.1148036253776435,0.45108695652173914,0.3671260995024876
606466,CH,Changeup,Offspeed,457,0.2764976958525346,0.28440366972477066,0.29922017543859647
606466,SL,Slider,Breaking,235,0.2109375,0.421875,0.3399162089552239
606466,SI,Sinker,Fastball,233,0.05309734513274336,0.7121212121212122,0.48001859154929577
606466,FC,Cutter,Fastball,177,0.13924050632911392,0.2727272727272727,0.28527294444444445
606466,ST,Sweeper,Breaking,164,0.3170731707317073,0.5151515151515151,0.3064413333333333
606466,CU,Curveball,Breaking,161,0.25757575757575757,0.6363636363636364,0.4515995882352941
606466,FS,Splitter,Offspeed,143,0.3835616438356164,0.25,0.21953055555555556
606466,KC,Knuckle-Curve,Breaking,47,0.19047619047619047,0.14285714285714285,0.24334000000000003
606992,FF,4-Seam FB,Fastball,92,0.28888888888888886,0.47619047619047616,0.3717325384615385
606992,SI,Sinker,Fastball,67,0.16129032258064516,0.6153846153846154,0.3434166666666667
606992,SL,Slider,Breaking,62,0.53125,0.13333333333333333,0.12121428571428572
606992,ST,Sweeper,Breaking,29,0.5833333333333334,0.0,0.24787499999999998
606992,CH,Changeup,Offspeed,28,0.375,0.0,0.17145999999999997
607043,FF,4-Seam FB,Fastball,927,0.21861471861471862,0.41414141414141414,0.3213947889908257
607043,SI,Sinker,Fastball,430,0.14953271028037382,0.2872340425531915,0.3405445825242719
607043,SL,Slider,Breaking,344,0.3149171270718232,0.4691358024691358,0.3634108888888889
607043,CH,Changeup,Offspeed,270,0.2937062937062937,0.3717948717948718,0.3198787012987013
607043,FC,Cutter,Fastball,228,0.2571428571428571,0.48148148148148145,0.36563535593220337
607043,ST,Sweeper,Breaking,176,0.2903225806451613,0.43902439024390244,0.31212428571428574
607043,CU,Curveball,Breaking,144,0.21568627450980393,0.30434782608695654,0.3960091666666667
607043,KC,Knuckle-Curve,Breaking,57,0.23076923076923078,0.5,0.4158813333333333
607043,FS,Splitter,Offspeed,48,0.20689655172413793,0.55,0.33799999999999997
607208,FF,4-Seam FB,Fastball,741,0.22074468085106383,0.47878787878787876,0.3306725524861878
607208,SI,Sinker,Fastball,453,0.12345679012345678,0.4015748031496063,0.3564648888888889
607208,SL,Slider,Breaking,442,0.35023041474654376,0.3142857142857143,0.24194478181818183
607208,ST,Sweeper,Breaking,301,0.40559440559440557,0.23943661971830985,0.18962981081081082
607208,CH,Changeup,Offspeed,263,0.36231884057971014,0.2676056338028169,0.2783995
607208,FC,Cutter,Fastball,244,0.2966101694915254,0.3,0.29807999999999996
607208,CU,Curveball,Breaking,167,0.28735632183908044,0.3958333333333333,0.2648723404255319
607208,FS,Splitter,Offspeed,79,0.391304347826087,0.36363636363636365,0.20987913043478262
607208,KC,Knuckle-Curve,Breaking,49,0.4230769230769231,0.5454545454545454,0.3246016666666667
608070,FF,4-Seam FB,Fastball,607,0.13829787234042554,0.49193548387096775,0.36456992700729923
608070,CH,Changeup,Offspeed,377,0.19186046511627908,0.32653061224489793,0.2718304950495049
608070,SL,Slider,Breaking,329,0.20512820512820512,0.33766233766233766,0.2953873488372093
608070,SI,Sinker,Fastball,285,0.09615384615384616,0.32653061224489793,0.3434634615384615
608070,FC,Cutter,Fastball,264,0.16417910447761194,0.4482758620689655,0.3123950819672131
608070,CU,Curveball,Breaking,137,0.1875,0.47619047619047616,0.3545809285714286
608070,ST,Sweeper,Breaking,115,0.07142857142857142,0.28,0.32496
608070,FS,Splitter,Offspeed,94,0.13953488372093023,0.2916666666666667,0.3847281481481481
608070,KC,Knuckle-Curve,Breaking,43,0.05,0.1111111111111111,0.27828153846153847
608324,FF,4-Seam FB,Fastball,744,0.10644257703081232,0.4342857142857143,0.31289093333333334
608324,SI,Sinker,Fastball,585,0.045454545454545456,0.43537414965986393,0.35679919526627213
608324,SL,Slider,Breaking,470,0.2903225806451613,0.47126436781609193,0.30855644000000004
608324,ST,Sweeper,Breaking,269,0.2857142857142857,0.5849056603773585,0.30329053333333333
608324,CH,Changeup,Offspeed,234,0.21,0.48,0.35310310344827583
608324,FC,Cutter,Fastball,220,0.17346938775510204,0.5531914893617021,0.3680655555555556
608324,CU,Curveball,Breaking,197,0.24561403508771928,0.425,0.23387581395348836
608324,KC,Knuckle-Curve,Breaking,45,0.06666666666666667,0.625,0.244875
608324,FS,Splitter,Offspeed,30,0.09090909090909091,0.42857142857142855,0.2886525
608348,FF,4-Seam FB,Fastball,520,0.10833333333333334,0.35135135135135137,0.33202751612903225
608348,SI,Sinker,Fastball,329,0.08695652173913043,0.37362637362637363,0.31920527083333333
608348,SL,Slider,Breaking,293,0.3153846153846154,0.5074626865671642,0.33199165789473684
608348,ST,Sweeper,Breaking,157,0.25333333333333335,0.375,0.2583752682926829
608348,CH,Changeup,Offspeed,148,0.35,0.48484848484848486,0.2429541176470588
608348,FC,Cutter,Fastball,105,0.20930232558139536,0.5217391304347826,0.42455725925925925
608348,CU,Curveball,Breaking,84,0.20512820512820512,0.11764705882352941,0.18937500000000002
608369,FF,4-Seam FB,Fastball,440,0.3524590163934426,0.4423076923076923,0.34021137931034484
608369,SI,Sinker,Fastball,311,0.22727272727272727,0.425,0.3833178390804598
608369,SL,Slider,Breaking,260,0.4296875,0.4444444444444444,0.34787137931034473
608369,CH,Changeup,Offspeed,205,0.3333333333333333,0.5098039215686274,0.391503137254902
608369,ST,Sweeper,Breaking,136,0.3220338983050847,0.41379310344827586,0.2955608387096775
608369,FC,Cutter,Fastball,101,0.19298245614035087,0.5357142857142857,0.45997272727272726
608369,CU,Curveball,Breaking,92,0.3877551020408163,0.36363636363636365,0.21082818181818183
608369,FS,Splitter,Offspeed,68,0.4594594594594595,0.13333333333333333,0.33131144444444444
608369,KC,Knuckle-Curve,Breaking,38,0.4444444444444444,0.16666666666666666,0.13283333333333333
608701,FF,4-Seam FB,Fastball,189,0.26595744680851063,0.38636363636363635,0.2699678222222222
608701,SI,Sinker,Fastball,85,0.21052631578947367,0.1,0.35313874999999995
608701,CH,Changeup,Offspeed,78,0.3125,0.25,0.247965
608701,SL,Slider,Breaking,70,0.5333333333333333,0.06666666666666667,0.03542857142857143
608701,FC,Cutter,Fastball,56,0.2222222222222222,0.08333333333333333,0.30033333333333334
608701,CU,Curveball,Breaking,41,0.29411764705882354,0.2,0.13002
608701,ST,Sweeper,Breaking,38,0.18181818181818182,1.0,0.5243257499999999
608841,FF,4-Seam FB,Fastball,31,0.125,0.2727272727272727,0.3496988333333333
609280,FF,4-Seam FB,Fastball,204,0.11278195488721804,0.3770491803278688,0.30290396774193545
609280,SI,Sinker,Fastball,197,0.04672897196261682,0.47368421052631576,0.3655961785714285
609280,SL,Slider,Breaking,172,0.26595744680851063,0.12195121951219512,0.24675000000000002
609280,ST,Sweeper,Breaking,145,0.3103448275862069,0.5862068965517241,0.20589285714285713
609280,CH,Changeup,Offspeed,105,0.24615384615384617,0.35714285714285715,0.18082735714285714
609280,FC,Cutter,Fastball,76,0.3333333333333333,0.0625,0.3245366666666667
609280,CU,Curveball,Breaking,48,0.19047619047619047,0.9090909090909091,0.45326383333333337
609280,FS,Splitter,Offspeed,30,0.3333333333333333,0.8,0.3726666666666667
620443,FF,4-Seam FB,Fastball,303,0.1927710843373494,0.625,0.4104785079365079
620443,SI,Sinker,Fastball,280,0.09836065573770492,0.3387096774193548,0.2942088358208956
620443,SL,Slider,Breaking,154,0.37142857142857144,0.17142857142857143,0.19507043243243244
620443,ST,Sweeper,Breaking,131,0.3448275862068966,0.3225806451612903,0.15496666666666667
620443,CH,Changeup,Offspeed,84,0.19047619047619047,0.3793103448275862,0.24429357142857144
620443,FC,Cutter,Fastball,73,0.12121212121212122,0.5625,0.44731444444444435
620443,CU,Curveball,Breaking,58,0.4,0.5,0.23811111111111108
620443,FS,Splitter,Offspeed,25,0.0,0.125,0.23377777777777778
621020,FF,4-Seam FB,Fastball,446,0.2697095435684647,0.4566929133858268,0.34209677551020407
621020,SL,Slider,Breaking,384,0.3695652173913043,0.25,0.24532388888888887
621020,SI,Sinker,Fastball,357,0.1896551724137931,0.4588235294117647,0.35488314285714284
621020,ST,Sweeper,Breaking,233,0.23255813953488372,0.5238095238095238,0.2991270833333333
621020,CH,Changeup,Offspeed,209,0.42592592592592593,0.3076923076923077,0.24957294117647058
621020,FC,Cutter,Fastball,132,0.3442622950819672,0.4838709677419355,0.35663272727272727
621020,CU,Curveball,Breaking,122,0.46153846153846156,0.04,0.09815999999999998
621020,KC,Knuckle-Curve,Breaking,42,0.3333333333333333,0.14285714285714285,0.22233333333333336
621020,FS,Splitter,Offspeed,32,0.2857142857142857,0.0,0.2823171428571428
621043,FF,4-Seam FB,Fastball,158,0.17391304347826086,0.4,0.31486628571428565
621043,SI,Sinker,Fastball,143,0.05,0.43243243243243246,0.42922195121951223
621043,SL,Slider,Breaking,90,0.3125,0.35294117647058826,0.29686526315789474
621043,ST,Sweeper,Breaking,63,0.3235294117647059,0.625,0.32062499999999994
621043,CH,Changeup,Offspeed,53,0.32,0.2857142857142857,0.2966525
621043,FC,Cutter,Fastball,49,0.36363636363636365,0.2857142857142857,0.41049142857142856
621043,CU,Curveball,Breaking,39,0.2857142857142857,0.5,0.53858
621438,FF,4-Seam FB,Fastball,271,0.1865671641791045,0.5084745762711864,0.29770612698412696
621438,SI,Sinker,Fastball,162,0.10126582278481013,0.5294117647058824,0.35720536842105266
621438,SL,Slider,Breaking,135,0.2328767123287671,0.5151515151515151,0.24453124999999998
621438,CH,Changeup,Offspeed,105,0.29850746268656714,0.42424242424242425,0.3224476470588235
621438,ST,Sweeper,Breaking,79,0.14814814814814814,0.3888888888888889,0.30706666666666665
621438,FC,Cutter,Fastball,76,0.3225806451612903,0.42857142857142855,0.2382142857142857
621438,CU,Curveball,Breaking,66,0.3,0.2857142857142857,0.20507692307692307
621439,FF,4-Seam FB,Fastball,380,0.30097087378640774,0.6057692307692307,0.3958210181818182
621439,SI,Sinker,Fastball,292,0.19230769230769232,0.5789473684210527,0.382125575
621439,SL,Slider,Breaking,231,0.3333333333333333,0.6458333333333334,0.38759065454545444
621439,CH,Changeup,Offspeed,214,0.37383177570093457,0.2978723404255319,0.3115778076923077
621439,ST,Sweeper,Breaking,142,0.4675324675324675,0.24324324324324326,0.1634728205128205
621439,FC,Cutter,Fastball,107,0.3225806451612903,0.7741935483870968,0.3811894117647059
621439,CU,Curveball,Breaking,93,0.19444444444444445,0.6,0.28490000000000004
621439,FS,Splitter,Offspeed,52,0.375,0.0,0.19104288888888887
621493,FF,4-Seam FB,Fastball,742,0.20701754385964913,0.391304347826087,0.3928820229885057
621493,SI,Sinker,Fastball,550,0.0847457627118644,0.3816793893129771,0.37248837974683546
621493,SL,Slider,Breaking,364,0.2457627118644068,0.203125,0.24724630136986303
621493,ST,Sweeper,Breaking,268,0.23076923076923078,0.1590909090909091,0.27616629090909084
621493,FC,Cutter,Fastball,230,0.20512820512820512,0.3076923076923077,0.3227987234042553
621493,CH,Changeup,Offspeed,194,0.15384615384615385,0.24444444444444444,0.25005659574468087
621493,CU,Curveball,Breaking,118,0.3684210526315789,0.11538461538461539,0.26147875
621493,FS,Splitter,Offspeed,43,0.2857142857142857,0.5,0.3818022222222222
621493,KC,Knuckle-Curve,Breaking,32,0.4444444444444444,0.0,0.147
621550,FF,4-Seam FB,Fastball,82,0.3673469387755102,0.0,0.13847199999999998
621550,SI,Sinker,Fastball,25,0.13333333333333333,0.2222222222222222,0.4495714285714286
621566,FF,4-Seam FB,Fastball,942,0.25267665952890794,0.4876847290640394,0.35457401793721977
621566,SI,Sinker,Fastball,455,0.1712962962962963,0.5185185185185185,0.3905921803278689
621566,SL,Slider,Breaking,381,0.3532934131736527,0.6071428571428571,0.3375409523809524
621566,CH,Changeup,Offspeed,334,0.2463768115942029,0.6031746031746031,0.37401999999999996
621566,FC,Cutter,Fastball,314,0.2214765100671141,0.5833333333333334,0.39686920634920636
621566,ST,Sweeper,Breaking,288,0.3,0.4,0.2954507246376812
621566,CU,Curveball,Breaking,184,0.24705882352941178,0.2,0.15853659574468085
621566,FS,Splitter,Offspeed,90,0.38636363636363635,0.375,0.30645666666666666
621566,KC,Knuckle-Curve,Breaking,50,0.37037037037037035,0.8,0.4699290909090909
622268,FF,4-Seam FB,Fastball,241,0.15328467153284672,0.543859649122807,0.3556621791044776
622268,CH,Changeup,Offspeed,173,0.4146341463414634,0.22857142857142856,0.2876241176470588
622268,SI,Sinker,Fastball,166,0.1111111111111111,0.5531914893617021,0.3897814814814815
622268,SL,Slider,Breaking,131,0.3787878787878788,0.0,0.14497846153846153
622268,ST,Sweeper,Breaking,107,0.3877551020408163,0.7777777777777778,0.2447992222222222
622268,FC,Cutter,Fastball,88,0.2,0.5909090909090909,0.39660661538461545
622268,CU,Curveball,Breaking,72,0.36363636363636365,0.21428571428571427,0.24097682352941174
622268,FS,Splitter,Offspeed,58,0.41935483870967744,0.23076923076923078,0.23584615384615384
622761,FF,4-Seam FB,Fastball,256,0.21768707482993196,0.32142857142857145,0.31061833333333333
622761,SI,Sinker,Fastball,145,0.09230769230769231,0.5833333333333334,0.3446557222222222
622761,CH,Changeup,Offspeed,121,0.45714285714285713,0.13793103448275862,0.17103703703703704
622761,SL,Slider,Breaking,115,0.4520547945205479,0.2777777777777778,0.2252281081081081
622761,ST,Sweeper,Breaking,95,0.375,0.3157894736842105,0.15047058823529413
622761,FC,Cutter,Fastball,79,0.358974358974359,0.0625,0.4344025
622761,CU,Curveball,Breaking,48,0.3225806451612903,0.29411764705882354,0.2105
623168,FF,4-Seam FB,Fastball,225,0.14516129032258066,0.32653061224489793,0.2748440392156863
623168,CH,Changeup,Offspeed,100,0.18461538461538463,0.2,0.19444117647058826
623168,SI,Sinker,Fastball,87,0.13043478260869565,0.3181818181818182,0.2630454545454545
623168,SL,Slider,Breaking,72,0.2564102564102564,0.06666666666666667,0.1495
623168,CU,Curveball,Breaking,59,0.2413793103448276,0.13333333333333333,0.20487773333333334
623168,FS,Splitter,Offspeed,57,0.38235294117647056,0.09090909090909091,0.20505299999999996
623168,ST,Sweeper,Breaking,57,0.29411764705882354,0.23076923076923078,0.21807692307692308
623168,FC,Cutter,Fastball,39,0.058823529411764705,0.6,0.481194
624413,FF,4-Seam FB,Fastball,813,0.25,0.625,0.47842737297297294
624413,SI,Sinker,Fastball,610,0.15355805243445692,0.49606299212598426,0.4179320952380952
624413,SL,Slider,Breaking,436,0.36363636363636365,0.5421686746987951,0.38746618367346947
624413,ST,Sweeper,Breaking,306,0.35514018691588783,0.4444444444444444,0.3625712903225806
624413,CH,Changeup,Offspeed,254,0.28346456692913385,0.5873015873015873,0.37560685294117646
624413,FC,Cutter,Fastball,219,0.25510204081632654,0.42,0.40370862962962967
624413,CU,Curveball,Breaking,211,0.3150684931506849,0.3333333333333333,0.26534521568627456
624413,FS,Splitter,Offspeed,56,0.5217391304347826,0.2,0.20037872727272726
624413,KC,Knuckle-Curve,Breaking,46,0.38461538461538464,0.2857142857142857,0.22216666666666665
624424,FF,4-Seam FB,Fastball,450,0.20465116279069767,0.4891304347826087,0.32778500000000005
624424,CH,Changeup,Offspeed,213,0.3669724770642202,0.32,0.28438875
624424,SI,Sinker,Fastball,129,0.14084507042253522,0.7317073170731707,0.46326536585365846
624424,CU,Curveball,Breaking,117,0.47058823529411764,0.16666666666666666,0.257646
624424,SL,Slider,Breaking,116,0.2765957446808511,0.76,0.40652357142857143
624424,ST,Sweeper,Breaking,105,0.2972972972972973,0.2857142857142857,0.236989125
624424,FC,Cutter,Fastball,86,0.1111111111111111,0.5789473684210527,0.39235171428571425
624424,FS,Splitter,Offspeed,54,0.5,0.13333333333333333,0.20978571428571427
624424,KC,Knuckle-Curve,Breaking,36,0.46153846153846156,0.5,0.16242199999999998
624428,FF,4-Seam FB,Fastball,236,0.2066115702479339,0.4888888888888889,0.30919223255813955
624428,SI,Sinker,Fastball,102,0.20754716981132076,0.37037037037037035,0.27883714285714284
624428,SL,Slider,Breaking,85,0.3488372093023256,0.19230769230769232,0.2410095652173913
624428,CH,Changeup,Offspeed,66,0.2857142857142857,0.21428571428571427,0.1535
624428,FC,Cutter,Fastball,48,0.1724137931034483,0.6666666666666666,0.33866666666666667
624428,FS,Splitter,Offspeed,31,0.4666666666666667,0.16666666666666666,0.1721742857142857
624428,ST,Sweeper,Breaking,31,0.5,0.125,0.29614799999999997
624428,CU,Curveball,Breaking,30,0.38461538461538464,0.0,0.1706
624431,FF,4-Seam FB,Fastball,161,0.2345679012345679,0.5405405405405406,0.2485947058823529
624431,SI,Sinker,Fastball,137,0.05263157894736842,0.3142857142857143,0.19059375
624431,SL,Slider,Breaking,98,0.30612244897959184,0.23333333333333334,0.2372222222222222
624431,CH,Changeup,Offspeed,62,0.21875,0.125,0.21421428571428572
624431,ST,Sweeper,Breaking,56,0.23333333333333334,0.3,0.2248421052631579
624431,CU,Curveball,Breaking,31,0.17647058823529413,0.1,0.1522222222222222
624431,FC,Cutter,Fastball,31,0.17647058823529413,1.0,0.3381818181818182
624512,FF,4-Seam FB,Fastball,55,0.3,0.2222222222222222,0.29177074999999997
624512,CH,Changeup,Offspeed,30,0.17647058823529413,0.25,0.066
624585,FF,4-Seam FB,Fastball,368,0.35602094240837695,0.5465116279069767,0.30173970212765955
624585,SI,Sinker,Fastball,275,0.17073170731707318,0.423728813559322,0.3657096712328767
624585,SL,Slider,Breaking,269,0.4878048780487805,0.35,0.2500661492537314
624585,ST,Sweeper,Breaking,166,0.49230769230769234,0.35714285714285715,0.275446
624585,CH,Changeup,Offspeed,146,0.4305555555555556,0.2777777777777778,0.21068756756756757
624585,FC,Cutter,Fastball,134,0.30303030303030304,0.2916666666666667,0.3744484615384615
624585,CU,Curveball,Breaking,77,0.4,0.3684210526315789,0.29277777777777775
624585,FS,Splitter,Offspeed,42,0.56,0.0,0.09040000000000001
624585,KC,Knuckle-Curve,Breaking,34,0.4666666666666667,0.125,0.16128571428571428
624641,FF,4-Seam FB,Fastball,275,0.18902439024390244,0.59375,0.4208007076923077
624641,SI,Sinker,Fastball,160,0.16483516483516483,0.1951219512195122,0.2529850243902439
624641,SL,Slider,Breaking,159,0.43137254901960786,0.35714285714285715,0.2787412105263158
624641,CH,Changeup,Offspeed,139,0.3673469387755102,0.5714285714285714,0.28205162790697674
624641,ST,Sweeper,Breaking,90,0.21428571428571427,0.44,0.35500814814814813
624641,FC,Cutter,Fastball,67,0.2,0.2222222222222222,0.30342152941176476
624641,CU,Curveball,Breaking,55,0.3793103448275862,0.25,0.30108969230769234
628451,SI,Sinker,Fastball,28,0.09090909090909091,0.2222222222222222,0.22303666666666666
628451,FF,4-Seam FB,Fastball,25,0.06666666666666667,0.16666666666666666,0.08833333333333333
630105,FF,4-Seam FB,Fastball,673,0.11960132890365449,0.45038167938931295,0.3626585100671141
630105,SI,Sinker,Fastball,294,0.15789473684210525,0.27419354838709675,0.2808440281690141
630105,CH,Changeup,Offspeed,212,0.4016393442622951,0.1111111111111111,0.14598555555555556
630105,SL,Slider,Breaking,187,0.23809523809523808,0.175,0.1957313809523809
630105,FC,Cutter,Fastball,144,0.13432835820895522,0.1875,0.28949647058823524
630105,CU,Curveball,Breaking,130,0.3064516129032258,0.41935483870967744,0.183674
630105,ST,Sweeper,Breaking,117,0.2857142857142857,0.4,0.24256985185185187
630105,FS,Splitter,Offspeed,68,0.21212121212121213,0.5,0.2529541176470588
640459,FF,4-Seam FB,Fastball,57,0.1891891891891892,0.35714285714285715,0.24621466666666667
640459,CH,Changeup,Offspeed,44,0.7619047619047619,0.4,0.073625
640459,SI,Sinker,Fastball,39,0.125,0.0,0.10771428571428572
640459,FC,Cutter,Fastball,27,0.2222222222222222,0.7142857142857143,0.3327457142857143
640492,FF,4-Seam FB,Fastball,36,0.2608695652173913,0.4,0.29564399999999996
640902,FF,4-Seam FB,Fastball,138,0.18421052631578946,0.3548387096774194,0.3434509090909091
640902,SL,Slider,Breaking,91,0.2926829268292683,0.15,0.2500580952380952
640902,SI,Sinker,Fastball,85,0.16216216216216217,0.3,0.1908536842105263
640902,FC,Cutter,Fastball,45,0.2916666666666667,1.0,0.4832775
640902,ST,Sweeper,Breaking,37,0.15384615384615385,0.75,0.8070771999999999
640902,CH,Changeup,Offspeed,35,0.3888888888888889,0.3333333333333333,0.43188857142857145
641343,FF,4-Seam FB,Fastball,714,0.20655737704918034,0.5763888888888888,0.42740727586206895
641343,SI,Sinker,Fastball,453,0.14516129032258066,0.5212765957446809,0.4019955636363636
641343,SL,Slider,Breaking,363,0.3835616438356164,0.4567901234567901,0.3264163043478261
641343,CH,Changeup,Offspeed,280,0.46153846153846156,0.6046511627906976,0.38250217391304353
641343,CU,Curveball,Breaking,187,0.4520547945205479,0.12121212121212122,0.22659590243902436
641343,ST,Sweeper,Breaking,173,0.35135135135135137,0.6216216216216216,0.3132164102564103
641343,FC,Cutter,Fastball,150,0.3148148148148148,0.45161290322580644,0.3549171428571429
641343,FS,Splitter,Offspeed,119,0.4186046511627907,0.36363636363636365,0.30866173913043476
641343,KC,Knuckle-Curve,Breaking,41,0.4090909090909091,0.8461538461538461,0.348863076923077
641355,FF,4-Seam FB,Fastball,688,0.1702127659574468,0.3719512195121951,0.3368873958333333
641355,SI,Sinker,Fastball,379,0.10975609756097561,0.43,0.36698238532110095
641355,SL,Slider,Breaking,259,0.23728813559322035,0.7358490566037735,0.42494774193548385
641355,CH,Changeup,Offspeed,255,0.19327731092436976,0.29310344827586204,0.25416372881355936
641355,FC,Cutter,Fastball,194,0.18269230769230768,0.5,0.36297511111111114
641355,ST,Sweeper,Breaking,151,0.2571428571428571,0.3,0.17596666666666666
641355,CU,Curveball,Breaking,142,0.3888888888888889,0.5,0.34056756756756756
641355,FS,Splitter,Offspeed,102,0.2807017543859649,0.3333333333333333,0.2588634285714286
641355,KC,Knuckle-Curve,Breaking,25,0.5555555555555556,0.0,0.3093333333333333
641487,FF,4-Seam FB,Fastball,739,0.17708333333333334,0.421875,0.38454447619047616
641487,SI,Sinker,Fastball,340,0.048,0.3333333333333333,0.34116808247422686
641487,SL,Slider,Breaking,251,0.24509803921568626,0.27586206896551724,0.21660098360655738
641487,FC,Cutter,Fastball,222,0.16279069767441862,0.043478260869565216,0.19129970833333335
641487,CH,Changeup,Offspeed,143,0.13725490196078433,0.6923076923076923,0.345221875
641487,ST,Sweeper,Breaking,133,0.22448979591836735,0.43333333333333335,0.29823116129032257
641487,CU,Curveball,Breaking,111,0.24324324324324326,0.5882352941176471,0.3242336842105263
641487,FS,Splitter,Offspeed,77,0.16666666666666666,0.38461538461538464,0.3920293333333333
641487,KC,Knuckle-Curve,Breaking,45,0.2857142857142857,0.0,0.1779290909090909
641555,FF,4-Seam FB,Fastball,115,0.0967741935483871,0.5294117647058824,0.33961437499999997
641555,FC,Cutter,Fastball,54,0.3333333333333333,0.16666666666666666,0.1937
641555,SI,Sinker,Fastball,51,0.08,0.5,0.31677749999999993
641555,CU,Curveball,Breaking,48,0.6153846153846154,0.0,0.03
641555,SL,Slider,Breaking,46,0.375,0.0,0.1679
641555,CH,Changeup,Offspeed,34,0.25,0.5714285714285714,0.26559999999999995
641555,ST,Sweeper,Breaking,29,0.45454545454545453,0.0,0.191
641584,FF,4-Seam FB,Fastball,150,0.20238095238095238,0.3157894736842105,0.20269828571428572
641584,SI,Sinker,Fastball,65,0.12903225806451613,0.55,0.21266666666666667
641584,CH,Changeup,Offspeed,56,0.23809523809523808,0.7,0.359722
641584,SL,Slider,Breaking,51,0.4782608695652174,0.2,0.20524399999999998
641584,FC,Cutter,Fastball,43,0.1111111111111111,0.2857142857142857,0.4320488888888889
641584,ST,Sweeper,Breaking,30,0.14285714285714285,0.0,0.69822
641584,CU,Curveball,Breaking,29,0.14285714285714285,0.6666666666666666,0.2955
641598,FF,4-Seam FB,Fastball,199,0.22549019607843138,0.39215686274509803,0.32951407407407407
641598,SL,Slider,Breaking,135,0.6415094339622641,0.22727272727272727,0.21663520000000003
641598,SI,Sinker,Fastball,134,0.17543859649122806,0.4444444444444444,0.41526838709677416
641598,ST,Sweeper,Breaking,60,0.4583333333333333,0.2727272727272727,0.23820333333333335
641598,CH,Changeup,Offspeed,59,0.4117647058823529,0.18181818181818182,0.27149123076923076
641598,FC,Cutter,Fastball,53,0.3333333333333333,0.2222222222222222,0.2930275
641598,CU,Curveball,Breaking,31,0.4,0.0,0.004
641680,FF,4-Seam FB,Fastball,556,0.19148936170212766,0.4166666666666667,0.32574604
641680,CH,Changeup,Offspeed,205,0.24509803921568626,0.3392857142857143,0.23335107142857142
641680,SI,Sinker,Fastball,200,0.1686746987951807,0.5,0.3555115789473684
641680,FC,Cutter,Fastball,148,0.25757575757575757,0.12,0.28659500000000004
641680,SL,Slider,Breaking,141,0.30952380952380953,0.2,0.1861295238095238
641680,ST,Sweeper,Breaking,97,0.14545454545454545,0.2,0.16935714285714284
641680,CU,Curveball,Breaking,88,0.2631578947368421,0.2857142857142857,0.23914285714285716
641680,FS,Splitter,Offspeed,42,0.20833333333333334,0.6842105263157895,0.3621666666666667
641820,FF,4-Seam FB,Fastball,35,0.2608695652173913,0.6,0.39740000000000003
641820,SL,Slider,Breaking,30,0.35294117647058826,0.25,0.171
641857,FF,4-Seam FB,Fastball,560,0.19540229885057472,0.5092592592592593,0.3523398275862069
641857,SL,Slider,Breaking,202,0.4020618556701031,0.17391304347826086,0.23226375
641857,SI,Sinker,Fastball,192,0.21518987341772153,0.34146341463414637,0.3670786666666667
641857,CH,Changeup,Offspeed,141,0.36,0.3333333333333333,0.21952540540540544
641857,CU,Curveball,Breaking,138,0.4,0.43333333333333335,0.2940752258064516
641857,FC,Cutter,Fastball,134,0.2537313432835821,0.42424242424242425,0.3404375757575757
641857,ST,Sweeper,Breaking,116,0.5333333333333333,0.0,0.1610157142857143
641857,FS,Splitter,Offspeed,68,0.3870967741935484,0.4117647058823529,0.32285777777777785
641857,KC,Knuckle-Curve,Breaking,33,0.5294117647058824,0.125,0.01757142857142857
641933,FF,4-Seam FB,Fastball,297,0.24324324324324326,0.4393939393939394,0.33730647887323945
641933,SI,Sinker,Fastball,214,0.1326530612244898,0.5957446808510638,0.4134928421052631
641933,SL,Slider,Breaking,169,0.45054945054945056,0.32558139534883723,0.24681999999999998
641933,CH,Changeup,Offspeed,134,0.3561643835616438,0.1282051282051282,0.20964149999999998
641933,ST,Sweeper,Breaking,117,0.4,0.23529411764705882,0.30844400000000005
641933,FC,Cutter,Fastball,93,0.4888888888888889,0.25,0.15288875
641933,CU,Curveball,Breaking,41,0.3333333333333333,0.8571428571428571,0.38485714285714284
642020,SI,Sinker,Fastball,28,0.2777777777777778,0.125,0.163375
642020,FF,4-Seam FB,Fastball,26,0.4166666666666667,0.0,0.1412
642086,FF,4-Seam FB,Fastball,353,0.13142857142857142,0.4157303370786517,0.37097617021276597
642086,SI,Sinker,Fastball,208,0.07692307692307693,0.22916666666666666,0.2133576
642086,CH,Changeup,Offspeed,135,0.34782608695652173,0.2222222222222222,0.18786342857142857
642086,SL,Slider,Breaking,129,0.3728813559322034,0.4117647058823529,0.4057095652173914
642086,FC,Cutter,Fastball,106,0.2549019607843137,0.5,0.30049714285714285
642086,ST,Sweeper,Breaking,99,0.19148936170212766,0.36,0.29884664
642086,CU,Curveball,Breaking,89,0.3137254901960784,0.5185185185185185,0.26057142857142856
642086,FS,Splitter,Offspeed,71,0.28125,0.5263157894736842,0.34406421052631575
642133,FF,4-Seam FB,Fastball,26,0.0,0.0,0.7154066666666666
642201,FF,4-Seam FB,Fastball,267,0.25874125874125875,0.41379310344827586,0.2458586440677966
642201,SI,Sinker,Fastball,138,0.14925373134328357,0.6052631578947368,0.33474914285714286
642201,SL,Slider,Breaking,118,0.23809523809523808,0.5185185185185185,0.27278137931034485
642201,CH,Changeup,Offspeed,104,0.38596491228070173,0.16666666666666666,0.2862561538461538
642201,ST,Sweeper,Breaking,67,0.34375,0.35294117647058826,0.24551222222222224
642201,FC,Cutter,Fastball,62,0.16216216216216217,0.6875,0.2933125
642201,CU,Curveball,Breaking,41,0.5714285714285714,0.0,0.176738
642215,FF,4-Seam FB,Fastball,199,0.24752475247524752,0.3673469387755102,0.3084461818181818
642215,SI,Sinker,Fastball,138,0.2923076923076923,0.3,0.28536758620689656
642215,CH,Changeup,Offspeed,130,0.42424242424242425,0.07407407407407407,0.16393153846153846
642215,SL,Slider,Breaking,110,0.43243243243243246,0.3125,0.28559222222222225
642215,ST,Sweeper,Breaking,98,0.3684210526315789,0.2222222222222222,0.17633300000000002
642215,FC,Cutter,Fastball,68,0.20454545454545456,0.3888888888888889,0.24245666666666668
642215,CU,Curveball,Breaking,54,0.38461538461538464,0.75,0.2964628888888889
642350,FF,4-Seam FB,Fastball,297,0.3333333333333333,0.543859649122807,0.4101753548387097
642350,SI,Sinker,Fastball,168,0.2,0.36585365853658536,0.24878585365853662
642350,SL,Slider,Breaking,150,0.5227272727272727,0.5,0.298944375
642350,CH,Changeup,Offspeed,127,0.4084507042253521,0.3939393939393939,0.26690909090909093
642350,CU,Curveball,Breaking,96,0.36538461538461536,0.2,0.235464064516129
642350,ST,Sweeper,Breaking,69,0.5227272727272727,0.05555555555555555,0.16858823529411762
642350,FC,Cutter,Fastball,64,0.375,0.8461538461538461,0.38866625
642708,FF,4-Seam FB,Fastball,257,0.2158273381294964,0.22033898305084745,0.23143569230769231
642708,SI,Sinker,Fastball,174,0.13043478260869565,0.32608695652173914,0.3400395238095238
642708,CH,Changeup,Offspeed,146,0.32222222222222224,0.5,0.2765714285714286
642708,SL,Slider,Breaking,132,0.3076923076923077,0.4375,0.33885515151515155
642708,ST,Sweeper,Breaking,72,0.4222222222222222,0.45,0.30467714285714287
642708,FC,Cutter,Fastball,64,0.21875,0.5625,0.4980231578947368
642708,CU,Curveball,Breaking,60,0.37142857142857144,0.6,0.2543125
642715,FF,4-Seam FB,Fastball,558,0.2636986301369863,0.549618320610687,0.32869770802919707
642715,SI,Sinker,Fastball,394,0.18229166666666666,0.4845360824742268,0.3487542857142857
642715,SL,Slider,Breaking,315,0.44516129032258067,0.2261904761904762,0.1934556818181818
642715,ST,Sweeper,Breaking,190,0.3372093023255814,0.4523809523809524,0.3388452173913043
642715,CH,Changeup,Offspeed,176,0.3780487804878049,0.23529411764705882,0.24254805263157897
642715,FC,Cutter,Fastball,171,0.19767441860465115,0.475,0.32208190476190474
642715,CU,Curveball,Breaking,111,0.39473684210526316,0.15,0.18195
642715,FS,Splitter,Offspeed,61,0.26666666666666666,0.4666666666666667,0.32270125
642715,KC,Knuckle-Curve,Breaking,39,0.4,0.75,0.33502750000000003
642851,FF,4-Seam FB,Fastball,86,0.16981132075471697,0.13636363636363635,0.3723915789473684
642851,SI,Sinker,Fastball,81,0.11904761904761904,0.44,0.34309384615384614
642851,ST,Sweeper,Breaking,66,0.36363636363636365,0.07142857142857142,0.08807692307692308
642851,CH,Changeup,Offspeed,41,0.34615384615384615,0.0,0.05149999999999999
642851,FC,Cutter,Fastball,39,0.21739130434782608,0.125,0.092
642851,SL,Slider,Breaking,38,0.4117647058823529,0.3333333333333333,0.3657457142857143
643217,FF,4-Seam FB,Fastball,481,0.26591760299625467,0.4661016949152542,0.3306603149606299
643217,SI,Sinker,Fastball,302,0.20270270270270271,0.3939393939393939,0.3446473684210526
643217,CH,Changeup,Offspeed,286,0.27972027972027974,0.2647058823529412,0.3048823188405797
643217,SL,Slider,Breaking,256,0.39568345323741005,0.3815789473684211,0.24118076923076925
643217,FC,Cutter,Fastball,158,0.30952380952380953,0.6129032258064516,0.34253942857142855
643217,ST,Sweeper,Breaking,114,0.23809523809523808,0.5416666666666666,0.3461464
643217,CU,Curveball,Breaking,103,0.3023255813953488,0.6470588235294118,0.368072875
643217,FS,Splitter,Offspeed,96,0.42857142857142855,0.16666666666666666,0.1572
643217,KC,Knuckle-Curve,Breaking,34,0.2631578947368421,0.3333333333333333,0.309822
643289,FF,4-Seam FB,Fastball,792,0.15130023640661938,0.2914285714285714,0.28305774193548383
643289,SI,Sinker,Fastball,441,0.12195121951219512,0.4358974358974359,0.3377435798319328
643289,ST,Sweeper,Breaking,278,0.18309859154929578,0.463768115942029,0.28745588235294117
643289,SL,Slider,Breaking,262,0.25547445255474455,0.4696969696969697,0.32592898550724636
643289,CH,Changeup,Offspeed,226,0.11678832116788321,0.3108108108108108,0.2661003333333334
643289,FC,Cutter,Fastball,180,0.10526315789473684,0.47058823529411764,0.3493472727272727
643289,CU,Curveball,Breaking,102,0.20454545454545456,0.6190476190476191,0.3607559130434783
643289,FS,Splitter,Offspeed,56,0.18421052631578946,0.391304347826087,0.30035
643289,KC,Knuckle-Curve,Breaking,32,0.26666666666666666,0.375,0.173
643376,FF,4-Seam FB,Fastball,295,0.2426470588235294,0.3,0.295196028169014
643376,SI,Sinker,Fastball,177,0.13095238095238096,0.45454545454545453,0.313730125
643376,SL,Slider,Breaking,131,0.35714285714285715,0.52,0.15547826086956523
643376,ST,Sweeper,Breaking,92,0.28205128205128205,0.28,0.22297430769230772
643376,FC,Cutter,Fastball,82,0.2631578947368421,0.42857142857142855,0.26778027272727273
643376,CH,Changeup,Offspeed,81,0.35135135135135137,0.55,0.3215275454545454
643376,CU,Curveball,Breaking,40,0.2727272727272727,0.0,0.0
643396,FF,4-Seam FB,Fastball,230,0.102803738317757,0.2549019607843137,0.27690943396226414
643396,SI,Sinker,Fastball,152,0.09523809523809523,0.1891891891891892,0.2822846153846154
643396,SL,Slider,Breaking,102,0.2777777777777778,0.5833333333333334,0.43683818181818185
643396,CH,Changeup,Offspeed,73,0.2631578947368421,0.21428571428571427,0.39255538461538464
643396,FC,Cutter,Fastball,56,0.13513513513513514,0.3333333333333333,0.2751428571428572
643396,CU,Curveball,Breaking,53,0.16666666666666666,0.14285714285714285,0.2316585714285714
643396,ST,Sweeper,Breaking,45,0.3684210526315789,0.25,0.18683333333333332
643446,FF,4-Seam FB,Fastball,576,0.1440922190201729,0.41216216216216217,0.3298430445859873
643446,SI,Sinker,Fastball,315,0.05583756345177665,0.3076923076923077,0.2842938181818182
643446,SL,Slider,Breaking,239,0.2158273381294964,0.11475409836065574,0.25448158208955224
643446,CH,Changeup,Offspeed,224,0.21212121212121213,0.42857142857142855,0.30117875
643446,FC,Cutter,Fastball,187,0.19469026548672566,0.5641025641025641,0.3265079512195122
643446,ST,Sweeper,Breaking,112,0.22413793103448276,0.48,0.31811538461538463
643446,FS,Splitter,Offspeed,89,0.18181818181818182,0.1935483870967742,0.16683870967741934
643446,CU,Curveball,Breaking,74,0.24324324324324326,0.5625,0.4064705882352941
644433,FF,4-Seam FB,Fastball,49,0.18518518518518517,0.4,0.2418
644433,SI,Sinker,Fastball,45,0.0,0.09090909090909091,0.1487
644433,SL,Slider,Breaking,39,0.4782608695652174,0.07692307692307693,0.15107692307692308
645277,FF,4-Seam FB,Fastball,784,0.19954648526077098,0.4519774011299435,0.3139411414141414
645277,CH,Changeup,Offspeed,430,0.18473895582329317,0.36507936507936506,0.24034682926829268
645277,SI,Sinker,Fastball,352,0.14358974358974358,0.45161290322580644,0.290029387755102
645277,CU,Curveball,Breaking,257,0.19852941176470587,0.3090909090909091,0.25394849230769234
645277,SL,Slider,Breaking,236,0.25517241379310346,0.43636363636363634,0.3089481379310345
645277,FC,Cutter,Fastball,229,0.24545454545454545,0.32432432432432434,0.3248577021276595
645277,ST,Sweeper,Breaking,196,0.2897196261682243,0.3170731707317073,0.26041404347826086
645277,FS,Splitter,Offspeed,149,0.325,0.30952380952380953,0.19326714285714286
645277,KC,Knuckle-Curve,Breaking,53,0.15151515151515152,0.23076923076923078,0.17707773333333335
645302,FF,4-Seam FB,Fastball,153,0.15476190476190477,0.5263157894736842,0.3648165405405406
645302,SI,Sinker,Fastball,106,0.08196721311475409,0.2903225806451613,0.28247953333333337
645302,SL,Slider,Breaking,88,0.2127659574468085,0.45454545454545453,0.26460090909090905
645302,ST,Sweeper,Breaking,64,0.375,0.1,0.2902466666666667
645302,CH,Changeup,Offspeed,53,0.48484848484848486,0.25,0.20325
645302,FC,Cutter,Fastball,46,0.12121212121212122,0.13333333333333333,0.20070125
645302,CU,Curveball,Breaking,35,0.42857142857142855,0.2222222222222222,0.16688888888888886
645305,FF,4-Seam FB,Fastball,115,0.1864406779661017,0.3870967741935484,0.2957760588235294
645305,SI,Sinker,Fastball,73,0.23076923076923078,0.35294117647058826,0.17454440000000002
645305,SL,Slider,Breaking,33,0.4166666666666667,0.08333333333333333,0.14509090909090913
645305,FC,Cutter,Fastball,30,0.16666666666666666,0.14285714285714285,0.25185714285714284
645305,CH,Changeup,Offspeed,29,0.1875,0.6666666666666666,0.40866666666666673
646240,FF,4-Seam FB,Fastball,999,0.3898678414096916,0.5303030303030303,0.33904732142857147
646240,SI,Sinker,Fastball,438,0.14423076923076922,0.47560975609756095,0.32107534831460677
646240,SL,Slider,Breaking,276,0.3288590604026846,0.47692307692307695,0.34098422535211265
646240,CH,Changeup,Offspeed,250,0.2,0.35384615384615387,0.3329680294117647
646240,FC,Cutter,Fastball,212,0.3,0.86,0.4258340350877193
646240,ST,Sweeper,Breaking,190,0.3368421052631579,0.3958333333333333,0.2572932
646240,CU,Curveball,Breaking,117,0.13043478260869565,0.6363636363636364,0.4090338461538462
646240,FS,Splitter,Offspeed,68,0.18181818181818182,0.7,0.42738363636363635
646240,KC,Knuckle-Curve,Breaking,33,0.16666666666666666,1.0,0.3368888888888889
647304,FF,4-Seam FB,Fastball,566,0.07028753993610223,0.41208791208791207,0.3426684845360825
647304,SI,Sinker,Fastball,388,0.10152284263959391,0.3565217391304348,0.31670831404958677
647304,SL,Slider,Breaking,314,0.2848101265822785,0.24675324675324675,0.24739797468354432
647304,CH,Changeup,Offspeed,227,0.21774193548387097,0.15942028985507245,0.31039376315789474
647304,FC,Cutter,Fastball,216,0.13636363636363635,0.4444444444444444,0.32754965517241386
647304,ST,Sweeper,Breaking,162,0.2727272727272727,0.55,0.352886
647304,CU,Curveball,Breaking,151,0.2948717948717949,0.3055555555555556,0.21582572972972972
647304,FS,Splitter,Offspeed,106,0.2033898305084746,0.32142857142857145,0.3023146666666667
647304,KC,Knuckle-Curve,Breaking,53,0.3076923076923077,0.14285714285714285,0.19683333333333333
649966,FF,4-Seam FB,Fastball,73,0.10526315789473684,0.15384615384615385,0.35162933333333335
649966,SL,Slider,Breaking,39,0.058823529411764705,0.7777777777777778,0.278522
649966,SI,Sinker,Fastball,35,0.15789473684210525,0.8461538461538461,0.3235871428571428
649966,ST,Sweeper,Breaking,34,0.0625,0.2,0.21103666666666668
649966,CH,Changeup,Offspeed,32,0.3125,0.5714285714285714,0.3639133333333333
650333,FF,4-Seam FB,Fastball,900,0.07947019867549669,0.4217391304347826,0.3027931369294606
650333,SI,Sinker,Fastball,520,0.032520325203252036,0.3953488372093023,0.3046444822695036
650333,SL,Slider,Breaking,313,0.09554140127388536,0.36486486486486486,0.3229539012345679
650333,FC,Cutter,Fastball,200,0.060240963855421686,0.35,0.36885319148936174
650333,CH,Changeup,Offspeed,192,0.05319148936170213,0.3333333333333333,0.24446772
650333,ST,Sweeper,Breaking,126,0.09523809523809523,0.7727272727272727,0.31709652173913044
650333,CU,Curveball,Breaking,99,0.04878048780487805,0.5769230769230769,0.31163777777777774
650333,FS,Splitter,Offspeed,78,0.11363636363636363,0.32,0.30146153846153845
650333,KC,Knuckle-Curve,Breaking,25,0.15384615384615385,1.0,0.377644
650391,FF,4-Seam FB,Fastball,39,0.13333333333333333,0.5,0.438805
650391,SL,Slider,Breaking,26,0.23529411764705882,0.5555555555555556,0.23360000000000003
650402,FF,4-Seam FB,Fastball,601,0.2363013698630137,0.3148148148148148,0.3448901654135338
650402,SI,Sinker,Fastball,296,0.11904761904761904,0.5692307692307692,0.37426186666666666
650402,SL,Slider,Breaking,234,0.29,0.32653061224489793,0.28000603773584903
650402,FC,Cutter,Fastball,182,0.345679012345679,0.3055555555555556,0.3056835897435897
650402,ST,Sweeper,Breaking,163,0.15517241379310345,0.5,0.31223024390243903
650402,CH,Changeup,Offspeed,155,0.2777777777777778,0.2903225806451613,0.26126375
650402,CU,Curveball,Breaking,112,0.3333333333333333,0.2,0.26416166666666663
650402,FS,Splitter,Offspeed,40,0.15384615384615385,0.5,0.4112775
650489,FF,4-Seam FB,Fastball,741,0.27989821882951654,0.5347222222222222,0.3656254024390244
650489,CH,Changeup,Offspeed,357,0.38071065989847713,0.3,0.20909933333333336
650489,SI,Sinker,Fastball,182,0.21875,0.30952380952380953,0.32617786363636364
650489,CU,Curveball,Breaking,168,0.2967032967032967,0.5348837209302325,0.34987331914893616
650489,SL,Slider,Breaking,161,0.35106382978723405,0.44,0.27007357692307693
650489,FC,Cutter,Fastball,136,0.18309859154929578,0.6571428571428571,0.4298125714285714
650489,ST,Sweeper,Breaking,78,0.3,0.11764705882352941,0.19402588235294113
650489,FS,Splitter,Offspeed,67,0.4864864864864865,0.06666666666666667,0.1303658823529412
650489,KC,Knuckle-Curve,Breaking,40,0.4090909090909091,0.2222222222222222,0.22491659999999997
650490,FF,4-Seam FB,Fastball,866,0.20930232558139536,0.37572254335260113,0.3032152192513369
650490,SI,Sinker,Fastball,590,0.0622568093385214,0.3916083916083916,0.3417981168831169
650490,SL,Slider,Breaking,320,0.136986301369863,0.6046511627906976,0.4658336808510638
650490,FC,Cutter,Fastball,252,0.14516129032258066,0.3442622950819672,0.29459242424242427
650490,CH,Changeup,Offspeed,201,0.14814814814814814,0.4745762711864407,0.3436101
650490,ST,Sweeper,Breaking,167,0.11392405063291139,0.8333333333333334,0.4395290476190476
650490,CU,Curveball,Breaking,124,0.13333333333333333,0.2702702702702703,0.3011403157894737
650490,FS,Splitter,Offspeed,70,0.12121212121212122,0.3684210526315789,0.3438652631578948
650490,KC,Knuckle-Curve,Breaking,46,0.16666666666666666,0.625,0.2819541176470588
650559,FF,4-Seam FB,Fastball,147,0.20270270270270271,0.4117647058823529,0.3337735714285714
650559,SL,Slider,Breaking,106,0.2826086956521739,0.2777777777777778,0.2669415238095238
650559,SI,Sinker,Fastball,58,0.15625,0.47058823529411764,0.3882404
650559,CH,Changeup,Offspeed,48,0.3,0.25,0.23529999999999998
650559,FC,Cutter,Fastball,36,0.2,0.14285714285714285,0.4034285714285714
650559,CU,Curveball,Breaking,26,0.09090909090909091,0.625,0.373
650859,FF,4-Seam FB,Fastball,457,0.13942307692307693,0.40816326530612246,0.32966954716981134
650859,FC,Cutter,Fastball,200,0.21495327102803738,0.1836734693877551,0.26470072727272725
650859,CH,Changeup,Offspeed,187,0.23300970873786409,0.29411764705882354,0.32054166666666667
650859,SL,Slider,Breaking,161,0.23595505617977527,0.34210526315789475,0.28057000000000004
650859,SI,Sinker,Fastball,157,0.208955223880597,0.3333333333333333,0.3546887142857143
650859,CU,Curveball,Breaking,114,0.19047619047619047,0.22727272727272727,0.2414973913043478
650859,ST,Sweeper,Breaking,80,0.13636363636363635,0.5909090909090909,0.31231578947368416
650859,FS,Splitter,Offspeed,33,0.25,0.1111111111111111,0.24446888888888887
650968,FF,4-Seam FB,Fastball,79,0.09433962264150944,0.3333333333333333,0.29461111111111116
650968,ST,Sweeper,Breaking,41,0.30434782608695654,0.45454545454545453,0.178
650968,SI,Sinker,Fastball,37,0.23809523809523808,0.125,0.24450000000000002
650968,FC,Cutter,Fastball,28,0.05555555555555555,0.4,0.40655555555555556
650968,SL,Slider,Breaking,27,0.3684210526315789,0.0,0.0456
655316,FF,4-Seam FB,Fastball,552,0.15602836879432624,0.38613861386138615,0.31452894827586203
655316,SL,Slider,Breaking,275,0.22137404580152673,0.3013698630136986,0.2559308108108108
655316,SI,Sinker,Fastball,217,0.10416666666666667,0.42,0.35117169811320753
655316,CH,Changeup,Offspeed,149,0.2894736842105263,0.4,0.37181759999999997
655316,ST,Sweeper,Breaking,132,0.2641509433962264,0.2413793103448276,0.11880769230769232
655316,FC,Cutter,Fastball,99,0.13333333333333333,0.44,0.31076
655316,CU,Curveball,Breaking,90,0.3125,0.1875,0.1653577777777778
656305,FF,4-Seam FB,Fastball,405,0.27319587628865977,0.26666666666666666,0.26926119101123597
656305,SI,Sinker,Fastball,349,0.16326530612244897,0.4457831325301205,0.2995497555555555
656305,SL,Slider,Breaking,203,0.2857142857142857,0.3488372093023256,0.2887618695652174
656305,ST,Sweeper,Breaking,137,0.17857142857142858,0.4827586206896552,0.2691406666666667
656305,FC,Cutter,Fastball,131,0.14754098360655737,0.2916666666666667,0.2627376
656305,CH,Changeup,Offspeed,110,0.23529411764705882,0.3870967741935484,0.34511714285714284
656305,CU,Curveball,Breaking,65,0.14285714285714285,1.0,0.4549230769230769
656305,FS,Splitter,Offspeed,26,0.5,0.0,0.10546
656413,FF,4-Seam FB,Fastball,53,0.4444444444444444,0.3125,0.343289
656413,SL,Slider,Breaking,28,0.4,0.14285714285714285,0.08366666666666667
656413,SI,Sinker,Fastball,27,0.6153846153846154,0.5,0.46547999999999995
656484,FF,4-Seam FB,Fastball,264,0.20945945945945946,0.3137254901960784,0.3256984615384615
656484,SL,Slider,Breaking,133,0.5,0.21621621621621623,0.2283091891891892
656484,CH,Changeup,Offspeed,120,0.39705882352941174,0.24242424242424243,0.20343090909090908
656484,CU,Curveball,Breaking,65,0.42857142857142855,0.6363636363636364,0.31029999999999996
656484,SI,Sinker,Fastball,64,0.08108108108108109,0.5,0.30379757142857144
656484,FC,Cutter,Fastball,61,0.2727272727272727,0.38461538461538464,0.3331111111111111
656484,ST,Sweeper,Breaking,44,0.5714285714285714,0.26666666666666666,0.1772
656484,FS,Splitter,Offspeed,34,0.6,0.3,0.22270000000000004
656537,FF,4-Seam FB,Fastball,279,0.3076923076923077,0.5967741935483871,0.3540872727272727
656537,SI,Sinker,Fastball,177,0.26506024096385544,0.22857142857142856,0.1992681714285714
656537,SL,Slider,Breaking,139,0.35294117647058826,0.3409090909090909,0.2775632558139535
656537,CH,Changeup,Offspeed,97,0.34,0.36,0.3273008333333333
656537,FC,Cutter,Fastball,74,0.3023255813953488,0.5,0.2864011111111111
656537,ST,Sweeper,Breaking,62,0.3,0.4166666666666667,0.25602
656537,CU,Curveball,Breaking,60,0.5625,0.46153846153846156,0.09891666666666667
656555,FF,4-Seam FB,Fastball,424,0.26291079812206575,0.43023255813953487,0.325875900990099
656555,SI,Sinker,Fastball,246,0.24074074074074073,0.3442622950819672,0.33407043478260867
656555,SL,Slider,Breaking,209,0.34285714285714286,0.53125,0.32734340540540535
656555,ST,Sweeper,Breaking,138,0.4074074074074074,0.41379310344827586,0.22440733333333332
656555,FC,Cutter,Fastball,135,0.3770491803278688,0.36,0.20329461538461538
656555,CH,Changeup,Offspeed,114,0.46511627906976744,0.32,0.22734068965517243
656555,CU,Curveball,Breaking,73,0.2777777777777778,0.5454545454545454,0.25824185714285713
656555,FS,Splitter,Offspeed,36,0.5882352941176471,0.42857142857142855,0.2619025
656577,FF,4-Seam FB,Fastball,106,0.2857142857142857,0.25,0.13259052631578946
656577,SI,Sinker,Fastball,46,0.16666666666666666,0.3125,0.24530388235294112
656577,SL,Slider,Breaking,45,0.4482758620689655,0.9166666666666666,0.4499000000000001
656577,CH,Changeup,Offspeed,30,0.3333333333333333,0.375,0.205625
656577,CU,Curveball,Breaking,26,0.2,0.4,0.252861
656582,FF,4-Seam FB,Fastball,77,0.23529411764705882,0.14285714285714285,0.2489490909090909
656582,SI,Sinker,Fastball,58,0.08,0.4,0.36974999999999997
656582,SL,Slider,Breaking,38,0.25,0.2222222222222222,0.3027457142857143
656582,CH,Changeup,Offspeed,36,0.375,0.375,0.23320333333333332
656582,ST,Sweeper,Breaking,30,0.2,0.0,0.34911
656716,FF,4-Seam FB,Fastball,605,0.11513157894736842,0.38596491228070173,0.27852204724409446
656716,SI,Sinker,Fastball,232,0.06086956521739131,0.21875,0.35223081159420283
656716,CH,Changeup,Offspeed,181,0.26595744680851063,0.17777777777777778,0.22230913043478265
656716,SL,Slider,Breaking,166,0.2682926829268293,0.2631578947368421,0.31895553846153846
656716,CU,Curveball,Breaking,156,0.2,0.2222222222222222,0.24200115000000003
656716,FC,Cutter,Fastball,150,0.15584415584415584,0.358974358974359,0.29469700000000004
656716,ST,Sweeper,Breaking,89,0.2903225806451613,0.4,0.419368
656716,FS,Splitter,Offspeed,72,0.325,0.08333333333333333,0.17920879999999997
656775,FF,4-Seam FB,Fastball,792,0.22084367245657568,0.3652694610778443,0.28758513829787236
656775,SI,Sinker,Fastball,302,0.13513513513513514,0.35526315789473684,0.2881796666666666
656775,SL,Slider,Breaking,224,0.2755905511811024,0.2982456140350877,0.1944066451612903
656775,CH,Changeup,Offspeed,175,0.22784810126582278,0.40476190476190477,0.3069853809523809
656775,FC,Cutter,Fastball,162,0.25,0.2903225806451613,0.2133902857142857
656775,ST,Sweeper,Breaking,133,0.18461538461538463,0.375,0.14513416666666668
656775,CU,Curveball,Breaking,129,0.33962264150943394,0.17857142857142858,0.24366086666666667
656775,FS,Splitter,Offspeed,60,0.17857142857142858,0.35714285714285715,0.22985714285714284
656775,KC,Knuckle-Curve,Breaking,42,0.1111111111111111,0.8333333333333334,0.3720314285714285
656811,FF,4-Seam FB,Fastball,532,0.16923076923076924,0.5367647058823529,0.3110892624113475
656811,SI,Sinker,Fastball,307,0.07633587786259542,0.3902439024390244,0.3945393793103449
656811,SL,Slider,Breaking,225,0.3220338983050847,0.4107142857142857,0.28523410000000005
656811,CH,Changeup,Offspeed,182,0.26506024096385544,0.3125,0.3442444864864865
656811,FC,Cutter,Fastball,171,0.1794871794871795,0.4166666666666667,0.2874645365853658
656811,CU,Curveball,Breaking,148,0.296875,0.42424242424242425,0.23544117647058826
656811,ST,Sweeper,Breaking,133,0.35714285714285715,0.2727272727272727,0.2691935151515152
656811,KC,Knuckle-Curve,Breaking,50,0.5,0.2,0.23670333333333335
656811,FS,Splitter,Offspeed,44,0.25,0.0,0.23145999999999997
656941,FF,4-Seam FB,Fastball,760,0.2770083102493075,0.5,0.35553412935323386
656941,SL,Slider,Breaking,544,0.3888888888888889,0.42857142857142855,0.33778165137614674
656941,SI,Sinker,Fastball,440,0.14516129032258066,0.7171717171717171,0.49998467826086956
656941,ST,Sweeper,Breaking,301,0.46511627906976744,0.24528301886792453,0.2583424307692308
656941,CH,Changeup,Offspeed,294,0.4369747899159664,0.5,0.3192166984126984
656941,FC,Cutter,Fastball,265,0.296,0.7619047619047619,0.4667468085106383
656941,CU,Curveball,Breaking,245,0.3958333333333333,0.36363636363636365,0.3355682352941176
656941,FS,Splitter,Offspeed,145,0.44776119402985076,0.42424242424242425,0.2485522222222222
656941,KC,Knuckle-Curve,Breaking,46,0.5,0.7777777777777778,0.394622
656941,SV,Slurve,Breaking,25,0.2,0.16666666666666666,0.26866666666666666
656976,FF,4-Seam FB,Fastball,160,0.08860759493670886,0.20454545454545456,0.2655931818181818
656976,CH,Changeup,Offspeed,75,0.375,0.4666666666666667,0.30745999999999996
656976,SL,Slider,Breaking,75,0.17391304347826086,0.0,0.09737499999999999
656976,SI,Sinker,Fastball,61,0.037037037037037035,0.47368421052631576,0.43512666666666666
656976,FC,Cutter,Fastball,54,0.20689655172413793,0.4375,0.2164
656976,ST,Sweeper,Breaking,46,0.4375,0.14285714285714285,0.18417999999999998
656976,CU,Curveball,Breaking,42,0.3157894736842105,0.2222222222222222,0.27449999999999997
657041,FF,4-Seam FB,Fastball,438,0.20207253886010362,0.3854166666666667,0.32708005263157897
657041,SI,Sinker,Fastball,302,0.08527131782945736,0.43902439024390244,0.3578903870967742
657041,SL,Slider,Breaking,238,0.40789473684210525,0.3333333333333333,0.2787182222222222
657041,FC,Cutter,Fastball,168,0.313953488372093,0.46875,0.316
657041,ST,Sweeper,Breaking,167,0.25862068965517243,0.24,0.19676571428571427
657041,CH,Changeup,Offspeed,132,0.3684210526315789,0.4375,0.3590847058823529
657041,CU,Curveball,Breaking,89,0.12903225806451613,0.05555555555555555,0.20442470588235295
657041,FS,Splitter,Offspeed,32,0.23529411764705882,0.0,0.1142775
657136,FF,4-Seam FB,Fastball,251,0.15748031496062992,0.38095238095238093,0.29338119402985074
657136,SI,Sinker,Fastball,217,0.09574468085106383,0.29310344827586204,0.3029251147540984
657136,SL,Slider,Breaking,155,0.34177215189873417,0.43333333333333335,0.31834212903225806
657136,ST,Sweeper,Breaking,98,0.45652173913043476,0.09523809523809523,0.23258424000000003
657136,FC,Cutter,Fastball,71,0.3142857142857143,0.5,0.32466666666666666
657136,CH,Changeup,Offspeed,63,0.4722222222222222,0.3888888888888889,0.13888235294117648
657136,CU,Curveball,Breaking,57,0.045454545454545456,0.18181818181818182,0.23517938461538462
657656,FF,4-Seam FB,Fastball,288,0.2642857142857143,0.40816326530612246,0.4364167118644068
657656,SI,Sinker,Fastball,180,0.17708333333333334,0.4,0.34312972
657656,SL,Slider,Breaking,123,0.3269230769230769,0.4090909090909091,0.289911
657656,ST,Sweeper,Breaking,92,0.4418604651162791,0.2222222222222222,0.13866666666666666
657656,CH,Changeup,Offspeed,85,0.37254901960784315,0.6521739130434783,0.29770521739130434
657656,FC,Cutter,Fastball,75,0.425,0.26666666666666666,0.189
657656,CU,Curveball,Breaking,37,0.5,0.25,0.1172857142857143
657656,FS,Splitter,Offspeed,31,0.4375,0.18181818181818182,0.171022
657757,FF,4-Seam FB,Fastball,587,0.14982578397212543,0.5862068965517241,0.39126781954887213
657757,CH,Changeup,Offspeed,279,0.22900763358778625,0.34285714285714286,0.24400450704225352
657757,SI,Sinker,Fastball,254,0.1111111111111111,0.3333333333333333,0.3212070793650794
657757,SL,Slider,Breaking,225,0.2962962962962963,0.4117647058823529,0.32285506666666663
657757,CU,Curveball,Breaking,160,0.20754716981132076,0.15625,0.23623999999999998
657757,FC,Cutter,Fastball,134,0.20833333333333334,0.6071428571428571,0.3607889655172413
657757,ST,Sweeper,Breaking,117,0.4594594594594595,0.2857142857142857,0.23666895652173914
657757,FS,Splitter,Offspeed,76,0.29411764705882354,0.15789473684210525,0.17706857142857144
657757,KC,Knuckle-Curve,Breaking,33,0.4444444444444444,1.5,0.585644
660162,FF,4-Seam FB,Fastball,217,0.18518518518518517,0.2777777777777778,0.294422
660162,CH,Changeup,Offspeed,89,0.38235294117647056,0.07142857142857142,0.196965
660162,SL,Slider,Breaking,83,0.5277777777777778,0.19047619047619047,0.13845366666666667
660162,SI,Sinker,Fastball,67,0.2,0.5,0.2807222222222222
660162,CU,Curveball,Breaking,47,0.3157894736842105,0.625,0.4059025
660162,ST,Sweeper,Breaking,46,0.35,0.0,0.010199999999999999
660162,FC,Cutter,Fastball,34,0.36363636363636365,0.16666666666666666,0.35048799999999997
660271,FF,4-Seam FB,Fastball,793,0.2804532577903683,0.42038216560509556,0.3702827932960894
660271,CH,Changeup,Offspeed,339,0.40131578947368424,0.5063291139240507,0.3892584047619047
660271,SI,Sinker,Fastball,302,0.2246376811594203,0.8028169014084507,0.5272472405063291
660271,SL,Slider,Breaking,294,0.4013605442176871,0.39705882352941174,0.33754528205128204
660271,FC,Cutter,Fastball,211,0.25,0.7272727272727273,0.5192252156862744
660271,CU,Curveball,Breaking,179,0.4105263157894737,0.23076923076923078,0.2714518181818182
660271,ST,Sweeper,Breaking,168,0.3333333333333333,0.625,0.36659280769230773
660271,FS,Splitter,Offspeed,88,0.3333333333333333,0.47368421052631576,0.259672
660271,KC,Knuckle-Curve,Breaking,46,0.2727272727272727,0.2727272727272727,0.5481876923076923
660644,FF,4-Seam FB,Fastball,37,0.25,0.25,0.196044
660670,FF,4-Seam FB,Fastball,687,0.30517711171662126,0.35172413793103446,0.3258595060240964
660670,SI,Sinker,Fastball,329,0.17989417989417988,0.6344086021505376,0.4601368155339806
660670,SL,Slider,Breaking,215,0.2826086956521739,0.39473684210526316,0.32537787234042553
660670,FC,Cutter,Fastball,205,0.3269230769230769,0.2,0.3348090476190476
660670,CH,Changeup,Offspeed,185,0.37349397590361444,0.40476190476190477,0.2998186956521739
660670,ST,Sweeper,Breaking,176,0.3389830508474576,0.4722222222222222,0.39085664999999997
660670,CU,Curveball,Breaking,89,0.2,0.7142857142857143,0.39442857142857146
660670,FS,Splitter,Offspeed,65,0.2777777777777778,0.45,0.4287000000000001
660688,FF,4-Seam FB,Fastball,341,0.08854166666666667,0.42718446601941745,0.3231200576923077
660688,CH,Changeup,Offspeed,191,0.22727272727272727,0.38461538461538464,0.2157221875
660688,SI,Sinker,Fastball,160,0.09333333333333334,0.3877551020408163,0.3408865384615385
660688,SL,Slider,Breaking,152,0.17582417582417584,0.41509433962264153,0.2679455
660688,FC,Cutter,Fastball,90,0.06818181818181818,0.8125,0.35802315789473677
660688,CU,Curveball,Breaking,88,0.125,0.17647058823529413,0.21441176470588233
660688,ST,Sweeper,Breaking,85,0.20512820512820512,0.5714285714285714,0.27064390909090913
660688,FS,Splitter,Offspeed,44,0.16,0.47058823529411764,0.25040111111111113
660710,FF,4-Seam FB,Fastball,101,0.16279069767441862,0.65,0.42660347826086953
660710,SI,Sinker,Fastball,73,0.10526315789473684,0.2857142857142857,0.21105882352941177
660710,SL,Slider,Breaking,73,0.2777777777777778,0.21052631578947367,0.17496099999999998
660710,ST,Sweeper,Breaking,45,0.4,0.36363636363636365,0.23279892307692304
660710,CH,Changeup,Offspeed,37,0.42857142857142855,0.0,0.183055
660821,FF,4-Seam FB,Fastball,436,0.28695652173913044,0.45054945054945056,0.3057961935483871
660821,SI,Sinker,Fastball,174,0.20930232558139536,0.42857142857142855,0.2858134666666666
660821,CH,Changeup,Offspeed,148,0.3188405797101449,0.25,0.32202129032258064
660821,FC,Cutter,Fastball,129,0.2878787878787879,0.8076923076923077,0.4214029629629629
660821,SL,Slider,Breaking,106,0.38461538461538464,0.2413793103448276,0.343305375
660821,FS,Splitter,Offspeed,80,0.20930232558139536,0.4,0.2895871428571429
660821,CU,Curveball,Breaking,69,0.3181818181818182,0.48,0.3815512307692307
660821,ST,Sweeper,Breaking,69,0.2727272727272727,0.125,0.30081544
660821,KC,Knuckle-Curve,Breaking,28,0.35294117647058826,0.2857142857142857,0.21334439999999996
660844,FF,4-Seam FB,Fastball,263,0.13861386138613863,0.18518518518518517,0.27480863157894736
660844,FC,Cutter,Fastball,100,0.19444444444444445,0.46153846153846156,0.17278615384615387
660844,SI,Sinker,Fastball,100,0.2,0.23076923076923078,0.26075615384615386
660844,CH,Changeup,Offspeed,85,0.25806451612903225,0.2,0.231215
660844,SL,Slider,Breaking,72,0.5555555555555556,0.0,0.16210166666666667
660844,CU,Curveball,Breaking,47,0.3,0.0,0.1458332
660844,ST,Sweeper,Breaking,40,0.25,0.14285714285714285,0.2717775
660844,FS,Splitter,Offspeed,25,0.38461538461538464,0.0,0.3018808571428571
661388,FF,4-Seam FB,Fastball,631,0.18269230769230768,0.39285714285714285,0.34012322292993624
661388,SI,Sinker,Fastball,477,0.10330578512396695,0.5244755244755245,0.3690296582278481
661388,SL,Slider,Breaking,359,0.29605263157894735,0.25316455696202533,0.3041231707317073
661388,ST,Sweeper,Breaking,258,0.2761904761904762,0.3387096774193548,0.26914636363636363
661388,FC,Cutter,Fastball,190,0.21,0.7818181818181819,0.40184275862068963
661388,CH,Changeup,Offspeed,188,0.2391304347826087,0.32,0.2848767857142857
661388,CU,Curveball,Breaking,116,0.3023255813953488,0.20833333333333334,0.2273714482758621
661388,FS,Splitter,Offspeed,72,0.35,0.3684210526315789,0.304261
661388,KC,Knuckle-Curve,Breaking,33,0.35714285714285715,0.7142857142857143,0.4258571428571428
661531,FF,4-Seam FB,Fastball,107,0.3148148148148148,0.7037037037037037,0.3955348148148148
661531,SI,Sinker,Fastball,79,0.23529411764705882,0.06666666666666667,0.29401375
661531,ST,Sweeper,Breaking,47,0.36,0.0,0.10336363636363637
661531,CH,Changeup,Offspeed,43,0.25,0.5454545454545454,0.19536363636363638
661531,FC,Cutter,Fastball,29,0.26666666666666666,0.4444444444444444,0.33264575
661531,SL,Slider,Breaking,26,0.6666666666666666,0.0,0.24764399999999998
662139,FF,4-Seam FB,Fastball,650,0.23324396782841822,0.3618421052631579,0.3002019875776398
662139,SI,Sinker,Fastball,349,0.12727272727272726,0.45977011494252873,0.3081005111111111
662139,SL,Slider,Breaking,276,0.25165562913907286,0.375,0.24458213333333334
662139,FC,Cutter,Fastball,192,0.18627450980392157,0.24489795918367346,0.22465695652173914
662139,CH,Changeup,Offspeed,178,0.2336448598130841,0.36363636363636365,0.29339355172413795
662139,CU,Curveball,Breaking,164,0.21518987341772153,0.16666666666666666,0.223772
662139,ST,Sweeper,Breaking,146,0.22807017543859648,0.35,0.32142909090909094
662139,FS,Splitter,Offspeed,64,0.3611111111111111,0.4444444444444444,0.35201294117647064
662139,KC,Knuckle-Curve,Breaking,39,0.3888888888888889,0.3333333333333333,0.25817999999999997
663330,FF,4-Seam FB,Fastball,201,0.2717391304347826,0.3148148148148148,0.3300482222222222
663330,CH,Changeup,Offspeed,143,0.3333333333333333,0.34210526315789475,0.30428571428571427
663330,SL,Slider,Breaking,124,0.5081967213114754,0.2608695652173913,0.14120260869565215
663330,SI,Sinker,Fastball,88,0.16666666666666666,0.6666666666666666,0.5740966666666667
663330,CU,Curveball,Breaking,67,0.3333333333333333,0.3333333333333333,0.1459090909090909
663330,ST,Sweeper,Breaking,66,0.5483870967741935,0.3333333333333333,0.23432461538461538
663330,FC,Cutter,Fastball,54,0.27586206896551724,0.4166666666666667,0.3697638333333333
663368,FF,4-Seam FB,Fastball,160,0.24691358024691357,0.21052631578947367,0.1912915
663368,CH,Changeup,Offspeed,76,0.24242424242424243,0.23529411764705882,0.17786666666666667
663368,SI,Sinker,Fastball,66,0.045454545454545456,0.7142857142857143,0.567166
663368,FC,Cutter,Fastball,45,0.1111111111111111,0.2222222222222222,0.235844
663368,CU,Curveball,Breaking,34,0.14285714285714285,0.125,0.3044688888888889
663368,SL,Slider,Breaking,34,0.5,0.5,0.3569441818181818
663457,FF,4-Seam FB,Fastball,427,0.1696969696969697,0.4942528735632184,0.41501849056603773
663457,SI,Sinker,Fastball,244,0.06976744186046512,0.3673469387755102,0.3529525423728814
663457,CH,Changeup,Offspeed,174,0.17333333333333334,0.20454545454545456,0.26250640000000003
663457,SL,Slider,Breaking,170,0.3148148148148148,0.25806451612903225,0.2965491891891892
663457,FC,Cutter,Fastball,110,0.25925925925925924,0.2857142857142857,0.23951000000000003
663457,CU,Curveball,Breaking,97,0.20833333333333334,0.6875,0.39412500000000006
663457,ST,Sweeper,Breaking,72,0.2727272727272727,0.6666666666666666,0.4488885714285714
663457,FS,Splitter,Offspeed,64,0.2413793103448276,0.2631578947368421,0.24357894736842106
663494,FF,4-Seam FB,Fastball,294,0.18840579710144928,0.4067796610169492,0.3579909428571429
663494,SI,Sinker,Fastball,138,0.14545454545454545,0.36,0.3281376129032258
663494,CH,Changeup,Offspeed,86,0.3023255813953488,0.2,0.19492
663494,SL,Slider,Breaking,66,0.28125,0.1875,0.20260117647058823
663494,CU,Curveball,Breaking,61,0.09523809523809523,0.42857142857142855,0.20795125
663494,ST,Sweeper,Breaking,47,0.3157894736842105,0.18181818181818182,0.28235166666666667
663494,FC,Cutter,Fastball,43,0.3888888888888889,0.5555555555555556,0.2647777777777778
663538,FF,4-Seam FB,Fastball,729,0.06852791878172589,0.30097087378640774,0.3180504107142857
663538,SI,Sinker,Fastball,574,0.04230769230769231,0.35802469135802467,0.3469545549132948
663538,SL,Slider,Breaking,366,0.23376623376623376,0.4819277108433735,0.2965005476190476
663538,ST,Sweeper,Breaking,224,0.11363636363636363,0.5957446808510638,0.31282166666666666
663538,CH,Changeup,Offspeed,219,0.22950819672131148,0.1864406779661017,0.2829243606557377
663538,FC,Cutter,Fastball,182,0.13253012048192772,0.37777777777777777,0.338938612244898
663538,CU,Curveball,Breaking,126,0.09803921568627451,0.28,0.29816230769230767
663538,FS,Splitter,Offspeed,52,0.34615384615384615,0.7,0.32227272727272727
663538,KC,Knuckle-Curve,Breaking,36,0.25,0.25,0.3460386
663586,FF,4-Seam FB,Fastball,862,0.3286384976525822,0.36597938144329895,0.31970343661971834
663586,SI,Sinker,Fastball,417,0.13488372093023257,0.39090909090909093,0.30033363636363636
663586,ST,Sweeper,Breaking,334,0.37012987012987014,0.35294117647058826,0.2914405135135135
663586,SL,Slider,Breaking,316,0.37583892617449666,0.3333333333333333,0.2743625135135135
663586,CH,Changeup,Offspeed,254,0.3697478991596639,0.2982456140350877,0.23954433333333333
663586,FC,Cutter,Fastball,224,0.35964912280701755,0.5365853658536586,0.3709191904761905
663586,CU,Curveball,Breaking,126,0.2857142857142857,0.4782608695652174,0.33034250000000004
663586,FS,Splitter,Offspeed,76,0.4,0.5,0.27652144444444443
663586,KC,Knuckle-Curve,Breaking,44,0.5416666666666666,0.07692307692307693,0.198496
663604,FF,4-Seam FB,Fastball,148,0.32786885245901637,0.28,0.27213279999999995
663604,SI,Sinker,Fastball,101,0.19607843137254902,0.20833333333333334,0.22706421052631579
663604,SL,Slider,Breaking,78,0.32432432432432434,0.4,0.1983157894736842
663604,CH,Changeup,Offspeed,67,0.525,0.25,0.19141466666666668
663604,FC,Cutter,Fastball,49,0.15,1.0,0.4651742857142857
663604,ST,Sweeper,Breaking,48,0.2608695652173913,0.45454545454545453,0.2601876923076923
663611,FF,4-Seam FB,Fastball,66,0.05555555555555555,0.42857142857142855,0.3425275
663611,SI,Sinker,Fastball,48,0.0,0.2857142857142857,0.2818591764705882
663611,SL,Slider,Breaking,48,0.16,0.42857142857142855,0.38404399999999994
663616,FF,4-Seam FB,Fastball,484,0.13025210084033614,0.49295774647887325,0.3602696103896104
663616,SI,Sinker,Fastball,255,0.16666666666666666,0.5576923076923077,0.4061644827586206
663616,CH,Changeup,Offspeed,244,0.36538461538461536,0.22448979591836735,0.2143488
663616,SL,Slider,Breaking,224,0.43157894736842106,0.4722222222222222,0.3070798139534883
663616,CU,Curveball,Breaking,139,0.3448275862068966,0.4,0.31560710344827586
663616,ST,Sweeper,Breaking,130,0.4090909090909091,0.5,0.34087153846153845
663616,FC,Cutter,Fastball,114,0.13333333333333333,0.391304347826087,0.34300949999999997
663616,FS,Splitter,Offspeed,105,0.49019607843137253,0.2916666666666667,0.26956714285714284
663616,KC,Knuckle-Curve,Breaking,42,0.3333333333333333,0.38461538461538464,0.1604615384615385
663624,FF,4-Seam FB,Fastball,30,0.2777777777777778,0.16666666666666666,0.34940666666666664
663624,SI,Sinker,Fastball,25,0.0,0.5,0.895
663647,FF,4-Seam FB,Fastball,282,0.19852941176470587,0.19718309859154928,0.28017142857142857
663647,SI,Sinker,Fastball,209,0.13541666666666666,0.48214285714285715,0.3863967346938776
663647,ST,Sweeper,Breaking,113,0.36,0.20689655172413793,0.2043448275862069
663647,SL,Slider,Breaking,94,0.325,0.04,0.31377561538461535
663647,FC,Cutter,Fastball,70,0.2571428571428571,0.058823529411764705,0.1770815294117647
663647,CU,Curveball,Breaking,68,0.3333333333333333,0.0,0.16576470588235295
663647,CH,Changeup,Offspeed,62,0.35714285714285715,0.23076923076923078,0.32775000000000004
663656,FF,4-Seam FB,Fastball,757,0.19696969696969696,0.44559585492227977,0.37086388073394494
663656,SL,Slider,Breaking,377,0.2784090909090909,0.2878787878787879,0.3103044864864865
663656,CH,Changeup,Offspeed,362,0.2655367231638418,0.29411764705882354,0.2457421978021978
663656,SI,Sinker,Fastball,349,0.08743169398907104,0.36046511627906974,0.33636816326530605
663656,FC,Cutter,Fastball,213,0.1574074074074074,0.5,0.34493450980392154
663656,ST,Sweeper,Breaking,166,0.2909090909090909,0.75,0.36441724137931036
663656,CU,Curveball,Breaking,165,0.25,0.23076923076923078,0.33716625
663656,FS,Splitter,Offspeed,108,0.3148148148148148,0.2,0.23376782608695648
663656,KC,Knuckle-Curve,Breaking,38,0.21428571428571427,0.5,0.48583818181818184
663662,FF,4-Seam FB,Fastball,31,0.2222222222222222,0.2857142857142857,0.37262500000000004
663662,SI,Sinker,Fastball,28,0.125,0.0,0.049999999999999996
663697,FF,4-Seam FB,Fastball,99,0.07317073170731707,0.38461538461538464,0.3310402307692308
663697,SI,Sinker,Fastball,54,0.19047619047619047,0.07142857142857142,0.3412732857142857
663697,SL,Slider,Breaking,33,0.5714285714285714,0.0,0.07833333333333332
663697,CH,Changeup,Offspeed,26,0.3076923076923077,0.6666666666666666,0.24119999999999994
663698,FF,4-Seam FB,Fastball,155,0.2375,0.1935483870967742,0.3068976216216216
663698,SI,Sinker,Fastball,95,0.10526315789473684,0.55,0.35523144444444443
663698,CH,Changeup,Offspeed,74,0.4,0.4,0.29972199999999993
663698,SL,Slider,Breaking,58,0.4,0.25,0.25474236363636366
663698,FC,Cutter,Fastball,48,0.4074074074074074,0.16666666666666666,0.2794522857142857
663698,ST,Sweeper,Breaking,43,0.37037037037037035,0.7272727272727273,0.3496332
663698,CU,Curveball,Breaking,30,0.3,0.5,0.30064399999999997
663728,FF,4-Seam FB,Fastball,854,0.28695652173913044,0.3176470588235294,0.3070746802030457
663728,CH,Changeup,Offspeed,320,0.35668789808917195,0.3076923076923077,0.329436231884058
663728,SL,Slider,Breaking,256,0.39436619718309857,0.5081967213114754,0.25825969230769225
663728,FC,Cutter,Fastball,250,0.31690140845070425,0.3541666666666667,0.26660980392156863
663728,CU,Curveball,Breaking,173,0.3484848484848485,0.13793103448275862,0.27702054054054054
663728,SI,Sinker,Fastball,166,0.16901408450704225,0.7272727272727273,0.4539995238095238
663728,ST,Sweeper,Breaking,133,0.3484848484848485,0.1111111111111111,0.22644663636363635
663728,FS,Splitter,Offspeed,116,0.35294117647058826,0.30434782608695654,0.3347971428571429
663728,KC,Knuckle-Curve,Breaking,58,0.5416666666666666,0.7142857142857143,0.4285553846153846
663743,FF,4-Seam FB,Fastball,297,0.15151515151515152,0.43209876543209874,0.26717322891566264
663743,SI,Sinker,Fastball,249,0.045112781954887216,0.3875,0.3156946835443038
663743,SL,Slider,Breaking,165,0.3263157894736842,0.30434782608695654,0.23813882608695652
663743,CH,Changeup,Offspeed,135,0.3150684931506849,0.38461538461538464,0.20375550000000003
663743,FC,Cutter,Fastball,114,0.11666666666666667,0.32142857142857145,0.27322214285714286
663743,ST,Sweeper,Breaking,98,0.16129032258064516,0.17647058823529413,0.22174366666666667
663743,CU,Curveball,Breaking,72,0.25,0.5454545454545454,0.3965355714285714
663743,FS,Splitter,Offspeed,26,0.4666666666666667,0.3333333333333333,0.3825
663757,FF,4-Seam FB,Fastball,686,0.1296928327645051,0.43790849673202614,0.39719905882352935
663757,SI,Sinker,Fastball,371,0.0821917808219178,0.3956043956043956,0.33173754716981135
663757,SL,Slider,Breaking,221,0.3333333333333333,0.5142857142857142,0.3727268181818182
663757,CH,Changeup,Offspeed,203,0.2608695652173913,0.4897959183673469,0.3090129411764706
663757,FC,Cutter,Fastball,170,0.20270270270270271,0.14285714285714285,0.29656102564102566
663757,ST,Sweeper,Breaking,146,0.2916666666666667,0.4666666666666667,0.30969588235294115
663757,CU,Curveball,Breaking,145,0.09375,0.23529411764705882,0.24636588235294118
663757,FS,Splitter,Offspeed,84,0.40540540540540543,0.0,0.148661
663757,KC,Knuckle-Curve,Breaking,29,0.36363636363636365,0.3333333333333333,0.13983333333333334
663837,FF,4-Seam FB,Fastball,364,0.18181818181818182,0.28,0.30811925
663837,SI,Sinker,Fastball,248,0.11578947368421053,0.3090909090909091,0.35688866666666663
663837,SL,Slider,Breaking,158,0.2375,0.3829787234042553,0.29933333333333334
663837,CH,Changeup,Offspeed,130,0.2222222222222222,0.375,0.2669157575757576
663837,ST,Sweeper,Breaking,84,0.10714285714285714,0.40625,0.24207142857142855
663837,FC,Cutter,Fastball,79,0.20588235294117646,0.5882352941176471,0.4375180952380952
663837,CU,Curveball,Breaking,61,0.2692307692307692,0.25,0.19088875
663853,FF,4-Seam FB,Fastball,90,0.2641509433962264,0.4583333333333333,0.3041288
663853,SI,Sinker,Fastball,43,0.29411764705882354,0.1,0.3413655
663853,CH,Changeup,Offspeed,37,0.35294117647058826,0.0,0.12714285714285714
663853,ST,Sweeper,Breaking,32,0.6153846153846154,0.0,0.26138866666666666
663853,FC,Cutter,Fastball,28,0.2857142857142857,0.4,0.4366342857142857
663853,SL,Slider,Breaking,28,0.35,0.5,0.33491333333333334
663886,FF,4-Seam FB,Fastball,580,0.2264808362369338,0.4365079365079365,0.3749931851851852
663886,SI,Sinker,Fastball,324,0.15436241610738255,0.6395348837209303,0.44706047916666664
663886,SL,Slider,Breaking,319,0.35766423357664234,0.36363636363636365,0.25243757575757575
663886,ST,Sweeper,Breaking,221,0.35,0.3409090909090909,0.25264972
663886,CH,Changeup,Offspeed,192,0.2891566265060241,0.1388888888888889,0.21864358974358972
663886,FC,Cutter,Fastball,165,0.2777777777777778,0.2777777777777778,0.30722749999999993
663886,CU,Curveball,Breaking,101,0.34146341463414637,0.3157894736842105,0.22470452631578947
663886,FS,Splitter,Offspeed,67,0.5333333333333333,0.15384615384615385,0.10365857142857142
663967,FF,4-Seam FB,Fastball,46,0.06666666666666667,0.25,0.34617428571428566
663968,FF,4-Seam FB,Fastball,658,0.23160762942779292,0.33858267716535434,0.2847029489051095
663968,CH,Changeup,Offspeed,231,0.2550335570469799,0.2714285714285714,0.23717531249999999
663968,SI,Sinker,Fastball,228,0.17796610169491525,0.3508771929824561,0.29669853125
663968,SL,Slider,Breaking,192,0.19166666666666668,0.3793103448275862,0.3206046557377049
663968,FC,Cutter,Fastball,170,0.12264150943396226,0.4090909090909091,0.3098271111111111
663968,CU,Curveball,Breaking,123,0.21428571428571427,0.38235294117647056,0.24053588235294115
663968,ST,Sweeper,Breaking,108,0.18032786885245902,0.5294117647058824,0.3016724210526316
663968,FS,Splitter,Offspeed,56,0.32432432432432434,0.14285714285714285,0.23392857142857143
663993,FF,4-Seam FB,Fastball,825,0.19651741293532338,0.37790697674418605,0.3515647065217391
663993,SI,Sinker,Fastball,227,0.14736842105263157,0.34545454545454546,0.41188231746031745
663993,CH,Changeup,Offspeed,169,0.2222222222222222,0.4772727272727273,0.2955091666666667
663993,CU,Curveball,Breaking,133,0.3,0.17391304347826086,0.2297092307692308
663993,SL,Slider,Breaking,129,0.30158730158730157,0.696969696969697,0.251631875
663993,FC,Cutter,Fastball,126,0.19047619047619047,0.8,0.3762329032258065
663993,ST,Sweeper,Breaking,122,0.41304347826086957,0.2777777777777778,0.16412199999999996
663993,FS,Splitter,Offspeed,62,0.21428571428571427,0.5,0.36699999999999994
663993,KC,Knuckle-Curve,Breaking,28,0.18181818181818182,2.0,0.741644
664023,FF,4-Seam FB,Fastball,988,0.2762836185819071,0.38636363636363635,0.29361019417475726
664023,CH,Changeup,Offspeed,532,0.37383177570093457,0.20869565217391303,0.23639983333333336
664023,SL,Slider,Breaking,285,0.3221476510067114,0.47619047619047616,0.3233830294117647
664023,SI,Sinker,Fastball,274,0.17117117117117117,0.4067796610169492,0.36470914285714284
664023,FC,Cutter,Fastball,201,0.24489795918367346,0.7631578947368421,0.42986968181818175
664023,CU,Curveball,Breaking,198,0.4069767441860465,0.4722222222222222,0.3233498
664023,ST,Sweeper,Breaking,140,0.30434782608695654,0.6571428571428571,0.33433315789473683
664023,FS,Splitter,Offspeed,115,0.24074074074074073,0.4230769230769231,0.3173626666666667
664023,KC,Knuckle-Curve,Breaking,54,0.5,0.375,0.39706883333333326
664034,FF,4-Seam FB,Fastball,744,0.2948717948717949,0.42758620689655175,0.3078051124260355
664034,SI,Sinker,Fastball,368,0.14507772020725387,0.550561797752809,0.39449399999999996
664034,SL,Slider,Breaking,233,0.32142857142857145,0.53125,0.31525
664034,ST,Sweeper,Breaking,206,0.2169811320754717,0.5116279069767442,0.29226424
664034,FC,Cutter,Fastball,160,0.3111111111111111,0.48148148148148145,0.38503333333333334
664034,CH,Changeup,Offspeed,158,0.3333333333333333,0.7142857142857143,0.33831436000000004
664034,CU,Curveball,Breaking,119,0.39344262295081966,0.3333333333333333,0.1755676875
664034,FS,Splitter,Offspeed,57,0.3611111111111111,0.5384615384615384,0.33994
664034,KC,Knuckle-Curve,Breaking,26,0.25,0.6,0.5576943333333334
664040,FF,4-Seam FB,Fastball,713,0.33641975308641975,0.6074074074074074,0.4009905063291139
664040,SL,Slider,Breaking,429,0.4346153846153846,0.40384615384615385,0.22640967307692308
664040,SI,Sinker,Fastball,382,0.18902439024390244,0.39080459770114945,0.3523678787878788
664040,CH,Changeup,Offspeed,310,0.3684210526315789,0.5,0.36556379069767436
664040,ST,Sweeper,Breaking,274,0.4444444444444444,0.22,0.170205
664040,FC,Cutter,Fastball,241,0.2932330827067669,0.6481481481481481,0.39318918032786887
664040,CU,Curveball,Breaking,148,0.3582089552238806,0.75,0.3869609302325582
664040,FS,Splitter,Offspeed,89,0.4339622641509434,0.25925925925925924,0.2210088
664040,KC,Knuckle-Curve,Breaking,62,0.3888888888888889,0.3333333333333333,0.24799999999999997
664056,FF,4-Seam FB,Fastball,134,0.24285714285714285,0.3333333333333333,0.2542927272727273
664056,SI,Sinker,Fastball,74,0.11428571428571428,0.29411764705882354,0.3181111111111111
664056,SL,Slider,Breaking,63,0.4838709677419355,0.5789473684210527,0.36483333333333334
664056,ST,Sweeper,Breaking,40,0.5,0.0,0.123935
664056,CH,Changeup,Offspeed,38,0.34782608695652173,0.4,0.28969999999999996
664056,FC,Cutter,Fastball,36,0.22727272727272727,0.0,0.27999999999999997
664059,FF,4-Seam FB,Fastball,98,0.15555555555555556,0.18181818181818182,0.2134442105263158
664059,SL,Slider,Breaking,31,0.46153846153846156,0.125,0.07042857142857142
664059,CH,Changeup,Offspeed,30,0.5,0.2857142857142857,0.27016666666666667
664068,SI,Sinker,Fastball,28,0.125,0.25,0.0
664238,FF,4-Seam FB,Fastball,55,0.15384615384615385,0.0,0.3620733333333333
664238,SL,Slider,Breaking,25,0.5714285714285714,0.0,0.1155
664702,FF,4-Seam FB,Fastball,407,0.0962566844919786,0.34951456310679613,0.32385392857142853
664702,SI,Sinker,Fastball,285,0.04,0.3424657534246575,0.35384324390243904
664702,SL,Slider,Breaking,194,0.22972972972972974,0.11904761904761904,0.17600536585365853
664702,CH,Changeup,Offspeed,120,0.15555555555555556,0.4444444444444444,0.22444444444444447
664702,ST,Sweeper,Breaking,103,0.22580645161290322,0.3125,0.17590111111111112
664702,FC,Cutter,Fastball,99,0.15555555555555556,0.46153846153846156,0.2719711111111111
664702,CU,Curveball,Breaking,51,0.3,0.2857142857142857,0.2792857142857143
664728,FF,4-Seam FB,Fastball,458,0.12195121951219512,0.4536082474226804,0.2647565631067961
664728,SI,Sinker,Fastball,167,0.11842105263157894,0.17777777777777778,0.27866304166666667
664728,CH,Changeup,Offspeed,116,0.3055555555555556,0.19047619047619047,0.20165627906976744
664728,SL,Slider,Breaking,106,0.2631578947368421,0.5833333333333334,0.30889946153846154
664728,FC,Cutter,Fastball,103,0.09259259259259259,0.28125,0.261274
664728,ST,Sweeper,Breaking,98,0.19444444444444445,0.19230769230769232,0.12934615384615386
664728,CU,Curveball,Breaking,76,0.32432432432432434,0.1111111111111111,0.20645666666666668
664728,FS,Splitter,Offspeed,43,0.15384615384615385,0.5384615384615384,0.4464166666666667
664731,FF,4-Seam FB,Fastball,57,0.28,0.5833333333333334,0.26635777777777775
664731,SI,Sinker,Fastball,50,0.05,0.1111111111111111,0.3271525
664731,SL,Slider,Breaking,29,0.5384615384615384,0.0,0.02666666666666667
664761,FF,4-Seam FB,Fastball,745,0.16531165311653118,0.43373493975903615,0.3412142765957447
664761,SI,Sinker,Fastball,543,0.08333333333333333,0.296551724137931,0.3417768447204969
664761,SL,Slider,Breaking,341,0.21875,0.34065934065934067,0.3039832258064516
664761,ST,Sweeper,Breaking,206,0.20512820512820512,0.2222222222222222,0.2923743478260869
664761,FC,Cutter,Fastball,202,0.15384615384615385,0.48148148148148145,0.3272004814814815
664761,CH,Changeup,Offspeed,167,0.2361111111111111,0.525,0.33544015
664761,CU,Curveball,Breaking,111,0.0975609756097561,0.24,0.2186459259259259
664761,FS,Splitter,Offspeed,58,0.18181818181818182,0.7368421052631579,0.38916666666666666
664761,KC,Knuckle-Curve,Breaking,25,0.38461538461538464,1.0,0.48469433333333334
664770,FF,4-Seam FB,Fastball,641,0.1620795107033639,0.3409090909090909,0.30406992907801417
664770,SI,Sinker,Fastball,356,0.1111111111111111,0.24390243902439024,0.2436896404494382
664770,FC,Cutter,Fastball,182,0.16161616161616163,0.2972972972972973,0.3053702564102564
664770,CH,Changeup,Offspeed,179,0.15789473684210525,0.5625,0.2968308695652174
664770,SL,Slider,Breaking,162,0.21951219512195122,0.4318181818181818,0.35570756000000003
664770,CU,Curveball,Breaking,115,0.16981132075471697,0.5161290322580645,0.2690051875
664770,FS,Splitter,Offspeed,73,0.14634146341463414,0.4782608695652174,0.2691904761904762
664770,ST,Sweeper,Breaking,68,0.20689655172413793,0.5384615384615384,0.28715857142857143
664774,FF,4-Seam FB,Fastball,278,0.2692307692307692,0.2926829268292683,0.31549740740740734
664774,SI,Sinker,Fastball,94,0.02702702702702703,0.5263157894736842,0.32785818181818177
664774,FC,Cutter,Fastball,81,0.30303030303030304,0.5333333333333333,0.28350000000000003
664774,CH,Changeup,Offspeed,78,0.4375,0.42105263157894735,0.15723444444444443
664774,SL,Slider,Breaking,61,0.32,0.3684210526315789,0.17975000000000002
664774,ST,Sweeper,Breaking,43,0.15,0.0,0.17513555555555554
664774,CU,Curveball,Breaking,42,0.08333333333333333,0.8,0.21480000000000002
664774,FS,Splitter,Offspeed,27,0.15384615384615385,0.5714285714285714,0.3504285714285715
664954,FF,4-Seam FB,Fastball,305,0.16993464052287582,0.5205479452054794,0.2962376923076923
664954,SI,Sinker,Fastball,122,0.1076923076923077,0.5555555555555556,0.3668673333333333
664954,SL,Slider,Breaking,98,0.21052631578947367,0.2727272727272727,0.3020104761904762
664954,CH,Changeup,Offspeed,87,0.20833333333333334,0.4,0.259274
664954,ST,Sweeper,Breaking,72,0.2,0.5882352941176471,0.11894117647058824
664954,FC,Cutter,Fastball,65,0.13513513513513514,0.05263157894736842,0.2372777777777778
664954,CU,Curveball,Breaking,47,0.22727272727272727,0.0,0.19733333333333333
664954,FS,Splitter,Offspeed,34,0.1111111111111111,0.3333333333333333,0.40360000000000007
664954,KC,Knuckle-Curve,Breaking,26,0.3333333333333333,0.0,0.10285714285714286
664983,FF,4-Seam FB,Fastball,617,0.12396694214876033,0.5780346820809249,0.3711905824175824
664983,SL,Slider,Breaking,296,0.34545454545454546,0.30666666666666664,0.23260749367088607
664983,SI,Sinker,Fastball,286,0.16111111111111112,0.5631067961165048,0.34791630476190477
664983,CH,Changeup,Offspeed,211,0.256,0.328125,0.25566492307692307
664983,CU,Curveball,Breaking,171,0.21686746987951808,0.35,0.2952573658536585
664983,ST,Sweeper,Breaking,166,0.2857142857142857,0.5405405405405406,0.3264005263157895
664983,FC,Cutter,Fastball,165,0.2,0.4090909090909091,0.3409468
664983,FS,Splitter,Offspeed,54,0.3,0.8571428571428571,0.3696585714285714
664983,KC,Knuckle-Curve,Breaking,44,0.4583333333333333,0.09090909090909091,0.16977777777777778
665019,FF,4-Seam FB,Fastball,836,0.24641148325358853,0.46994535519125685,0.30102378680203046
665019,SI,Sinker,Fastball,346,0.14130434782608695,0.375,0.3366848807339449
665019,SL,Slider,Breaking,297,0.3018867924528302,0.5932203389830508,0.3670924761904762
665019,CH,Changeup,Offspeed,232,0.23636363636363636,0.4262295081967213,0.39594885245901645
665019,CU,Curveball,Breaking,162,0.2894736842105263,0.40476190476190477,0.32374604545454544
665019,FC,Cutter,Fastball,149,0.2857142857142857,0.6176470588235294,0.4411042424242425
665019,ST,Sweeper,Breaking,147,0.26865671641791045,0.34375,0.20736588235294118
665019,FS,Splitter,Offspeed,92,0.2391304347826087,0.4583333333333333,0.3731705925925926
665019,KC,Knuckle-Curve,Breaking,32,0.35714285714285715,1.2857142857142858,0.45814575
665052,FF,4-Seam FB,Fastball,351,0.3125,0.8235294117647058,0.49724488000000006
665052,CH,Changeup,Offspeed,208,0.5242718446601942,0.3148148148148148,0.24186
665052,SL,Slider,Breaking,166,0.4888888888888889,0.3829787234042553,0.340782
665052,SI,Sinker,Fastball,137,0.18421052631578946,0.5263157894736842,0.45521666666666666
665052,FC,Cutter,Fastball,114,0.2727272727272727,0.375,0.36678735714285715
665052,ST,Sweeper,Breaking,107,0.45454545454545453,0.3333333333333333,0.25441765217391304
665052,CU,Curveball,Breaking,92,0.2727272727272727,0.47368421052631576,0.35675191666666667
665052,FS,Splitter,Offspeed,57,0.45161290322580644,0.14285714285714285,0.16176923076923075
665161,FF,4-Seam FB,Fastball,410,0.20179372197309417,0.5384615384615384,0.39119354782608695
665161,SI,Sinker,Fastball,358,0.13736263736263737,0.5052631578947369,0.35838605882352936
665161,SL,Slider,Breaking,310,0.42346938775510207,0.4375,0.28214117777777775
665161,CH,Changeup,Offspeed,196,0.39603960396039606,0.2631578947368421,0.2623264878048781
665161,ST,Sweeper,Breaking,191,0.42857142857142855,0.5454545454545454,0.22276044444444443
665161,FC,Cutter,Fastball,144,0.27380952380952384,0.625,0.47812731707317074
665161,CU,Curveball,Breaking,89,0.54,0.3548387096774194,0.17998139393939394
665161,FS,Splitter,Offspeed,68,0.53125,0.6153846153846154,0.3708728571428571
665161,KC,Knuckle-Curve,Breaking,29,0.6,0.14285714285714285,0.1642857142857143
665487,FF,4-Seam FB,Fastball,724,0.2042042042042042,0.48863636363636365,0.41426879187817256
665487,SI,Sinker,Fastball,571,0.15748031496062992,0.4125874125874126,0.3706318395061729
665487,SL,Slider,Breaking,376,0.37572254335260113,0.5252525252525253,0.358429214953271
665487,CH,Changeup,Offspeed,279,0.3283582089552239,0.5076923076923077,0.35284114285714285
665487,ST,Sweeper,Breaking,248,0.30392156862745096,0.390625,0.2924600895522388
665487,FC,Cutter,Fastball,195,0.29292929292929293,0.6170212765957447,0.46978535714285713
665487,CU,Curveball,Breaking,130,0.3870967741935484,0.4583333333333333,0.3903425
665487,FS,Splitter,Offspeed,74,0.40625,0.0,0.18811764705882353
665487,KC,Knuckle-Curve,Breaking,41,0.2777777777777778,0.6666666666666666,0.4983000000000001
665489,SI,Sinker,Fastball,552,0.0942622950819672,0.45323741007194246,0.3540409559748428
665489,FF,4-Seam FB,Fastball,551,0.1722689075630252,0.4649122807017544,0.3476131707317074
665489,SL,Slider,Breaking,314,0.27450980392156865,0.14634146341463414,0.27940995505617977
665489,FC,Cutter,Fastball,217,0.2,0.21568627450980393,0.30173785714285717
665489,CH,Changeup,Offspeed,191,0.297029702970297,0.4074074074074074,0.34781535714285716
665489,ST,Sweeper,Breaking,187,0.23655913978494625,0.39655172413793105,0.2855546129032258
665489,CU,Curveball,Breaking,100,0.2222222222222222,0.5652173913043478,0.4879194814814815
665489,FS,Splitter,Offspeed,54,0.23333333333333334,0.1875,0.25942470588235295
665489,KC,Knuckle-Curve,Breaking,33,0.5,0.16666666666666666,0.2698333333333333
665506,FF,4-Seam FB,Fastball,30,0.14285714285714285,0.0,0.16866666666666666
665561,FF,4-Seam FB,Fastball,184,0.11235955056179775,0.24390243902439024,0.21156515000000004
665561,SL,Slider,Breaking,57,0.35714285714285715,0.08333333333333333,0.202106
665561,CH,Changeup,Offspeed,50,0.2857142857142857,0.0,0.08433333333333333
665561,SI,Sinker,Fastball,33,0.07142857142857142,0.16666666666666666,0.2998
665561,CU,Curveball,Breaking,32,0.0,0.2857142857142857,0.29300000000000004
665561,FC,Cutter,Fastball,31,0.05263157894736842,0.0,0.12114285714285715
665742,FF,4-Seam FB,Fastball,447,0.24154589371980675,0.5607476635514018,0.450136
665742,SI,Sinker,Fastball,420,0.17391304347826086,0.5116279069767442,0.42246713131313135
665742,SL,Slider,Breaking,281,0.1935483870967742,0.36,0.3981088524590164
665742,CH,Changeup,Offspeed,205,0.14606741573033707,0.49019607843137253,0.3850887272727273
665742,ST,Sweeper,Breaking,151,0.23333333333333334,0.6153846153846154,0.44853720930232566
665742,CU,Curveball,Breaking,140,0.2608695652173913,0.5172413793103449,0.346301875
665742,FC,Cutter,Fastball,127,0.21739130434782608,0.6666666666666666,0.41234666666666664
665742,FS,Splitter,Offspeed,88,0.2702702702702703,0.15,0.29860400000000004
665742,KC,Knuckle-Curve,Breaking,38,0.16666666666666666,0.6,0.5597771428571429
665750,FF,4-Seam FB,Fastball,687,0.22590361445783133,0.3125,0.29532810126582276
665750,CH,Changeup,Offspeed,305,0.25161290322580643,0.375,0.23903594594594593
665750,SL,Slider,Breaking,205,0.29245283018867924,0.4117647058823529,0.2725361538461538
665750,SI,Sinker,Fastball,202,0.17647058823529413,0.40384615384615385,0.35955525423728807
665750,FC,Cutter,Fastball,160,0.15384615384615385,0.41025641025641024,0.30975380952380954
665750,CU,Curveball,Breaking,151,0.3548387096774194,0.4,0.2337490322580645
665750,ST,Sweeper,Breaking,124,0.38181818181818183,0.14814814814814814,0.12754164285714284
665750,FS,Splitter,Offspeed,81,0.275,0.3888888888888889,0.22805555555555557
665804,FF,4-Seam FB,Fastball,284,0.18666666666666668,0.5441176470588235,0.3302815142857143
665804,SI,Sinker,Fastball,194,0.1566265060240964,0.5142857142857142,0.38155926829268294
665804,SL,Slider,Breaking,183,0.3626373626373626,0.4,0.3100904489795918
665804,ST,Sweeper,Breaking,129,0.3728813559322034,0.25,0.2257698095238095
665804,CH,Changeup,Offspeed,99,0.3898305084745763,0.2916666666666667,0.19036
665804,FC,Cutter,Fastball,84,0.3157894736842105,0.2727272727272727,0.25227099999999997
665804,CU,Curveball,Breaking,44,0.09090909090909091,0.2857142857142857,0.06371428571428571
665828,FF,4-Seam FB,Fastball,55,0.2903225806451613,0.5384615384615384,0.285875
665833,FF,4-Seam FB,Fastball,516,0.2576419213973799,0.5142857142857142,0.3945067207207207
665833,SL,Slider,Breaking,260,0.42452830188679247,0.3584905660377358,0.31146677966101693
665833,SI,Sinker,Fastball,248,0.21348314606741572,0.3584905660377358,0.3589441694915254
665833,CH,Changeup,Offspeed,237,0.4954128440366973,0.46551724137931033,0.3106467741935484
665833,ST,Sweeper,Breaking,141,0.38181818181818183,0.7,0.35749647058823525
665833,FC,Cutter,Fastball,121,0.27586206896551724,0.8571428571428571,0.49311896296296304
665833,CU,Curveball,Breaking,115,0.5,0.4666666666666667,0.24556666666666663
665833,FS,Splitter,Offspeed,81,0.5588235294117647,0.25,0.161215
665833,KC,Knuckle-Curve,Breaking,49,0.36363636363636365,0.6666666666666666,0.5295183333333334
665861,FF,4-Seam FB,Fastball,98,0.2903225806451613,0.3333333333333333,0.36034
665861,SL,Slider,Breaking,41,0.34782608695652173,0.2,0.2686525
665861,SI,Sinker,Fastball,39,0.05263157894736842,0.25,0.2838333333333333
665861,ST,Sweeper,Breaking,27,0.26666666666666666,0.3333333333333333,0.2926666666666667
665862,FF,4-Seam FB,Fastball,709,0.22289156626506024,0.32075471698113206,0.30363831460674157
665862,SL,Slider,Breaking,299,0.42105263157894735,0.546875,0.2933628169014085
665862,SI,Sinker,Fastball,286,0.22137404580152673,0.5517241379310345,0.4043607419354839
665862,CH,Changeup,Offspeed,257,0.35714285714285715,0.45614035087719296,0.28927864406779663
665862,FC,Cutter,Fastball,196,0.38961038961038963,0.3333333333333333,0.35837783783783783
665862,CU,Curveball,Breaking,186,0.44565217391304346,0.3018867924528302,0.19331192307692308
665862,ST,Sweeper,Breaking,159,0.2875,0.46511627906976744,0.26345911111111114
665862,FS,Splitter,Offspeed,116,0.45098039215686275,0.058823529411764705,0.11881250000000002
665862,KC,Knuckle-Curve,Breaking,48,0.2777777777777778,0.14285714285714285,0.29227749999999997
665877,FF,4-Seam FB,Fastball,479,0.13304721030042918,0.42857142857142855,0.2674624137931034
665877,SI,Sinker,Fastball,315,0.07142857142857142,0.4230769230769231,0.3609936543209877
665877,SL,Slider,Breaking,207,0.17391304347826086,0.26666666666666666,0.25729531914893616
665877,ST,Sweeper,Breaking,161,0.16279069767441862,0.14285714285714285,0.18902754545454548
665877,CH,Changeup,Offspeed,154,0.16666666666666666,0.2777777777777778,0.3054531578947368
665877,FC,Cutter,Fastball,127,0.23214285714285715,0.18518518518518517,0.25998827586206896
665877,CU,Curveball,Breaking,116,0.0967741935483871,0.3333333333333333,0.31414285714285717
665923,FF,4-Seam FB,Fastball,333,0.3,0.5333333333333333,0.32036608333333333
665923,SI,Sinker,Fastball,199,0.19101123595505617,0.17142857142857143,0.3186336956521739
665923,SL,Slider,Breaking,115,0.42424242424242425,0.375,0.16383647058823528
665923,CH,Changeup,Offspeed,114,0.3225806451612903,0.3793103448275862,0.3149876875
665923,ST,Sweeper,Breaking,111,0.3559322033898305,0.5555555555555556,0.3007839259259259
665923,FC,Cutter,Fastball,89,0.41304347826086957,0.17647058823529413,0.21829922222222223
665923,CU,Curveball,Breaking,59,0.14814814814814814,0.0,0.23835430769230767
665923,FS,Splitter,Offspeed,25,0.5882352941176471,0.0,0.0
665926,FF,4-Seam FB,Fastball,625,0.23607427055702918,0.4357142857142857,0.27428177181208047
665926,SI,Sinker,Fastball,337,0.16201117318435754,0.36585365853658536,0.3213893260869565
665926,SL,Slider,Breaking,218,0.2982456140350877,0.203125,0.2247785
665926,CH,Changeup,Offspeed,192,0.3008849557522124,0.3018867924528302,0.24659934615384616
665926,FC,Cutter,Fastball,154,0.18085106382978725,0.3333333333333333,0.27542857142857147
665926,ST,Sweeper,Breaking,144,0.3023255813953488,0.3235294117647059,0.2717747027027027
665926,CU,Curveball,Breaking,122,0.21666666666666667,0.8333333333333334,0.3506068888888889
665926,FS,Splitter,Offspeed,57,0.3783783783783784,0.2,0.238
665926,KC,Knuckle-Curve,Breaking,41,0.25806451612903225,0.4375,0.28375
665953,FF,4-Seam FB,Fastball,226,0.21428571428571427,0.7076923076923077,0.44958615384615386
665953,CH,Changeup,Offspeed,157,0.4647887323943662,0.2413793103448276,0.2527774193548387
665953,SI,Sinker,Fastball,120,0.1724137931034483,0.625,0.40237428571428574
665953,SL,Slider,Breaking,120,0.5087719298245614,0.36363636363636365,0.34749948148148146
665953,ST,Sweeper,Breaking,118,0.49019607843137253,0.2,0.19476118518518518
665953,CU,Curveball,Breaking,83,0.28125,0.5,0.4256822857142857
665953,FC,Cutter,Fastball,65,0.16129032258064516,0.5263157894736842,0.29038
665953,FS,Splitter,Offspeed,37,0.4583333333333333,0.5,0.0662857142857143
665966,FF,4-Seam FB,Fastball,471,0.3541666666666667,0.08235294117647059,0.22206061702127658
665966,SL,Slider,Breaking,208,0.4473684210526316,0.15384615384615385,0.21080330769230768
665966,SI,Sinker,Fastball,190,0.1,0.28,0.3294379622641509
665966,FC,Cutter,Fastball,99,0.44,0.375,0.3552992222222222
665966,ST,Sweeper,Breaking,77,0.3157894736842105,0.631578947368421,0.20589473684210527
665966,CH,Changeup,Offspeed,72,0.3181818181818182,0.25,0.2601161904761905
665966,CU,Curveball,Breaking,50,0.2916666666666667,0.42857142857142855,0.5838571428571429
666018,FF,4-Seam FB,Fastball,1175,0.2513089005235602,0.38967136150234744,0.3422675020408163
666018,SI,Sinker,Fastball,371,0.14285714285714285,0.43478260869565216,0.3412684952380952
666018,SL,Slider,Breaking,295,0.24390243902439024,0.5142857142857142,0.30099008108108105
666018,CH,Changeup,Offspeed,245,0.15873015873015872,0.5,0.35366338028169014
666018,FC,Cutter,Fastball,221,0.27049180327868855,0.509090909090909,0.3834633770491804
666018,CU,Curveball,Breaking,151,0.25862068965517243,0.4411764705882353,0.3623347567567567
666018,ST,Sweeper,Breaking,123,0.20833333333333334,0.6,0.4452255483870967
666018,FS,Splitter,Offspeed,95,0.16666666666666666,0.2857142857142857,0.2877578571428572
666018,KC,Knuckle-Curve,Breaking,47,0.26666666666666666,0.2,0.1985166
666023,FF,4-Seam FB,Fastball,345,0.2198952879581152,0.36363636363636365,0.2848545301204819
666023,SI,Sinker,Fastball,203,0.11926605504587157,0.3448275862068966,0.2903906101694915
666023,SL,Slider,Breaking,180,0.375,0.1794871794871795,0.23985952380952386
666023,ST,Sweeper,Breaking,89,0.40476190476190477,0.2631578947368421,0.26801157894736843
666023,CH,Changeup,Offspeed,87,0.525,0.25,0.20868270588235294
666023,FC,Cutter,Fastball,69,0.24444444444444444,0.375,0.28260117647058824
666023,CU,Curveball,Breaking,58,0.34782608695652173,0.4444444444444444,0.16840000000000002
666126,FF,4-Seam FB,Fastball,463,0.12217194570135746,0.5058823529411764,0.3661909278350516
666126,SI,Sinker,Fastball,292,0.1885245901639344,0.3389830508474576,0.3095986176470588
666126,CH,Changeup,Offspeed,203,0.2857142857142857,0.2830188679245283,0.2415280701754386
666126,SL,Slider,Breaking,161,0.25925925925925924,0.45652173913043476,0.302181625
666126,FC,Cutter,Fastball,115,0.2830188679245283,0.625,0.3570888
666126,CU,Curveball,Breaking,106,0.3191489361702128,0.17391304347826086,0.1371304347826087
666126,FS,Splitter,Offspeed,89,0.21951219512195122,0.28,0.32395833333333335
666126,ST,Sweeper,Breaking,87,0.43478260869565216,0.18181818181818182,0.26258190476190474
666126,KC,Knuckle-Curve,Breaking,44,0.30434782608695654,0.5,0.24214285714285713
666139,FF,4-Seam FB,Fastball,572,0.3504823151125402,0.45454545454545453,0.2987843962264151
666139,SI,Sinker,Fastball,194,0.21904761904761905,0.2553191489361702,0.2838407843137255
666139,CH,Changeup,Offspeed,176,0.24719101123595505,0.35,0.3005088372093023
666139,SL,Slider,Breaking,165,0.41414141414141414,0.375,0.20177142857142857
666139,FC,Cutter,Fastball,117,0.33783783783783783,0.42857142857142855,0.3053944827586207
666139,ST,Sweeper,Breaking,107,0.3392857142857143,0.24,0.29023306666666665
666139,CU,Curveball,Breaking,84,0.29545454545454547,0.47619047619047616,0.2611578947368421
666139,FS,Splitter,Offspeed,80,0.3877551020408163,0.4375,0.34476375
666152,FF,4-Seam FB,Fastball,503,0.1391304347826087,0.44144144144144143,0.3299259016393443
666152,SI,Sinker,Fastball,257,0.13333333333333333,0.46296296296296297,0.383536125
666152,SL,Slider,Breaking,243,0.3879310344827586,0.4107142857142857,0.21675846153846157
666152,FC,Cutter,Fastball,151,0.11842105263157894,0.3157894736842105,0.20528769230769234
666152,CH,Changeup,Offspeed,146,0.3333333333333333,0.25806451612903225,0.22990733333333332
666152,ST,Sweeper,Breaking,119,0.3018867924528302,0.125,0.13216666666666665
666152,CU,Curveball,Breaking,79,0.3333333333333333,0.14285714285714285,0.08107692307692306
666152,FS,Splitter,Offspeed,67,0.2857142857142857,0.05555555555555555,0.20044444444444448
666152,KC,Knuckle-Curve,Breaking,27,0.1,0.0,0.1386
666160,FF,4-Seam FB,Fastball,410,0.29343629343629346,0.5636363636363636,0.29429357142857143
666160,CH,Changeup,Offspeed,241,0.3129251700680272,0.37681159420289856,0.23798529411764704
666160,SL,Slider,Breaking,188,0.37142857142857144,0.38636363636363635,0.23548097872340426
666160,SI,Sinker,Fastball,185,0.1262135922330097,0.45,0.3270447096774194
666160,FC,Cutter,Fastball,149,0.24468085106382978,0.47058823529411764,0.28065999999999997
666160,ST,Sweeper,Breaking,138,0.3974358974358974,0.631578947368421,0.2665415
666160,CU,Curveball,Breaking,114,0.41509433962264153,0.48148148148148145,0.37992933333333334
666160,FS,Splitter,Offspeed,77,0.39622641509433965,0.2857142857142857,0.22893217391304346
666160,KC,Knuckle-Curve,Breaking,37,0.36363636363636365,0.0,0.1366525
666163,FF,4-Seam FB,Fastball,34,0.21052631578947367,0.0,0.055400000000000005
666176,FF,4-Seam FB,Fastball,734,0.24519230769230768,0.4350282485875706,0.3451212577319588
666176,SI,Sinker,Fastball,522,0.1889763779527559,0.33076923076923076,0.3388711408450704
666176,SL,Slider,Breaking,431,0.38738738738738737,0.29213483146067415,0.21803909090909093
666176,ST,Sweeper,Breaking,270,0.3380281690140845,0.4915254237288136,0.2970186774193548
666176,CH,Changeup,Offspeed,260,0.3961038961038961,0.4714285714285714,0.3393895774647887
666176,FC,Cutter,Fastball,201,0.25961538461538464,0.2631578947368421,0.3985969545454546
666176,CU,Curveball,Breaking,126,0.2835820895522388,0.7666666666666667,0.38500553333333337
666176,FS,Splitter,Offspeed,62,0.2631578947368421,0.125,0.25742152941176466
666176,KC,Knuckle-Curve,Breaking,36,0.3125,0.6666666666666666,0.5145714285714286
666181,FF,4-Seam FB,Fastball,170,0.2261904761904762,0.4318181818181818,0.3587461538461538
666181,CH,Changeup,Offspeed,115,0.48936170212765956,0.35294117647058826,0.19680352941176468
666181,CU,Curveball,Breaking,82,0.5666666666666667,0.13333333333333333,0.24891287499999998
666181,SI,Sinker,Fastball,40,0.14285714285714285,0.5,0.7499574999999999
666181,SL,Slider,Breaking,36,0.35294117647058826,0.0,0.08232199999999999
666181,ST,Sweeper,Breaking,32,0.45454545454545453,0.0,0.09380000000000001
666181,FC,Cutter,Fastball,31,0.3125,0.16666666666666666,0.4185366666666667
666182,FF,4-Seam FB,Fastball,765,0.15777262180974477,0.3767123287671233,0.32974699999999996
666182,SI,Sinker,Fastball,645,0.11071428571428571,0.28104575163398693,0.283262096969697
666182,SL,Slider,Breaking,355,0.2537313432835821,0.6020408163265306,0.388001
666182,ST,Sweeper,Breaking,254,0.36363636363636365,0.45454545454545453,0.3115405970149253
666182,CH,Changeup,Offspeed,225,0.2,0.34782608695652173,0.2994202702702703
666182,FC,Cutter,Fastball,151,0.11842105263157894,0.5142857142857142,0.4031788888888889
666182,CU,Curveball,Breaking,147,0.19718309859154928,0.4358974358974359,0.3782472727272727
666182,FS,Splitter,Offspeed,77,0.30952380952380953,0.2916666666666667,0.36955330769230776
666182,KC,Knuckle-Curve,Breaking,38,0.2916666666666667,0.4,0.27851375
666185,FF,4-Seam FB,Fastball,34,0.4375,0.5555555555555556,0.03133333333333333
666211,FF,4-Seam FB,Fastball,422,0.33175355450236965,0.40860215053763443,0.34211675728155344
666211,CH,Changeup,Offspeed,156,0.43023255813953487,0.2222222222222222,0.21539608695652174
666211,SL,Slider,Breaking,127,0.576271186440678,0.3076923076923077,0.22016641379310342
666211,SI,Sinker,Fastball,109,0.19047619047619047,0.46153846153846156,0.3182027586206897
666211,FC,Cutter,Fastball,101,0.38181818181818183,0.6153846153846154,0.5233097647058824
666211,ST,Sweeper,Breaking,101,0.3191489361702128,0.08333333333333333,0.1537288
666211,CU,Curveball,Breaking,82,0.5333333333333333,0.6875,0.3119541176470588
666211,FS,Splitter,Offspeed,42,0.48,0.16666666666666666,0.07963636363636363
666211,KC,Knuckle-Curve,Breaking,25,0.4,0.16666666666666666,0.22788085714285714
666310,FF,4-Seam FB,Fastball,131,0.10144927536231885,0.17647058823529413,0.35003935483870974
666310,SL,Slider,Breaking,77,0.20512820512820512,0.05263157894736842,0.29530222222222224
666310,SI,Sinker,Fastball,72,0.030303030303030304,0.5714285714285714,0.32120333333333334
666310,CH,Changeup,Offspeed,65,0.25925925925925924,0.8181818181818182,0.33365636363636364
666310,FC,Cutter,Fastball,57,0.16,0.3333333333333333,0.21763636363636366
666310,CU,Curveball,Breaking,44,0.07692307692307693,0.14285714285714285,0.3265366666666667
666310,ST,Sweeper,Breaking,37,0.35714285714285715,0.0,0.0
666397,FF,4-Seam FB,Fastball,443,0.10919540229885058,0.23529411764705882,0.3617317777777777
666397,CH,Changeup,Offspeed,151,0.3333333333333333,0.17073170731707318,0.25815857142857146
666397,SL,Slider,Breaking,135,0.5272727272727272,0.32,0.31245931034482755
666397,SI,Sinker,Fastball,130,0.06,0.5357142857142857,0.44022903225806453
666397,FC,Cutter,Fastball,113,0.21739130434782608,0.4,0.32658159999999997
666397,CU,Curveball,Breaking,93,0.3103448275862069,0.4,0.27958999999999995
666397,ST,Sweeper,Breaking,81,0.29411764705882354,0.2916666666666667,0.34605948148148147
666397,FS,Splitter,Offspeed,47,0.38095238095238093,1.3333333333333333,0.4927033333333333
666397,KC,Knuckle-Curve,Breaking,36,0.38461538461538464,0.2,0.27640000000000003
666464,SI,Sinker,Fastball,51,0.16666666666666666,0.42857142857142855,0.1782
666464,FF,4-Seam FB,Fastball,47,0.10714285714285714,0.2,0.15725
666464,CH,Changeup,Offspeed,29,0.3157894736842105,0.1,0.26802444444444445
666464,ST,Sweeper,Breaking,29,0.1875,0.42857142857142855,0.23760000000000003
666624,FF,4-Seam FB,Fastball,144,0.3235294117647059,0.05555555555555555,0.19776436842105263
666624,SL,Slider,Breaking,63,0.41379310344827586,0.25,0.20350000000000001
666624,SI,Sinker,Fastball,55,0.13043478260869565,0.13333333333333333,0.17538874999999998
666624,ST,Sweeper,Breaking,54,0.3333333333333333,0.25,0.16572727272727272
666624,CH,Changeup,Offspeed,39,0.6153846153846154,0.5384615384615384,0.19725
666624,CU,Curveball,Breaking,27,0.4,0.0,0.18450000000000003
666969,FF,4-Seam FB,Fastball,355,0.33544303797468356,0.2923076923076923,0.3073371142857143
666969,SI,Sinker,Fastball,226,0.1927710843373494,0.3,0.3280314285714286
666969,SL,Slider,Breaking,171,0.37349397590361444,0.4782608695652174,0.2432704347826087
666969,ST,Sweeper,Breaking,116,0.3333333333333333,0.39285714285714285,0.23257799999999998
666969,CH,Changeup,Offspeed,104,0.4666666666666667,0.2631578947368421,0.15652941176470586
666969,FC,Cutter,Fastball,68,0.3,0.3,0.3878381818181818
666969,CU,Curveball,Breaking,51,0.5,0.5,0.3741707692307692
666969,FS,Splitter,Offspeed,48,0.35714285714285715,0.5384615384615384,0.3825275
666971,FF,4-Seam FB,Fastball,188,0.19,0.2708333333333333,0.285117037037037
666971,SI,Sinker,Fastball,156,0.10227272727272728,0.30434782608695654,0.31368663999999996
666971,SL,Slider,Breaking,105,0.34615384615384615,0.25,0.2712793548387097
666971,CH,Changeup,Offspeed,91,0.36538461538461536,0.3103448275862069,0.19134482758620688
666971,ST,Sweeper,Breaking,63,0.25925925925925924,0.2222222222222222,0.15109999999999998
666971,FC,Cutter,Fastball,55,0.21875,0.4117647058823529,0.34794117647058825
666971,FS,Splitter,Offspeed,32,0.6,0.2,0.1446
667472,FF,4-Seam FB,Fastball,471,0.23618090452261306,0.3229166666666667,0.2620966603773585
667472,SI,Sinker,Fastball,283,0.11965811965811966,0.4918032786885246,0.3668537313432836
667472,SL,Slider,Breaking,187,0.275,0.37777777777777777,0.30937913043478266
667472,CH,Changeup,Offspeed,141,0.2535211267605634,0.3125,0.3882793548387097
667472,ST,Sweeper,Breaking,121,0.20833333333333334,0.37037037037037035,0.27833124137931037
667472,FC,Cutter,Fastball,101,0.32558139534883723,0.14285714285714285,0.37037084210526316
667472,CU,Curveball,Breaking,91,0.06666666666666667,0.4444444444444444,0.2438
667472,FS,Splitter,Offspeed,29,0.26666666666666666,0.0,0.1557457142857143
667670,FF,4-Seam FB,Fastball,178,0.34782608695652173,0.5714285714285714,0.35432722807017547
667670,SI,Sinker,Fastball,158,0.0945945945945946,0.4666666666666667,0.37751913043478263
667670,SL,Slider,Breaking,140,0.5492957746478874,0.4827586206896552,0.21271428571428572
667670,ST,Sweeper,Breaking,108,0.43636363636363634,0.0,0.3093577777777778
667670,CH,Changeup,Offspeed,88,0.46,0.30434782608695654,0.19705809523809525
667670,FC,Cutter,Fastball,45,0.23809523809523808,0.875,0.3977142857142857
667670,CU,Curveball,Breaking,26,0.42857142857142855,0.25,0.367444
668227,FF,4-Seam FB,Fastball,822,0.30158730158730157,0.39215686274509803,0.3581385
668227,SI,Sinker,Fastball,556,0.19811320754716982,0.53,0.4295121499999999
668227,SL,Slider,Breaking,411,0.3062200956937799,0.5625,0.2858562828282828
668227,CH,Changeup,Offspeed,310,0.23076923076923078,0.4583333333333333,0.33130815
668227,ST,Sweeper,Breaking,255,0.232,0.5217391304347826,0.33526317808219175
668227,FC,Cutter,Fastball,211,0.2608695652173913,0.5526315789473685,0.3614103902439024
668227,CU,Curveball,Breaking,150,0.20833333333333334,0.5405405405405406,0.3269469756097561
668227,FS,Splitter,Offspeed,76,0.30303030303030304,0.29411764705882354,0.24154663157894737
668227,KC,Knuckle-Curve,Breaking,38,0.29411764705882354,0.5,0.33890666666666663
668670,FF,4-Seam FB,Fastball,247,0.2396694214876033,0.38181818181818183,0.25292933333333334
668670,SL,Slider,Breaking,118,0.45454545454545453,0.08695652173913043,0.16547503703703706
668670,SI,Sinker,Fastball,108,0.1111111111111111,0.36,0.421096
668670,FC,Cutter,Fastball,80,0.28,0.15384615384615385,0.3250586666666667
668670,CH,Changeup,Offspeed,57,0.45,0.16666666666666666,0.20332461538461538
668670,ST,Sweeper,Breaking,54,0.17647058823529413,0.3333333333333333,0.290122
668670,CU,Curveball,Breaking,39,0.21428571428571427,0.42857142857142855,0.1566525
668709,FF,4-Seam FB,Fastball,581,0.1919191919191919,0.4748201438848921,0.3898288888888889
668709,CH,Changeup,Offspeed,363,0.4067796610169492,0.3717948717948718,0.3137206976744186
668709,SI,Sinker,Fastball,309,0.13333333333333333,0.3918918918918919,0.39234211764705873
668709,SL,Slider,Breaking,255,0.3508771929824561,0.423728813559322,0.24580409230769232
668709,ST,Sweeper,Breaking,179,0.3220338983050847,0.43333333333333335,0.2852817368421052
668709,CU,Curveball,Breaking,173,0.3333333333333333,0.64,0.40204793548387097
668709,FC,Cutter,Fastball,146,0.15942028985507245,0.5517241379310345,0.3887561290322581
668709,FS,Splitter,Offspeed,114,0.38095238095238093,0.14285714285714285,0.20834387096774193
668715,FF,4-Seam FB,Fastball,435,0.27835051546391754,0.43157894736842106,0.34224171153846156
668715,SI,Sinker,Fastball,395,0.18072289156626506,0.4418604651162791,0.3658233265306122
668715,SL,Slider,Breaking,193,0.31683168316831684,0.3953488372093023,0.3720153488372093
668715,ST,Sweeper,Breaking,171,0.2,0.34210526315789475,0.28389370588235296
668715,CH,Changeup,Offspeed,143,0.3157894736842105,0.42105263157894735,0.22580628571428568
668715,FC,Cutter,Fastball,98,0.2127659574468085,0.56,0.3893933333333333
668715,CU,Curveball,Breaking,94,0.23529411764705882,0.3157894736842105,0.2759375
668715,FS,Splitter,Offspeed,38,0.17647058823529413,0.875,0.60489575
668723,FF,4-Seam FB,Fastball,468,0.275,0.39325842696629215,0.3035358446601942
668723,SI,Sinker,Fastball,207,0.09278350515463918,0.33962264150943394,0.310117649122807
668723,SL,Slider,Breaking,126,0.359375,0.2857142857142857,0.41601692307692306
668723,CH,Changeup,Offspeed,104,0.20833333333333334,0.9615384615384616,0.42516230769230773
668723,FC,Cutter,Fastball,81,0.14634146341463414,0.6,0.40674727272727274
668723,CU,Curveball,Breaking,73,0.28125,0.36363636363636365,0.29623809523809524
668723,ST,Sweeper,Breaking,63,0.25,0.1111111111111111,0.12322222222222222
668800,FF,4-Seam FB,Fastball,99,0.2708333333333333,0.25,0.18692583333333335
668800,SI,Sinker,Fastball,54,0.125,0.2,0.189782
668800,CH,Changeup,Offspeed,44,0.25806451612903225,0.35294117647058826,0.2418125
668800,SL,Slider,Breaking,39,0.23809523809523808,0.2857142857142857,0.32810661538461533
668800,ST,Sweeper,Breaking,25,0.625,2.0,0.9220553333333333
668804,FF,4-Seam FB,Fastball,730,0.19722222222222222,0.5942857142857143,0.4100147916666666
668804,CH,Changeup,Offspeed,453,0.2879581151832461,0.37254901960784315,0.31623785321100917
668804,SL,Slider,Breaking,386,0.43333333333333335,0.25333333333333335,0.27759908333333333
668804,SI,Sinker,Fastball,376,0.16339869281045752,0.3783783783783784,0.4153204893617021
668804,FC,Cutter,Fastball,250,0.2553191489361702,0.37254901960784315,0.40117549090909094
668804,CU,Curveball,Breaking,245,0.36134453781512604,0.42857142857142855,0.33310134375
668804,ST,Sweeper,Breaking,181,0.3815789473684211,0.35,0.34108130612244897
668804,FS,Splitter,Offspeed,90,0.2972972972972973,0.4375,0.25226666666666664
668804,KC,Knuckle-Curve,Breaking,54,0.41379310344827586,0.21428571428571427,0.21201466666666666
668885,FF,4-Seam FB,Fastball,453,0.07352941176470588,0.411214953271028,0.3520755447154471
668885,SI,Sinker,Fastball,310,0.13333333333333333,0.3181818181818182,0.322353075
668885,SL,Slider,Breaking,184,0.34210526315789475,0.17073170731707318,0.19568465116279068
668885,CH,Changeup,Offspeed,150,0.375,0.11764705882352941,0.16883944444444443
668885,FC,Cutter,Fastball,119,0.2549019607843137,0.36,0.3718883870967742
668885,ST,Sweeper,Breaking,102,0.3333333333333333,0.5217391304347826,0.33701328
668885,CU,Curveball,Breaking,92,0.38095238095238093,0.3076923076923077,0.22221877777777774
668901,FF,4-Seam FB,Fastball,303,0.27586206896551724,0.463768115942029,0.32566117808219175
668901,SI,Sinker,Fastball,185,0.13,0.34615384615384615,0.29902974074074073
668901,SL,Slider,Breaking,169,0.4634146341463415,0.425,0.35183179487179483
668901,CH,Changeup,Offspeed,154,0.3617021276595745,0.48936170212765956,0.30316173913043476
668901,ST,Sweeper,Breaking,102,0.375,0.18518518518518517,0.20248000000000002
668901,CU,Curveball,Breaking,82,0.3,0.3333333333333333,0.31755774999999997
668901,FC,Cutter,Fastball,56,0.3,0.5,0.34667294117647063
668901,FS,Splitter,Offspeed,39,0.4782608695652174,0.18181818181818182,0.2642683333333333
668904,FF,4-Seam FB,Fastball,610,0.2508361204013378,0.3037037037037037,0.2777639130434782
668904,SL,Slider,Breaking,326,0.3668639053254438,0.34177215189873417,0.26806029213483146
668904,SI,Sinker,Fastball,313,0.2147239263803681,0.5421686746987951,0.4339570804597701
668904,CH,Changeup,Offspeed,229,0.41379310344827586,0.3333333333333333,0.26706934615384614
668904,ST,Sweeper,Breaking,219,0.375,0.39285714285714285,0.2824261818181818
668904,FC,Cutter,Fastball,185,0.37623762376237624,0.4166666666666667,0.36389951219512195
668904,CU,Curveball,Breaking,105,0.4146341463414634,0.36363636363636365,0.2154190909090909
668904,FS,Splitter,Offspeed,59,0.3225806451612903,0.2,0.32557625
668904,KC,Knuckle-Curve,Breaking,34,0.6875,0.3333333333333333,0.1911742857142857
668930,FF,4-Seam FB,Fastball,994,0.23668639053254437,0.4057142857142857,0.34155385981308406
668930,SI,Sinker,Fastball,478,0.12745098039215685,0.5463917525773195,0.3882189380530974
668930,SL,Slider,Breaking,376,0.3129251700680272,0.3707865168539326,0.3311692783505154
668930,CH,Changeup,Offspeed,326,0.22900763358778625,0.36363636363636365,0.27382140845070424
668930,FC,Cutter,Fastball,196,0.1927710843373494,0.7368421052631579,0.43324047619047623
668930,ST,Sweeper,Breaking,190,0.24561403508771928,0.5454545454545454,0.32463945945945943
668930,CU,Curveball,Breaking,180,0.21818181818181817,0.475,0.32343073170731707
668930,FS,Splitter,Offspeed,149,0.3888888888888889,0.27906976744186046,0.2823669565217391
668930,KC,Knuckle-Curve,Breaking,42,0.06666666666666667,0.5555555555555556,0.34199999999999997
668939,FF,4-Seam FB,Fastball,572,0.1171875,0.5416666666666666,0.3259248484848485
668939,CH,Changeup,Offspeed,276,0.20300751879699247,0.25,0.2914348780487805
668939,SI,Sinker,Fastball,274,0.1326530612244898,0.35,0.3742982089552238
668939,SL,Slider,Breaking,172,0.23076923076923078,0.48717948717948717,0.33945115000000003
668939,CU,Curveball,Breaking,153,0.1836734693877551,0.28,0.25456384615384614
668939,ST,Sweeper,Breaking,138,0.16666666666666666,0.21739130434782608,0.25863416666666666
668939,FC,Cutter,Fastball,113,0.2,1.0,0.46802999999999995
668939,FS,Splitter,Offspeed,61,0.17391304347826086,0.3333333333333333,0.29417076923076924
668939,KC,Knuckle-Curve,Breaking,32,0.2222222222222222,0.0,0.10983333333333334
668942,FF,4-Seam FB,Fastball,143,0.16,0.3076923076923077,0.2622275
668942,CH,Changeup,Offspeed,81,0.2857142857142857,0.3,0.18957894736842104
668942,SI,Sinker,Fastball,75,0.12195121951219512,0.16666666666666666,0.14449999999999996
668942,CU,Curveball,Breaking,39,0.2,0.3333333333333333,0.10316666666666667
668942,FC,Cutter,Fastball,30,0.23076923076923078,1.0,0.1787142857142857
668942,ST,Sweeper,Breaking,28,0.2,0.0,0.29802766666666664
668942,SL,Slider,Breaking,25,0.2727272727272727,0.4,0.4235
668952,FF,4-Seam FB,Fastball,295,0.22875816993464052,0.5657894736842105,0.37086307692307696
668952,SI,Sinker,Fastball,172,0.2222222222222222,0.37254901960784315,0.2955684727272727
668952,SL,Slider,Breaking,146,0.38271604938271603,0.18181818181818182,0.2810472352941177
668952,ST,Sweeper,Breaking,141,0.3055555555555556,0.26666666666666666,0.2443868965517242
668952,CH,Changeup,Offspeed,102,0.37254901960784315,0.09090909090909091,0.2376713043478261
668952,FC,Cutter,Fastball,92,0.3829787234042553,0.8461538461538461,0.367044
668952,CU,Curveball,Breaking,67,0.4,0.23809523809523808,0.20906260869565213
669003,FF,4-Seam FB,Fastball,769,0.2959770114942529,0.34545454545454546,0.34279052459016396
669003,SL,Slider,Breaking,310,0.4460431654676259,0.3698630136986301,0.33273982051282047
669003,SI,Sinker,Fastball,307,0.21008403361344538,0.4090909090909091,0.39434738271604936
669003,CH,Changeup,Offspeed,263,0.5412844036697247,0.2692307692307692,0.2691625
669003,FC,Cutter,Fastball,177,0.41304347826086957,0.7878787878787878,0.5041648484848484
669003,ST,Sweeper,Breaking,135,0.39285714285714285,0.7575757575757576,0.4119666666666666
669003,CU,Curveball,Breaking,123,0.3148148148148148,0.35714285714285715,0.2983383125
669003,FS,Splitter,Offspeed,115,0.4909090909090909,0.05,0.19802095238095235
669003,KC,Knuckle-Curve,Breaking,33,0.23529411764705882,0.7272727272727273,0.5007683333333333
669004,FF,4-Seam FB,Fastball,245,0.35658914728682173,0.4166666666666667,0.24265546428571433
669004,SL,Slider,Breaking,77,0.325,0.38461538461538464,0.2913395294117647
669004,CH,Changeup,Offspeed,62,0.3548387096774194,0.25,0.39831714285714287
669004,CU,Curveball,Breaking,58,0.4666666666666667,0.0,0.04970000000000001
669004,SI,Sinker,Fastball,51,0.35,0.3076923076923077,0.415287875
669004,ST,Sweeper,Breaking,42,0.16666666666666666,0.6,0.2961109090909091
669004,FC,Cutter,Fastball,32,0.2727272727272727,0.0,0.3660733333333333
669016,FF,4-Seam FB,Fastball,742,0.17391304347826086,0.45454545454545453,0.3481146892655367
669016,SI,Sinker,Fastball,261,0.10218978102189781,0.48148148148148145,0.39869362790697666
669016,SL,Slider,Breaking,261,0.3120567375886525,0.43243243243243246,0.29433473684210526
669016,CH,Changeup,Offspeed,237,0.3770491803278688,0.25396825396825395,0.23967766666666668
669016,ST,Sweeper,Breaking,208,0.4368932038834951,0.24,0.17727882352941174
669016,CU,Curveball,Breaking,176,0.24358974358974358,0.7272727272727273,0.3262982857142857
669016,FC,Cutter,Fastball,172,0.25,0.38235294117647056,0.24480058823529416
669016,FS,Splitter,Offspeed,111,0.3103448275862069,0.2647058823529412,0.20997058823529416
669016,KC,Knuckle-Curve,Breaking,34,0.47058823529411764,0.1111111111111111,0.12744444444444444
669065,FF,4-Seam FB,Fastball,667,0.3028571428571429,0.33974358974358976,0.30284941379310343
669065,CH,Changeup,Offspeed,271,0.4444444444444444,0.45454545454545453,0.2910538235294118
669065,SI,Sinker,Fastball,234,0.21818181818181817,0.47058823529411764,0.3748948524590164
669065,SL,Slider,Breaking,208,0.4260869565217391,0.5849056603773585,0.3686300327868853
669065,FC,Cutter,Fastball,155,0.30120481927710846,0.4666666666666667,0.3299790285714286
669065,ST,Sweeper,Breaking,135,0.3888888888888889,0.4,0.31904200000000005
669065,CU,Curveball,Breaking,113,0.2916666666666667,0.7307692307692307,0.4270014838709677
669065,FS,Splitter,Offspeed,102,0.576271186440678,0.5,0.28506384615384617
669065,KC,Knuckle-Curve,Breaking,41,0.4444444444444444,0.8181818181818182,0.3730138333333333
669087,FF,4-Seam FB,Fastball,52,0.35714285714285715,0.25,0.11141666666666668
669127,FF,4-Seam FB,Fastball,483,0.2905982905982906,0.5142857142857142,0.3646285737704918
669127,SL,Slider,Breaking,318,0.3525641025641026,0.4189189189189189,0.3284304
669127,SI,Sinker,Fastball,300,0.12582781456953643,0.5432098765432098,0.3882998352941177
669127,ST,Sweeper,Breaking,215,0.3125,0.3673469387755102,0.31347211999999997
669127,CH,Changeup,Offspeed,185,0.2857142857142857,0.2553191489361702,0.22989130434782606
669127,FC,Cutter,Fastball,167,0.3409090909090909,0.5142857142857142,0.40580684210526313
669127,CU,Curveball,Breaking,75,0.2903225806451613,0.4117647058823529,0.39813058823529407
669127,FS,Splitter,Offspeed,41,0.3333333333333333,0.8181818181818182,0.3181818181818182
669127,KC,Knuckle-Curve,Breaking,29,0.5,1.0,0.520922
669134,FF,4-Seam FB,Fastball,279,0.2251655629139073,0.4166666666666667,0.338873947368421
669134,SI,Sinker,Fastball,202,0.16666666666666666,0.5,0.41875894117647056
669134,SL,Slider,Breaking,185,0.36363636363636365,0.4838709677419355,0.3103685
669134,ST,Sweeper,Breaking,115,0.35185185185185186,0.19230769230769232,0.169891
669134,CH,Changeup,Offspeed,113,0.28846153846153844,0.4375,0.3227466666666667
669134,FC,Cutter,Fastball,85,0.25,0.47058823529411764,0.3636863636363637
669134,CU,Curveball,Breaking,80,0.35294117647058826,0.2777777777777778,0.19737199999999996
669208,FF,4-Seam FB,Fastball,36,0.4,0.2,0.282555
669221,FF,4-Seam FB,Fastball,157,0.15789473684210525,0.24390243902439024,0.2984013636363636
669221,SI,Sinker,Fastball,95,0.1568627450980392,0.391304347826087,0.3506107142857143
669221,SL,Slider,Breaking,68,0.5357142857142857,0.6666666666666666,0.15225
669221,CH,Changeup,Offspeed,43,0.5789473684210527,0.0,0.3124436363636363
669221,FC,Cutter,Fastball,40,0.17391304347826086,0.8,0.3462
669221,ST,Sweeper,Breaking,39,0.5625,0.14285714285714285,0.20952749999999998
669221,CU,Curveball,Breaking,25,0.6363636363636364,0.0,0.09916666666666668
669224,FF,4-Seam FB,Fastball,480,0.20434782608695654,0.39,0.3227423442622951
669224,SL,Slider,Breaking,231,0.39090909090909093,0.15384615384615385,0.20934962962962964
669224,SI,Sinker,Fastball,210,0.16037735849056603,0.45454545454545453,0.362268
669224,CH,Changeup,Offspeed,209,0.38613861386138615,0.2,0.2719732
669224,FC,Cutter,Fastball,139,0.18571428571428572,0.7916666666666666,0.5477810666666667
669224,CU,Curveball,Breaking,127,0.30952380952380953,0.3125,0.22663555555555556
669224,ST,Sweeper,Breaking,120,0.39215686274509803,0.25,0.15633333333333332
669224,FS,Splitter,Offspeed,88,0.4418604651162791,0.0,0.21759399999999998
669224,KC,Knuckle-Curve,Breaking,32,0.2727272727272727,0.0,0.042749999999999996
669236,FF,4-Seam FB,Fastball,311,0.2111111111111111,0.4696969696969697,0.3401076470588235
669236,SL,Slider,Breaking,208,0.38095238095238093,0.4166666666666667,0.28858000000000006
669236,SI,Sinker,Fastball,159,0.07526881720430108,0.48,0.266920125
669236,CH,Changeup,Offspeed,113,0.4426229508196721,0.21875,0.24100666666666667
669236,ST,Sweeper,Breaking,107,0.24561403508771928,0.4230769230769231,0.30148762962962966
669236,FC,Cutter,Fastball,101,0.2962962962962963,0.48,0.34128879999999995
669236,CU,Curveball,Breaking,75,0.45714285714285713,0.045454545454545456,0.10872727272727273
669236,FS,Splitter,Offspeed,26,0.23076923076923078,0.4,0.2994
669242,FF,4-Seam FB,Fastball,433,0.21568627450980393,0.2782608695652174,0.25185529687499997
669242,CH,Changeup,Offspeed,169,0.2261904761904762,0.32608695652173914,0.2826217021276596
669242,SL,Slider,Breaking,148,0.3466666666666667,0.42857142857142855,0.37551061111111117
669242,SI,Sinker,Fastball,121,0.041666666666666664,0.5862068965517241,0.41601961111111113
669242,FC,Cutter,Fastball,116,0.12280701754385964,0.6551724137931034,0.4071462424242424
669242,CU,Curveball,Breaking,112,0.45,0.10526315789473684,0.17197076190476193
669242,ST,Sweeper,Breaking,64,0.1875,0.25,0.23983329411764706
669242,FS,Splitter,Offspeed,50,0.3333333333333333,0.9166666666666666,0.40394
669257,FF,4-Seam FB,Fastball,399,0.1696969696969697,0.4090909090909091,0.4393142857142857
669257,SI,Sinker,Fastball,216,0.09,0.5098039215686274,0.47892440677966097
669257,SL,Slider,Breaking,184,0.1927710843373494,0.28888888888888886,0.27923604545454545
669257,ST,Sweeper,Breaking,130,0.2549019607843137,0.3793103448275862,0.24358620689655172
669257,CH,Changeup,Offspeed,118,0.1111111111111111,0.6956521739130435,0.4145776
669257,CU,Curveball,Breaking,87,0.36,0.16666666666666666,0.2245217333333333
669257,FC,Cutter,Fastball,83,0.18421052631578946,0.125,0.3796146666666667
669257,FS,Splitter,Offspeed,27,0.2857142857142857,0.125,0.158375
669288,FF,4-Seam FB,Fastball,31,0.23076923076923078,0.125,0.3000275
669289,FF,4-Seam FB,Fastball,93,0.1836734693877551,0.391304347826087,0.24464705882352944
669289,SI,Sinker,Fastball,43,0.15789473684210525,0.4,0.540625
669289,SL,Slider,Breaking,40,0.08333333333333333,0.6153846153846154,0.365
669289,CH,Changeup,Offspeed,28,0.08333333333333333,0.0,0.10266666666666668
669289,FC,Cutter,Fastball,25,0.3,0.14285714285714285,0.299805
669326,FF,4-Seam FB,Fastball,113,0.4444444444444444,0.041666666666666664,0.13648454545454544
669326,SI,Sinker,Fastball,57,0.1935483870967742,0.5555555555555556,0.36571882352941176
669326,SL,Slider,Breaking,39,0.45,0.2857142857142857,0.26275000000000004
669326,CH,Changeup,Offspeed,34,0.4,0.23076923076923078,0.18150000000000002
669326,ST,Sweeper,Breaking,31,0.5625,0.1,0.10225000000000001
669326,CU,Curveball,Breaking,25,0.5,0.0,0.13231714285714286
669357,FF,4-Seam FB,Fastball,475,0.3472222222222222,0.43373493975903615,0.345099387755102
669357,CH,Changeup,Offspeed,220,0.48360655737704916,0.1694915254237288,0.19567714285714286
669357,SI,Sinker,Fastball,131,0.2711864406779661,0.4642857142857143,0.34486
669357,SL,Slider,Breaking,123,0.3472222222222222,0.2692307692307692,0.31323851851851847
669357,FC,Cutter,Fastball,105,0.32,0.4782608695652174,0.34056521739130435
669357,CU,Curveball,Breaking,83,0.40625,0.1111111111111111,0.18199399999999996
669357,ST,Sweeper,Breaking,78,0.4358974358974359,0.1875,0.17755529411764706
669357,FS,Splitter,Offspeed,58,0.48484848484848486,0.0,0.1442142857142857
669364,FF,4-Seam FB,Fastball,701,0.13043478260869565,0.5436241610738255,0.3733123255813954
669364,CH,Changeup,Offspeed,367,0.3270440251572327,0.2625,0.2636020454545454
669364,SI,Sinker,Fastball,357,0.06134969325153374,0.38613861386138615,0.32930928571428575
669364,SL,Slider,Breaking,292,0.2366412213740458,0.296875,0.2736649275362319
669364,FC,Cutter,Fastball,188,0.1111111111111111,0.28888888888888886,0.2664048888888889
669364,CU,Curveball,Breaking,166,0.2647058823529412,0.18181818181818182,0.2867535135135135
669364,ST,Sweeper,Breaking,145,0.22413793103448276,0.3448275862068966,0.27621542857142856
669364,FS,Splitter,Offspeed,84,0.09090909090909091,0.35,0.23877238095238096
669364,KC,Knuckle-Curve,Breaking,42,0.25,0.0,0.17074999999999999
669369,FF,4-Seam FB,Fastball,88,0.3076923076923077,0.3333333333333333,0.18587684210526315
669369,CH,Changeup,Offspeed,31,0.26666666666666666,0.16666666666666666,0.16699999999999998
669369,SL,Slider,Breaking,31,0.3888888888888889,0.8333333333333334,0.236
669369,SI,Sinker,Fastball,28,0.4,0.0,0.1595
669384,FF,4-Seam FB,Fastball,59,0.18518518518518517,0.5333333333333333,0.26781714285714286
669384,SI,Sinker,Fastball,26,0.0,0.0,0.24977749999999999
669392,FF,4-Seam FB,Fastball,209,0.15151515151515152,0.5,0.3464803846153846
669392,SI,Sinker,Fastball,162,0.18181818181818182,0.41025641025641024,0.3381805531914894
669392,SL,Slider,Breaking,102,0.4,0.391304347826087,0.24988416666666668
669392,CH,Changeup,Offspeed,51,0.34375,0.5454545454545454,0.36709090909090913
669392,FC,Cutter,Fastball,46,0.17647058823529413,0.4,0.4887033333333333
669392,CU,Curveball,Breaking,43,0.2,0.2,0.2766
669392,ST,Sweeper,Breaking,42,0.5,0.45454545454545453,0.18999999999999997
669392,FS,Splitter,Offspeed,30,0.47368421052631576,0.0,0.1608022222222222
669394,FF,4-Seam FB,Fastball,601,0.28771929824561404,0.432258064516129,0.34727979999999997
669394,SL,Slider,Breaking,479,0.45726495726495725,0.35294117647058826,0.25011290909090905
669394,SI,Sinker,Fastball,441,0.17061611374407584,0.5346534653465347,0.38959671929824563
669394,ST,Sweeper,Breaking,270,0.34507042253521125,0.39436619718309857,0.2608221333333333
669394,CH,Changeup,Offspeed,240,0.460431654676259,0.417910447761194,0.3056794202898551
669394,FC,Cutter,Fastball,185,0.3023255813953488,0.36363636363636365,0.31354571428571426
669394,CU,Curveball,Breaking,89,0.3333333333333333,0.43478260869565216,0.35371525
669394,FS,Splitter,Offspeed,52,0.4666666666666667,0.36363636363636365,0.1088181818181818
669394,KC,Knuckle-Curve,Breaking,27,0.6666666666666666,1.0,0.3600332
669397,FF,4-Seam FB,Fastball,230,0.26666666666666666,0.4230769230769231,0.2519189090909091
669397,SI,Sinker,Fastball,127,0.08333333333333333,0.425,0.290686
669397,SL,Slider,Breaking,65,0.3055555555555556,0.14285714285714285,0.17114285714285712
669397,ST,Sweeper,Breaking,60,0.3076923076923077,0.3076923076923077,0.17094042857142858
669397,FC,Cutter,Fastball,55,0.20689655172413793,0.5333333333333333,0.2787776470588235
669397,CH,Changeup,Offspeed,36,0.2727272727272727,0.45454545454545453,0.2080909090909091
669397,CU,Curveball,Breaking,28,0.3333333333333333,0.0,0.014333333333333332
669398,FF,4-Seam FB,Fastball,53,0.17647058823529413,0.07692307692307693,0.31176923076923074
669477,FF,4-Seam FB,Fastball,419,0.16595744680851063,0.37719298245614036,0.34098584210526317
669477,SI,Sinker,Fastball,311,0.0945945945945946,0.39325842696629215,0.379046
669477,SL,Slider,Breaking,224,0.31092436974789917,0.3050847457627119,0.26820689655172414
669477,ST,Sweeper,Breaking,167,0.2111111111111111,0.7872340425531915,0.47779659574468086
669477,FC,Cutter,Fastball,124,0.18181818181818182,0.7407407407407407,0.34975353333333337
669477,CH,Changeup,Offspeed,110,0.2903225806451613,0.7931034482758621,0.45883517241379307
669477,CU,Curveball,Breaking,77,0.3157894736842105,0.26666666666666666,0.26607625
669477,KC,Knuckle-Curve,Breaking,30,0.4375,0.8571428571428571,0.3231428571428571
669477,FS,Splitter,Offspeed,25,0.5833333333333334,0.0,0.0
669699,FF,4-Seam FB,Fastball,109,0.234375,0.4444444444444444,0.3064289655172414
669699,SL,Slider,Breaking,46,0.4375,0.09523809523809523,0.19057142857142856
669699,FC,Cutter,Fastball,35,0.08333333333333333,0.4444444444444444,0.3015555555555556
669699,CU,Curveball,Breaking,32,0.21052631578947367,0.14285714285714285,0.185
669701,FF,4-Seam FB,Fastball,301,0.19014084507042253,0.3870967741935484,0.3207636176470588
669701,SI,Sinker,Fastball,171,0.12162162162162163,0.20512820512820512,0.31459230769230767
669701,CH,Changeup,Offspeed,142,0.2676056338028169,0.1111111111111111,0.23415473684210528
669701,SL,Slider,Breaking,118,0.3333333333333333,0.2608695652173913,0.21743499999999996
669701,FC,Cutter,Fastball,104,0.2857142857142857,0.3684210526315789,0.34866095238095235
669701,CU,Curveball,Breaking,80,0.39285714285714285,0.3076923076923077,0.1701707692307692
669701,ST,Sweeper,Breaking,76,0.34210526315789475,0.6666666666666666,0.229322875
669701,FS,Splitter,Offspeed,36,0.05,0.25,0.15274999999999997
669701,KC,Knuckle-Curve,Breaking,32,0.25,1.0,0.4435
669707,FF,4-Seam FB,Fastball,403,0.13471502590673576,0.35185185185185186,0.2810436697247707
669707,SI,Sinker,Fastball,272,0.15447154471544716,0.32,0.33220595402298847
669707,SL,Slider,Breaking,182,0.3472222222222222,0.1935483870967742,0.24098969696969696
669707,ST,Sweeper,Breaking,151,0.3064516129032258,0.24242424242424243,0.2938418947368421
669707,CH,Changeup,Offspeed,139,0.2898550724637681,0.34146341463414637,0.3109131707317073
669707,FC,Cutter,Fastball,133,0.328125,0.08333333333333333,0.1641304347826087
669707,CU,Curveball,Breaking,64,0.34615384615384615,0.26666666666666666,0.253148
669720,FF,4-Seam FB,Fastball,103,0.17307692307692307,0.6086956521739131,0.32464315789473686
669720,SL,Slider,Breaking,74,0.30952380952380953,0.21739130434782608,0.29170521739130434
669720,SI,Sinker,Fastball,66,0.2,0.35,0.3818235294117647
669720,CH,Changeup,Offspeed,63,0.475,0.35294117647058826,0.21394117647058822
669720,ST,Sweeper,Breaking,51,0.4827586206896552,0.5,0.17770000000000002
669720,CU,Curveball,Breaking,37,0.3333333333333333,0.25,0.18233333333333332
669720,FC,Cutter,Fastball,36,0.7,0.125,0.2587457142857143
669743,FF,4-Seam FB,Fastball,307,0.2109375,0.4375,0.35957353333333336
669743,SI,Sinker,Fastball,189,0.0875,0.24444444444444444,0.21115845833333333
669743,SL,Slider,Breaking,128,0.23333333333333334,0.24242424242424243,0.23466488235294117
669743,FC,Cutter,Fastball,76,0.15384615384615385,0.16666666666666666,0.3662992
669743,ST,Sweeper,Breaking,72,0.07692307692307693,0.35714285714285715,0.34562388235294117
669743,CH,Changeup,Offspeed,64,0.2,0.3333333333333333,0.18408333333333335
669743,CU,Curveball,Breaking,40,0.25,0.42857142857142855,0.22342857142857145
669899,FF,4-Seam FB,Fastball,126,0.4057971014492754,0.08695652173913043,0.17683307692307693
669899,CH,Changeup,Offspeed,27,0.16666666666666666,0.375,0.311625
669899,SL,Slider,Breaking,27,0.11764705882352941,1.0,0.60987
669911,FF,4-Seam FB,Fastball,41,0.25,0.2,0.358622
670032,FF,4-Seam FB,Fastball,340,0.16129032258064516,0.3939393939393939,0.25182215384615386
670032,SI,Sinker,Fastball,161,0.14102564102564102,0.42857142857142855,0.33315745945945946
670032,SL,Slider,Breaking,149,0.24,0.20689655172413793,0.28202316129032257
670032,CH,Changeup,Offspeed,125,0.22580645161290322,0.175,0.19625641025641025
670032,FC,Cutter,Fastball,79,0.10638297872340426,0.3333333333333333,0.3595248275862069
670032,ST,Sweeper,Breaking,68,0.15789473684210525,0.16666666666666666,0.17664000000000002
670032,CU,Curveball,Breaking,63,0.3103448275862069,0.25,0.2368952941176471
670032,FS,Splitter,Offspeed,31,0.17647058823529413,0.3333333333333333,0.22501276923076924
670042,FF,4-Seam FB,Fastball,334,0.34054054054054056,0.5697674418604651,0.41104529787234045
670042,CH,Changeup,Offspeed,212,0.49206349206349204,0.36363636363636365,0.299014347826087
670042,SI,Sinker,Fastball,123,0.24615384615384617,0.4827586206896552,0.38911538461538464
670042,SL,Slider,Breaking,122,0.4857142857142857,0.32142857142857145,0.26535813793103447
670042,CU,Curveball,Breaking,102,0.4358974358974359,0.47058823529411764,0.3351444
670042,FC,Cutter,Fastball,102,0.2727272727272727,0.7931034482758621,0.4255732903225806
670042,ST,Sweeper,Breaking,85,0.5365853658536586,0.4230769230769231,0.29196
670042,FS,Splitter,Offspeed,57,0.5428571428571428,0.0,0.06171428571428572
670042,KC,Knuckle-Curve,Breaking,34,0.5,0.0,0.12733333333333333
670097,FF,4-Seam FB,Fastball,102,0.30952380952380953,0.2222222222222222,0.24282808695652175
670097,SI,Sinker,Fastball,56,0.2962962962962963,0.25,0.23424666666666663
670097,ST,Sweeper,Breaking,35,0.16666666666666666,0.0,0.479688
670097,FC,Cutter,Fastball,28,0.29411764705882354,0.14285714285714285,0.14585714285714288
670097,CH,Changeup,Offspeed,25,0.3333333333333333,0.3333333333333333,0.34446000000000004
670156,FF,4-Seam FB,Fastball,50,0.09090909090909091,0.25,0.2557092307692308
670224,FF,4-Seam FB,Fastball,65,0.36585365853658536,0.08333333333333333,0.20524571428571428
670224,CH,Changeup,Offspeed,30,0.5384615384615384,0.4,0.20579999999999998
670231,FF,4-Seam FB,Fastball,197,0.18478260869565216,0.5348837209302325,0.36310851063829785
670231,SI,Sinker,Fastball,92,0.23333333333333334,0.11764705882352941,0.27467142857142857
670231,FC,Cutter,Fastball,83,0.2,0.5,0.3607447058823529
670231,SL,Slider,Breaking,71,0.34375,0.36363636363636365,0.25356545454545454
670231,ST,Sweeper,Breaking,67,0.16,0.45454545454545453,0.4047472727272728
670231,CH,Changeup,Offspeed,66,0.3793103448275862,0.65,0.2760580952380952
670231,CU,Curveball,Breaking,48,0.29411764705882354,0.2857142857142857,0.2780714285714286
670242,FF,4-Seam FB,Fastball,215,0.38461538461538464,0.3488372093023256,0.23083170731707317
670242,SI,Sinker,Fastball,90,0.13953488372093023,0.45,0.43603752
670242,CH,Changeup,Offspeed,70,0.5526315789473685,0.23529411764705882,0.27661411764705884
670242,SL,Slider,Breaking,61,0.5483870967741935,0.1875,0.2579607058823529
670242,ST,Sweeper,Breaking,52,0.7083333333333334,0.3076923076923077,0.15741666666666668
670242,CU,Curveball,Breaking,45,0.4090909090909091,0.2857142857142857,0.31117428571428574
670242,FC,Cutter,Fastball,38,0.36363636363636365,0.875,0.36366666666666664
670242,FS,Splitter,Offspeed,26,0.5555555555555556,0.25,0.20687499999999998
670541,FF,4-Seam FB,Fastball,845,0.1830601092896175,0.6258064516129033,0.4849223478260869
670541,SI,Sinker,Fastball,410,0.09036144578313253,0.5454545454545454,0.4318315614035088
670541,CH,Changeup,Offspeed,344,0.19886363636363635,0.5333333333333333,0.36791094736842106
670541,SL,Slider,Breaking,282,0.2826086956521739,0.5774647887323944,0.399483974025974
670541,FC,Cutter,Fastball,271,0.1792452830188679,0.7169811320754716,0.542908724137931
670541,ST,Sweeper,Breaking,198,0.22784810126582278,0.4358974358974359,0.3773387346938776
670541,CU,Curveball,Breaking,174,0.3287671232876712,0.6428571428571429,0.5060869545454545
670541,FS,Splitter,Offspeed,120,0.24528301886792453,0.4666666666666667,0.2984670588235294
670541,KC,Knuckle-Curve,Breaking,44,0.3125,0.6666666666666666,0.49245999999999995
670623,FF,4-Seam FB,Fastball,764,0.10857142857142857,0.4720496894409938,0.33666997849462366
670623,SI,Sinker,Fastball,631,0.06338028169014084,0.5230769230769231,0.3636750125
670623,SL,Slider,Breaking,457,0.23214285714285715,0.3333333333333333,0.27972851162790696
670623,CH,Changeup,Offspeed,292,0.2318840579710145,0.3333333333333333,0.28044165625
670623,FC,Cutter,Fastball,278,0.12962962962962962,0.6216216216216216,0.3873029230769231
670623,ST,Sweeper,Breaking,244,0.22935779816513763,0.47619047619047616,0.28163363636363636
670623,CU,Curveball,Breaking,193,0.1891891891891892,0.25,0.22982088888888885
670623,FS,Splitter,Offspeed,88,0.1951219512195122,0.5217391304347826,0.3161304347826087
670623,KC,Knuckle-Curve,Breaking,47,0.28,0.1111111111111111,0.27355555555555555
670764,FF,4-Seam FB,Fastball,660,0.20317460317460317,0.3708609271523179,0.2704188304093567
670764,SI,Sinker,Fastball,219,0.11650485436893204,0.27586206896551724,0.3181630746268657
670764,CH,Changeup,Offspeed,194,0.31313131313131315,0.14583333333333334,0.1463644
670764,FC,Cutter,Fastball,166,0.136986301369863,0.4594594594594595,0.306319512195122
670764,SL,Slider,Breaking,165,0.3220338983050847,0.14814814814814814,0.17718893749999998
670764,CU,Curveball,Breaking,131,0.25,0.09090909090909091,0.20765250000000002
670764,ST,Sweeper,Breaking,75,0.19047619047619047,0.2,0.1951155
670764,FS,Splitter,Offspeed,65,0.6666666666666666,0.3333333333333333,0.1544784615384615
670764,KC,Knuckle-Curve,Breaking,42,0.21428571428571427,0.25,0.17902444444444446
670770,FF,4-Seam FB,Fastball,435,0.15760869565217392,0.2803738317757009,0.25176464285714284
670770,SI,Sinker,Fastball,160,0.06349206349206349,0.4,0.3740387027027027
670770,CH,Changeup,Offspeed,150,0.5068493150684932,0.02857142857142857,0.12181627777777776
670770,CU,Curveball,Breaking,82,0.3076923076923077,0.38461538461538464,0.25368133333333337
670770,SL,Slider,Breaking,62,0.32,0.14285714285714285,0.28297364705882355
670770,FC,Cutter,Fastball,60,0.15384615384615385,0.3333333333333333,0.28474799999999995
670770,FS,Splitter,Offspeed,57,0.41935483870967744,0.5,0.2973
670770,ST,Sweeper,Breaking,49,0.36363636363636365,0.14285714285714285,0.15223
671056,FF,4-Seam FB,Fastball,775,0.14516129032258066,0.38596491228070173,0.3270250769230769
671056,SI,Sinker,Fastball,642,0.1141732283464567,0.4336283185840708,0.39001081944444443
671056,SL,Slider,Breaking,364,0.3216374269005848,0.4342105263157895,0.3876621111111111
671056,ST,Sweeper,Breaking,310,0.2366412213740458,0.35064935064935066,0.27899532558139534
671056,CH,Changeup,Offspeed,302,0.3178294573643411,0.3333333333333333,0.32852482191780824
671056,FC,Cutter,Fastball,212,0.16831683168316833,0.35714285714285715,0.3188706976744186
671056,CU,Curveball,Breaking,207,0.23529411764705882,0.3181818181818182,0.2880406530612245
671056,FS,Splitter,Offspeed,52,0.391304347826087,0.5454545454545454,0.31219690909090914
671056,KC,Knuckle-Curve,Breaking,28,0.42857142857142855,0.375,0.19712499999999997
671083,FF,4-Seam FB,Fastball,74,0.2,0.09090909090909091,0.3236185714285714
671083,SI,Sinker,Fastball,38,0.14285714285714285,0.2,0.2784166
671083,CH,Changeup,Offspeed,36,0.6153846153846154,0.1111111111111111,0.07066666666666666
671083,SL,Slider,Breaking,28,0.4,0.0,0.007
671155,FF,4-Seam FB,Fastball,32,0.4,0.625,0.25384399999999996
671218,FF,4-Seam FB,Fastball,540,0.35447761194029853,0.3611111111111111,0.2959206779661017
671218,SI,Sinker,Fastball,426,0.17289719626168223,0.46601941747572817,0.32962512727272725
671218,SL,Slider,Breaking,214,0.35135135135135137,0.58,0.4004155
671218,FC,Cutter,Fastball,151,0.28378378378378377,0.18518518518518517,0.38748785714285716
671218,CH,Changeup,Offspeed,150,0.25925925925925924,0.25,0.3154146666666667
671218,ST,Sweeper,Breaking,145,0.3194444444444444,0.2619047619047619,0.2256740909090909
671218,CU,Curveball,Breaking,82,0.23076923076923078,0.68,0.4980833333333334
671218,FS,Splitter,Offspeed,39,0.45454545454545453,1.0,0.3841666666666666
671218,KC,Knuckle-Curve,Breaking,33,0.375,0.0,0.26737
671277,FF,4-Seam FB,Fastball,476,0.17472118959107807,0.48623853211009177,0.38919256637168137
671277,CH,Changeup,Offspeed,365,0.263681592039801,0.4766355140186916,0.29747629629629635
671277,SI,Sinker,Fastball,319,0.11875,0.5730337078651685,0.3624817391304348
671277,SL,Slider,Breaking,291,0.29518072289156627,0.4069767441860465,0.32070000000000004
671277,CU,Curveball,Breaking,182,0.2857142857142857,0.6595744680851063,0.3704715555555555
671277,FC,Cutter,Fastball,162,0.14606741573033707,0.6571428571428571,0.34905882352941175
671277,FS,Splitter,Offspeed,127,0.19402985074626866,0.10256410256410256,0.16565789473684212
671277,ST,Sweeper,Breaking,94,0.19148936170212766,1.2857142857142858,0.6205909090909091
671277,KC,Knuckle-Curve,Breaking,56,0.36,0.2727272727272727,0.3042218181818182
671289,FF,4-Seam FB,Fastball,307,0.09259259259259259,0.5,0.3481985897435897
671289,SI,Sinker,Fastball,250,0.03389830508474576,0.2,0.3423281282051282
671289,SL,Slider,Breaking,144,0.22388059701492538,0.39473684210526316,0.2962420512820513
671289,ST,Sweeper,Breaking,99,0.09433962264150944,0.15625,0.2549375
671289,CH,Changeup,Offspeed,87,0.19230769230769232,0.2692307692307692,0.23911538461538465
671289,FC,Cutter,Fastball,67,0.25806451612903225,0.2,0.17370000000000002
671289,CU,Curveball,Breaking,35,0.2,0.2,0.2756
671655,FF,4-Seam FB,Fastball,30,0.21428571428571427,0.5714285714285714,0.285
671732,FF,4-Seam FB,Fastball,769,0.2760416666666667,0.4413793103448276,0.3611517790697674
671732,SI,Sinker,Fastball,369,0.12727272727272726,0.21176470588235294,0.2872470967741935
671732,CH,Changeup,Offspeed,290,0.32608695652173914,0.359375,0.2771951515151515
671732,SL,Slider,Breaking,239,0.38613861386138615,0.4791666666666667,0.3741642857142858
671732,FC,Cutter,Fastball,199,0.20202020202020202,0.6,0.39033787234042555
671732,ST,Sweeper,Breaking,148,0.3225806451612903,0.48484848484848486,0.27931636363636364
671732,CU,Curveball,Breaking,134,0.3333333333333333,0.3,0.2217326666666667
671732,FS,Splitter,Offspeed,99,0.3333333333333333,0.34615384615384615,0.2965157142857143
671732,KC,Knuckle-Curve,Breaking,45,0.25,0.3,0.213
671739,FF,4-Seam FB,Fastball,603,0.21630094043887146,0.5,0.37853874015748035
671739,SI,Sinker,Fastball,447,0.13656387665198239,0.42276422764227645,0.356061648
671739,SL,Slider,Breaking,271,0.28994082840236685,0.5274725274725275,0.32623834408602154
671739,CH,Changeup,Offspeed,262,0.310126582278481,0.39285714285714285,0.30863180722891564
671739,ST,Sweeper,Breaking,220,0.26277372262773724,0.6056338028169014,0.32151247887323947
671739,FC,Cutter,Fastball,186,0.21359223300970873,0.46511627906976744,0.3656097674418605
671739,CU,Curveball,Breaking,157,0.3404255319148936,0.35714285714285715,0.22932558139534887
671739,FS,Splitter,Offspeed,94,0.3050847457627119,0.7037037037037037,0.39476923076923076
671739,KC,Knuckle-Curve,Breaking,38,0.4583333333333333,0.09090909090909091,0.1069090909090909
671739,SV,Slurve,Breaking,26,0.3333333333333333,1.0,0.4415714285714286
671976,FF,4-Seam FB,Fastball,579,0.23127035830618892,0.4927536231884058,0.3558355714285714
671976,SI,Sinker,Fastball,285,0.1456953642384106,0.3037974683544304,0.2998547294117647
671976,CH,Changeup,Offspeed,215,0.24,0.3392857142857143,0.2877360714285714
671976,SL,Slider,Breaking,215,0.2992125984251969,0.5087719298245614,0.21645733333333333
671976,FC,Cutter,Fastball,174,0.14444444444444443,0.6216216216216216,0.3767478222222222
671976,CU,Curveball,Breaking,173,0.26744186046511625,0.225,0.2517498181818182
671976,ST,Sweeper,Breaking,92,0.1951219512195122,1.0,0.30872858823529414
671976,FS,Splitter,Offspeed,75,0.3953488372093023,0.45454545454545453,0.3384285714285714
671976,KC,Knuckle-Curve,Breaking,35,0.15789473684210525,0.16666666666666666,0.4034522857142857
672012,FF,4-Seam FB,Fastball,49,0.21428571428571427,0.3333333333333333,0.07300000000000001
672016,FF,4-Seam FB,Fastball,155,0.23684210526315788,0.2571428571428571,0.2611545454545455
672016,SI,Sinker,Fastball,71,0.36363636363636365,0.11764705882352941,0.16756777777777776
672016,SL,Slider,Breaking,56,0.5172413793103449,0.13333333333333333,0.10516666666666667
672016,CH,Changeup,Offspeed,41,0.47058823529411764,0.09090909090909091,0.21492199999999997
672016,ST,Sweeper,Breaking,29,0.25,0.0,0.0
672016,CU,Curveball,Breaking,25,0.6666666666666666,0.0,0.15120333333333333
672275,FF,4-Seam FB,Fastball,457,0.24553571428571427,0.38144329896907214,0.35390587155963305
672275,SI,Sinker,Fastball,199,0.12244897959183673,0.3111111111111111,0.31009510204081636
672275,CH,Changeup,Offspeed,194,0.2871287128712871,0.2727272727272727,0.23630444444444443
672275,SL,Slider,Breaking,152,0.32954545454545453,0.47368421052631576,0.27173684210526317
672275,FC,Cutter,Fastball,106,0.23728813559322035,0.2727272727272727,0.31924857142857144
672275,CU,Curveball,Breaking,103,0.3953488372093023,0.28,0.2697457142857143
672275,ST,Sweeper,Breaking,79,0.40625,0.17647058823529413,0.26495411764705884
672275,FS,Splitter,Offspeed,64,0.375,0.15384615384615385,0.266
672275,KC,Knuckle-Curve,Breaking,37,0.25,0.375,0.43690733333333337
672284,FF,4-Seam FB,Fastball,100,0.21052631578947367,0.23076923076923078,0.47126999999999997
672284,CH,Changeup,Offspeed,75,0.5121951219512195,0.3181818181818182,0.2924104347826087
672284,SL,Slider,Breaking,54,0.5333333333333333,0.1875,0.30315384615384616
672284,SI,Sinker,Fastball,44,0.14285714285714285,0.1111111111111111,0.378622
672284,FC,Cutter,Fastball,32,0.6363636363636364,0.25,0.01
672284,ST,Sweeper,Breaking,30,0.4444444444444444,0.5,0.446844
672356,FF,4-Seam FB,Fastball,213,0.43636363636363634,0.21153846153846154,0.1560046808510638
672356,SI,Sinker,Fastball,103,0.20454545454545456,0.2777777777777778,0.29686235294117647
672356,SL,Slider,Breaking,101,0.5,0.5,0.365761
672356,ST,Sweeper,Breaking,71,0.5405405405405406,0.47619047619047616,0.28171428571428575
672356,CH,Changeup,Offspeed,58,0.6052631578947368,0.21428571428571427,0.1436666666666667
672356,CU,Curveball,Breaking,32,0.4117647058823529,1.1111111111111112,0.649888888888889
672386,SI,Sinker,Fastball,358,0.10135135135135136,0.4177215189873418,0.32300482758620697
672386,FF,4-Seam FB,Fastball,320,0.2204724409448819,0.4883720930232558,0.33373489361702124
672386,SL,Slider,Breaking,167,0.1839080459770115,0.46296296296296297,0.3269803921568628
672386,FC,Cutter,Fastball,116,0.0392156862745098,0.3793103448275862,0.3551868571428571
672386,ST,Sweeper,Breaking,103,0.25925925925925924,0.4666666666666667,0.14896666666666666
672386,CH,Changeup,Offspeed,88,0.16666666666666666,0.3333333333333333,0.2970833333333333
672386,CU,Curveball,Breaking,77,0.26666666666666666,0.21052631578947367,0.24711100000000003
672515,FF,4-Seam FB,Fastball,719,0.15,0.5846153846153846,0.4083644268292683
672515,SI,Sinker,Fastball,489,0.03867403314917127,0.5520833333333334,0.4200274210526316
672515,SL,Slider,Breaking,373,0.2064516129032258,0.3888888888888889,0.26974213333333336
672515,ST,Sweeper,Breaking,214,0.18604651162790697,0.6304347826086957,0.39223720833333325
672515,CH,Changeup,Offspeed,205,0.14814814814814814,0.4230769230769231,0.3396358214285714
672515,FC,Cutter,Fastball,186,0.1746031746031746,0.5151515151515151,0.380267027027027
672515,CU,Curveball,Breaking,134,0.23076923076923078,0.20833333333333334,0.23108663999999998
672515,FS,Splitter,Offspeed,70,0.2857142857142857,0.47058823529411764,0.25860210526315786
672580,FF,4-Seam FB,Fastball,408,0.12352941176470589,0.41935483870967744,0.3648335922330097
672580,SI,Sinker,Fastball,326,0.072,0.3,0.3303911111111111
672580,ST,Sweeper,Breaking,157,0.27450980392156865,0.2857142857142857,0.24727333333333334
672580,SL,Slider,Breaking,145,0.19642857142857142,0.32432432432432434,0.25961684210526315
672580,FC,Cutter,Fastball,141,0.1724137931034483,0.43333333333333335,0.3153533333333333
672580,CH,Changeup,Offspeed,75,0.07142857142857142,0.4444444444444444,0.1775625
672580,CU,Curveball,Breaking,57,0.15,0.7142857142857143,0.4169442857142857
672613,FF,4-Seam FB,Fastball,61,0.19444444444444445,0.4117647058823529,0.20866666666666667
672640,FF,4-Seam FB,Fastball,604,0.1169811320754717,0.5970149253731343,0.4218875238095238
672640,SI,Sinker,Fastball,495,0.06796116504854369,0.4789915966386555,0.43136145323741004
672640,SL,Slider,Breaking,404,0.2803738317757009,0.46846846846846846,0.3156285964912281
672640,CH,Changeup,Offspeed,273,0.29375,0.2962962962962963,0.19824242352941177
672640,ST,Sweeper,Breaking,272,0.20754716981132076,0.3275862068965517,0.2689325
672640,FC,Cutter,Fastball,229,0.13131313131313133,0.40350877192982454,0.29003762711864406
672640,CU,Curveball,Breaking,151,0.2857142857142857,0.1935483870967742,0.19480705882352936
672640,FS,Splitter,Offspeed,85,0.3333333333333333,0.4666666666666667,0.20229032258064517
672640,KC,Knuckle-Curve,Breaking,50,0.35714285714285715,0.2777777777777778,0.1924011111111111
672695,FF,4-Seam FB,Fastball,1028,0.10723192019950124,0.4835164835164835,0.3573709589041096
672695,SI,Sinker,Fastball,432,0.0872093023255814,0.29523809523809524,0.35098271999999997
672695,CH,Changeup,Offspeed,380,0.12280701754385964,0.3707865168539326,0.30671485148514854
672695,SL,Slider,Breaking,322,0.15625,0.4,0.3308204810126582
672695,FC,Cutter,Fastball,266,0.1308411214953271,0.22727272727272727,0.2997219230769231
672695,CU,Curveball,Breaking,188,0.14634146341463414,0.25,0.2859242857142857
672695,ST,Sweeper,Breaking,159,0.10869565217391304,0.45,0.3124116666666667
672695,FS,Splitter,Offspeed,107,0.14035087719298245,0.3548387096774194,0.29766312500000003
672695,KC,Knuckle-Curve,Breaking,40,0.09090909090909091,0.0,0.28963320000000004
672724,FF,4-Seam FB,Fastball,450,0.25609756097560976,0.32,0.30013530841121494
672724,SI,Sinker,Fastball,267,0.125,0.3793103448275862,0.31576653333333327
672724,SL,Slider,Breaking,207,0.34146341463414637,0.2962962962962963,0.2178775510204082
672724,CH,Changeup,Offspeed,156,0.34782608695652173,0.37209302325581395,0.22809895652173912
672724,CU,Curveball,Breaking,123,0.4482758620689655,0.1111111111111111,0.24208227586206899
672724,ST,Sweeper,Breaking,121,0.39705882352941174,0.42424242424242425,0.30657238888888894
672724,FC,Cutter,Fastball,87,0.2641509433962264,0.47368421052631576,0.3573245263157895
672724,KC,Knuckle-Curve,Breaking,25,0.6923076923076923,0.0,0.014875
672761,FF,4-Seam FB,Fastball,238,0.1619047619047619,0.2413793103448276,0.2769922033898305
672761,CH,Changeup,Offspeed,123,0.24615384615384617,0.5294117647058824,0.1987339393939394
672761,SI,Sinker,Fastball,101,0.09615384615384616,0.5806451612903226,0.39454181818181816
672761,FC,Cutter,Fastball,57,0.21875,0.5333333333333333,0.23594428571428572
672761,SL,Slider,Breaking,55,0.17391304347826086,0.0,0.19285714285714287
672761,ST,Sweeper,Breaking,46,0.2,0.25,0.2867272727272727
672761,CU,Curveball,Breaking,42,0.18181818181818182,0.0,0.18733333333333335
672820,FF,4-Seam FB,Fastball,127,0.13636363636363635,0.30434782608695654,0.24131578947368415
672820,SI,Sinker,Fastball,72,0.20512820512820512,0.3181818181818182,0.2991904761904762
672820,SL,Slider,Breaking,72,0.2972972972972973,0.2,0.20973333333333335
672820,ST,Sweeper,Breaking,54,0.20689655172413793,0.15789473684210525,0.10305555555555555
672820,FC,Cutter,Fastball,52,0.1935483870967742,0.5454545454545454,0.46901659999999995
672820,CH,Changeup,Offspeed,45,0.3448275862068966,0.4117647058823529,0.3016
672820,CU,Curveball,Breaking,35,0.35,0.0,0.152422
672960,FF,4-Seam FB,Fastball,652,0.3069908814589666,0.5576923076923077,0.3912743181818181
672960,SI,Sinker,Fastball,528,0.2261904761904762,0.46956521739130436,0.35612915625
672960,SL,Slider,Breaking,402,0.4222222222222222,0.45454545454545453,0.3097979591836735
672960,ST,Sweeper,Breaking,320,0.3953488372093023,0.4444444444444444,0.28368247457627116
672960,FC,Cutter,Fastball,302,0.375,0.2909090909090909,0.2281024745762712
672960,CH,Changeup,Offspeed,247,0.32456140350877194,0.33962264150943394,0.31196510714285713
672960,CU,Curveball,Breaking,151,0.33783783783783783,0.35294117647058826,0.2343996111111111
672960,FS,Splitter,Offspeed,54,0.34615384615384615,0.5,0.29902
672960,KC,Knuckle-Curve,Breaking,54,0.20833333333333334,0.5,0.42119999999999996
673237,FF,4-Seam FB,Fastball,303,0.2658959537572254,0.5,0.28391153846153844
673237,SI,Sinker,Fastball,247,0.13333333333333333,0.45588235294117646,0.3200119710144928
673237,SL,Slider,Breaking,199,0.25806451612903225,0.5833333333333334,0.3624754098360656
673237,ST,Sweeper,Breaking,127,0.19402985074626866,0.19047619047619047,0.29065853658536583
673237,CH,Changeup,Offspeed,117,0.19736842105263158,0.5,0.29280489795918363
673237,FC,Cutter,Fastball,102,0.2,0.3235294117647059,0.3149190285714285
673237,CU,Curveball,Breaking,69,0.21212121212121213,0.1875,0.17983647058823526
673237,KC,Knuckle-Curve,Breaking,37,0.3333333333333333,0.2857142857142857,0.21042857142857146
673237,FS,Splitter,Offspeed,35,0.3157894736842105,0.8888888888888888,0.42285327272727274
673357,FF,4-Seam FB,Fastball,268,0.25675675675675674,0.4857142857142857,0.3182702631578948
673357,SI,Sinker,Fastball,205,0.12903225806451613,0.36363636363636365,0.36421266666666663
673357,SL,Slider,Breaking,130,0.40350877192982454,0.3448275862068966,0.34906064516129026
673357,ST,Sweeper,Breaking,98,0.3958333333333333,0.3684210526315789,0.16942470588235295
673357,CH,Changeup,Offspeed,97,0.36,0.23076923076923078,0.24063230769230776
673357,FC,Cutter,Fastball,58,0.3055555555555556,0.9285714285714286,0.5882476923076924
673357,CU,Curveball,Breaking,51,0.25,0.1,0.10966666666666666
673357,FS,Splitter,Offspeed,28,0.5,0.0,0.061
673490,FF,4-Seam FB,Fastball,253,0.25,0.10869565217391304,0.2173103703703704
673490,SI,Sinker,Fastball,159,0.046153846153846156,0.16666666666666666,0.2629457142857143
673490,SL,Slider,Breaking,66,0.25,0.25,0.2847861538461538
673490,ST,Sweeper,Breaking,56,0.20833333333333334,0.08333333333333333,0.15541846153846153
673490,FC,Cutter,Fastball,55,0.2608695652173913,0.08333333333333333,0.1880296923076923
673490,CH,Changeup,Offspeed,46,0.20833333333333334,0.1111111111111111,0.20544444444444446
673548,FF,4-Seam FB,Fastball,758,0.17142857142857143,0.5661764705882353,0.3875599190751445
673548,SI,Sinker,Fastball,513,0.12440191387559808,0.4649122807017544,0.386838
673548,SL,Slider,Breaking,462,0.2967032967032967,0.46236559139784944,0.30093117647058826
673548,ST,Sweeper,Breaking,323,0.304,0.3333333333333333,0.22377843835616434
673548,CH,Changeup,Offspeed,211,0.3448275862068966,0.4864864864864865,0.3403542857142857
673548,FC,Cutter,Fastball,210,0.323943661971831,0.35294117647058826,0.32137770731707316
673548,CU,Curveball,Breaking,153,0.2727272727272727,0.46153846153846156,0.2930351219512195
673548,KC,Knuckle-Curve,Breaking,48,0.35,0.1111111111111111,0.259222
673548,FS,Splitter,Offspeed,37,0.4,0.8571428571428571,0.436875
673962,FF,4-Seam FB,Fastball,424,0.16176470588235295,0.5,0.36968184347826083
673962,SI,Sinker,Fastball,393,0.08602150537634409,0.36082474226804123,0.33050626923076926
673962,SL,Slider,Breaking,227,0.25471698113207547,0.38333333333333336,0.3332567213114754
673962,ST,Sweeper,Breaking,196,0.17857142857142858,0.43478260869565216,0.2977873913043478
673962,CH,Changeup,Offspeed,136,0.2676056338028169,0.5476190476190477,0.3024232444444444
673962,FC,Cutter,Fastball,133,0.20833333333333334,0.8620689655172413,0.4771174117647059
673962,CU,Curveball,Breaking,78,0.25,0.47058823529411764,0.43003473684210525
673962,KC,Knuckle-Curve,Breaking,39,0.3888888888888889,0.5555555555555556,0.2625386
673962,FS,Splitter,Offspeed,29,0.3333333333333333,0.4,0.3076
675085,FF,4-Seam FB,Fastball,27,0.1,0.2,0.0
675659,FF,4-Seam FB,Fastball,39,0.34615384615384615,0.0,0.15892857142857145
675961,FF,4-Seam FB,Fastball,253,0.16447368421052633,0.4067796610169492,0.3128085245901639
675961,SI,Sinker,Fastball,174,0.09278350515463918,0.4117647058823529,0.31031934615384615
675961,SL,Slider,Breaking,125,0.36923076923076925,0.1935483870967742,0.1441
675961,CH,Changeup,Offspeed,92,0.26,0.2222222222222222,0.17096296296296296
675961,ST,Sweeper,Breaking,92,0.42857142857142855,0.19230769230769232,0.09676664
675961,CU,Curveball,Breaking,56,0.4117647058823529,0.5714285714285714,0.2116525
675961,FC,Cutter,Fastball,49,0.2,1.3333333333333333,0.31166666666666665
676070,FF,4-Seam FB,Fastball,29,0.4,0.5714285714285714,0.0
676356,FF,4-Seam FB,Fastball,440,0.2127659574468085,0.3425925925925926,0.2548487719298246
676356,SI,Sinker,Fastball,223,0.112,0.5492957746478874,0.30249499999999996
676356,SL,Slider,Breaking,219,0.36792452830188677,0.35714285714285715,0.21487672727272727
676356,CH,Changeup,Offspeed,156,0.2903225806451613,0.2857142857142857,0.21439142857142854
676356,FC,Cutter,Fastball,143,0.2191780821917808,0.6666666666666666,0.3626522580645161
676356,ST,Sweeper,Breaking,99,0.34615384615384615,0.4864864864864865,0.22600611111111105
676356,CU,Curveball,Breaking,68,0.2903225806451613,0.4,0.2138
676356,FS,Splitter,Offspeed,29,0.3333333333333333,0.4,0.3968
676356,KC,Knuckle-Curve,Breaking,25,0.3,0.3333333333333333,0.33174571428571425
676369,FF,4-Seam FB,Fastball,168,0.38461538461538464,0.574468085106383,0.311183875
676369,CH,Changeup,Offspeed,67,0.5142857142857142,0.0,0.1091
676369,SI,Sinker,Fastball,67,0.20512820512820512,0.7058823529411765,0.58284
676369,SL,Slider,Breaking,54,0.4090909090909091,0.2222222222222222,0.3128022222222222
676369,FC,Cutter,Fastball,50,0.32,0.6666666666666666,0.4226
676369,ST,Sweeper,Breaking,49,0.42105263157894735,0.1111111111111111,0.3014285714285715
676369,CU,Curveball,Breaking,34,0.3333333333333333,0.42857142857142855,0.393166
676391,FF,4-Seam FB,Fastball,507,0.11301369863013698,0.4012738853503185,0.269559625
676391,SI,Sinker,Fastball,400,0.037383177570093455,0.4406779661016949,0.31320444444444445
676391,SL,Slider,Breaking,252,0.24666666666666667,0.40476190476190477,0.24980484090909091
676391,CH,Changeup,Offspeed,220,0.23741007194244604,0.3194444444444444,0.21890837837837837
676391,ST,Sweeper,Breaking,186,0.3,0.28,0.21624286274509807
676391,FC,Cutter,Fastball,168,0.14018691588785046,0.27450980392156865,0.22169890909090909
676391,CU,Curveball,Breaking,121,0.14492753623188406,0.19047619047619047,0.20427499999999998
676391,KC,Knuckle-Curve,Breaking,40,0.2,0.23076923076923078,0.1926923076923077
676391,FS,Splitter,Offspeed,39,0.08695652173913043,0.36363636363636365,0.3780909090909091
676439,FF,4-Seam FB,Fastball,325,0.1503267973856209,0.4027777777777778,0.3759187654320988
676439,SI,Sinker,Fastball,143,0.16981132075471697,0.29411764705882354,0.2735885
676439,CH,Changeup,Offspeed,126,0.39285714285714285,0.2857142857142857,0.303256551724138
676439,SL,Slider,Breaking,124,0.34,0.20833333333333334,0.29083818181818183
676439,CU,Curveball,Breaking,103,0.21212121212121213,0.2,0.1956111111111111
676439,FC,Cutter,Fastball,82,0.16666666666666666,0.35,0.42616947368421054
676439,ST,Sweeper,Breaking,78,0.2962962962962963,0.0,0.164787875
676439,KC,Knuckle-Curve,Breaking,39,0.38461538461538464,0.125,0.064125
676439,FS,Splitter,Offspeed,37,0.3333333333333333,0.5714285714285714,0.4146660000000001
676475,FF,4-Seam FB,Fastball,677,0.2050561797752809,0.5185185185185185,0.4012904142011834
676475,SI,Sinker,Fastball,400,0.20574162679425836,0.5471698113207547,0.4411457142857143
676475,CH,Changeup,Offspeed,346,0.2,0.5204081632653061,0.32437203883495147
676475,SL,Slider,Breaking,310,0.2988505747126437,0.379746835443038,0.34401769047619046
676475,CU,Curveball,Breaking,237,0.24806201550387597,0.4642857142857143,0.32332954838709677
676475,FC,Cutter,Fastball,219,0.23008849557522124,0.5405405405405406,0.41323488372093026
676475,ST,Sweeper,Breaking,212,0.29292929292929293,0.20930232558139536,0.3090820416666667
676475,FS,Splitter,Offspeed,102,0.13043478260869565,0.36,0.3483288888888889
676475,KC,Knuckle-Curve,Breaking,25,0.3333333333333333,0.5,0.46218
676551,SI,Sinker,Fastball,57,0.40625,0.5833333333333334,0.34949538461538465
676551,FF,4-Seam FB,Fastball,45,0.391304347826087,0.2,0.25940363636363634
676572,FF,4-Seam FB,Fastball,74,0.40476190476190477,0.5294117647058824,0.3399211764705883
676572,SI,Sinker,Fastball,43,0.05263157894736842,0.5555555555555556,0.3324285714285714
676572,CH,Changeup,Offspeed,36,0.23076923076923078,0.0,0.3372775
676572,SL,Slider,Breaking,30,0.36363636363636365,0.6,0.5633333333333334
676572,FC,Cutter,Fastball,26,0.36363636363636365,0.16666666666666666,0.20579999999999998
676572,ST,Sweeper,Breaking,25,0.25,0.0,0.25352766666666665
676609,FF,4-Seam FB,Fastball,584,0.30612244897959184,0.3253968253968254,0.2627119124087592
676609,SI,Sinker,Fastball,378,0.13793103448275862,0.38961038961038963,0.37578276190476195
676609,SL,Slider,Breaking,266,0.3717948717948718,0.36764705882352944,0.2648469565217392
676609,ST,Sweeper,Breaking,194,0.38961038961038963,0.15555555555555556,0.17228595744680852
676609,CH,Changeup,Offspeed,148,0.2625,0.2894736842105263,0.2386943684210526
676609,FC,Cutter,Fastball,142,0.2,0.3333333333333333,0.28310424
676609,CU,Curveball,Breaking,109,0.16666666666666666,0.5666666666666667,0.26438018750000003
676609,FS,Splitter,Offspeed,51,0.2571428571428571,0.6666666666666666,0.43961538461538463
676609,KC,Knuckle-Curve,Breaking,25,0.42857142857142855,0.0,0.0935
676694,FF,4-Seam FB,Fastball,181,0.11764705882352941,0.391304347826087,0.28740571428571426
676694,SL,Slider,Breaking,90,0.4358974358974359,0.05263157894736842,0.19957545454545456
676694,SI,Sinker,Fastball,87,0.2,0.6071428571428571,0.3751942857142857
676694,ST,Sweeper,Breaking,68,0.3125,0.29411764705882354,0.18276037499999997
676694,CH,Changeup,Offspeed,58,0.3333333333333333,0.11764705882352941,0.16340000000000002
676694,FC,Cutter,Fastball,43,0.041666666666666664,0.1875,0.1761875
676694,CU,Curveball,Breaking,29,0.125,0.2,0.157
676724,FF,4-Seam FB,Fastball,451,0.2318181818181818,0.37209302325581395,0.345795793814433
676724,SI,Sinker,Fastball,194,0.10256410256410256,0.3469387755102041,0.3004581923076923
676724,CH,Changeup,Offspeed,151,0.24691358024691357,0.47058823529411764,0.3740634285714286
676724,SL,Slider,Breaking,141,0.36363636363636365,0.375,0.2686324090909091
676724,FC,Cutter,Fastball,126,0.17647058823529413,0.5142857142857142,0.34623084210526317
676724,CU,Curveball,Breaking,111,0.2647058823529412,0.6,0.3421238461538461
676724,ST,Sweeper,Breaking,106,0.37254901960784315,0.3333333333333333,0.2176295238095238
676724,FS,Splitter,Offspeed,50,0.16,0.5294117647058824,0.29075
676724,KC,Knuckle-Curve,Breaking,41,0.4,0.4,0.249222
676914,FF,4-Seam FB,Fastball,279,0.39823008849557523,0.24444444444444444,0.29922763636363636
676914,SL,Slider,Breaking,117,0.3829787234042553,0.0,0.12408999999999999
676914,SI,Sinker,Fastball,105,0.13513513513513514,0.7058823529411765,0.39070857142857146
676914,FC,Cutter,Fastball,72,0.22727272727272727,0.2222222222222222,0.39665666666666666
676914,ST,Sweeper,Breaking,65,0.30434782608695654,0.0625,0.1984688888888889
676914,CH,Changeup,Offspeed,53,0.32,0.6875,0.36370125000000003
676914,CU,Curveball,Breaking,41,0.18181818181818182,0.125,0.21001844444444445
677008,FF,4-Seam FB,Fastball,38,0.5,0.0,0.02075
677060,FF,4-Seam FB,Fastball,76,0.3076923076923077,0.09090909090909091,0.221644
677060,SL,Slider,Breaking,32,0.26666666666666666,0.2,0.20166666666666666
677060,SI,Sinker,Fastball,26,0.18181818181818182,0.0,0.2610733333333333
677347,FF,4-Seam FB,Fastball,28,0.21428571428571427,0.0,0.26117999999999997
677587,FF,4-Seam FB,Fastball,685,0.15300546448087432,0.48214285714285715,0.33707953191489365
677587,CH,Changeup,Offspeed,374,0.32682926829268294,0.34545454545454546,0.25529225225225227
677587,SI,Sinker,Fastball,347,0.10857142857142857,0.41304347826086957,0.31099872
677587,SL,Slider,Breaking,276,0.28125,0.2962962962962963,0.2949866440677966
677587,FC,Cutter,Fastball,189,0.19,0.40476190476190477,0.322703619047619
677587,CU,Curveball,Breaking,174,0.36363636363636365,0.10344827586206896,0.1767883870967742
677587,ST,Sweeper,Breaking,138,0.27450980392156865,0.36363636363636365,0.2974421481481481
677587,FS,Splitter,Offspeed,76,0.28205128205128205,0.19047619047619047,0.19247619047619047
677587,KC,Knuckle-Curve,Breaking,39,0.3333333333333333,1.1428571428571428,0.20642857142857143
677588,FF,4-Seam FB,Fastball,387,0.27184466019417475,0.34146341463414637,0.2954315909090909
677588,CH,Changeup,Offspeed,198,0.3644859813084112,0.2,0.23910772000000002
677588,SI,Sinker,Fastball,160,0.22058823529411764,0.71875,0.4602581951219513
677588,SL,Slider,Breaking,154,0.44285714285714284,0.38461538461538464,0.22380615384615382
677588,CU,Curveball,Breaking,93,0.3684210526315789,0.25,0.18147368421052634
677588,ST,Sweeper,Breaking,85,0.48148148148148145,0.1,0.26476727272727274
677588,FC,Cutter,Fastball,71,0.24390243902439024,0.3888888888888889,0.30063255555555557
677588,FS,Splitter,Offspeed,52,0.5,0.5384615384615384,0.37661538461538463
677592,SI,Sinker,Fastball,109,0.27586206896551724,0.24,0.22395579310344824
677592,FF,4-Seam FB,Fastball,108,0.2727272727272727,0.47368421052631576,0.3317276842105263
677592,CH,Changeup,Offspeed,64,0.5,0.6111111111111112,0.20026666666666665
677592,ST,Sweeper,Breaking,52,0.17391304347826086,1.0833333333333333,0.5673836363636364
677592,SL,Slider,Breaking,45,0.5555555555555556,0.8333333333333334,0.44527272727272726
677592,FC,Cutter,Fastball,39,0.34615384615384615,0.0,0.4037
677592,CU,Curveball,Breaking,28,0.7142857142857143,0.2222222222222222,0.11802444444444443
677594,FF,4-Seam FB,Fastball,647,0.23333333333333334,0.4206896551724138,0.35956332530120483
677594,SI,Sinker,Fastball,458,0.0954356846473029,0.44370860927152317,0.3559003376623377
677594,SL,Slider,Breaking,369,0.3333333333333333,0.4186046511627907,0.3017232903225806
677594,ST,Sweeper,Breaking,243,0.3391304347826087,0.2413793103448276,0.2767220655737705
677594,CH,Changeup,Offspeed,242,0.3283582089552239,0.5849056603773585,0.3968039649122807
677594,FC,Cutter,Fastball,237,0.2698412698412698,0.36,0.3340319230769231
677594,CU,Curveball,Breaking,159,0.44776119402985076,0.2571428571428571,0.28757
677594,FS,Splitter,Offspeed,67,0.4,0.3333333333333333,0.20434999999999998
677594,KC,Knuckle-Curve,Breaking,37,0.35714285714285715,0.2857142857142857,0.2065
677595,FF,4-Seam FB,Fastball,72,0.13333333333333333,0.9047619047619048,0.4683257272727273
677595,CH,Changeup,Offspeed,36,0.2857142857142857,0.5454545454545454,0.29392909090909086
677595,SL,Slider,Breaking,34,0.4,0.23076923076923078,0.14450000000000002
677649,FF,4-Seam FB,Fastball,761,0.26370757180156656,0.4357142857142857,0.3275634267515924
677649,SI,Sinker,Fastball,429,0.13392857142857142,0.4019607843137255,0.35632469642857145
677649,SL,Slider,Breaking,344,0.391304347826087,0.4891304347826087,0.25718041666666663
677649,ST,Sweeper,Breaking,263,0.2535211267605634,0.5657894736842105,0.29748325
677649,CH,Changeup,Offspeed,194,0.23008849557522124,0.4666666666666667,0.26229217391304355
677649,FC,Cutter,Fastball,164,0.1797752808988764,0.2777777777777778,0.29866358974358975
677649,CU,Curveball,Breaking,114,0.35,0.2857142857142857,0.28847825806451616
677649,KC,Knuckle-Curve,Breaking,51,0.43333333333333335,0.13333333333333333,0.23678571428571424
677649,FS,Splitter,Offspeed,47,0.4444444444444444,0.16666666666666666,0.10916666666666665
677800,FF,4-Seam FB,Fastball,1077,0.28112449799196787,0.44692737430167595,0.3206556945812808
677800,SI,Sinker,Fastball,414,0.13157894736842105,0.4842105263157895,0.40680579629629626
677800,SL,Slider,Breaking,297,0.28187919463087246,0.5466666666666666,0.37196
677800,CH,Changeup,Offspeed,294,0.3375,0.3516483516483517,0.32828135922330093
677800,FC,Cutter,Fastball,226,0.20168067226890757,0.423728813559322,0.35633492063492067
677800,CU,Curveball,Breaking,185,0.16176470588235295,0.38461538461538464,0.32049714285714287
677800,ST,Sweeper,Breaking,169,0.28378378378378377,0.45714285714285713,0.34270015789473685
677800,FS,Splitter,Offspeed,111,0.14516129032258066,0.34375,0.29625
677800,KC,Knuckle-Curve,Breaking,31,0.3333333333333333,0.5,0.16166666666666665
677870,FF,4-Seam FB,Fastball,256,0.17592592592592593,0.33962264150943394,0.3554622950819672
677870,SI,Sinker,Fastball,144,0.09836065573770492,0.2631578947368421,0.3881297727272727
677870,SL,Slider,Breaking,118,0.2653061224489796,0.12,0.25043275
677870,CH,Changeup,Offspeed,102,0.3888888888888889,0.25,0.21435241379310346
677870,ST,Sweeper,Breaking,71,0.5,0.08333333333333333,0.13316661538461538
677870,FC,Cutter,Fastball,58,0.13043478260869565,0.16666666666666666,0.28253666666666666
677870,CU,Curveball,Breaking,38,0.42857142857142855,0.0,0.40776942857142856
677942,FF,4-Seam FB,Fastball,433,0.28174603174603174,0.4057971014492754,0.34200869333333334
677942,SI,Sinker,Fastball,202,0.1206896551724138,0.3684210526315789,0.3979245161290323
677942,SL,Slider,Breaking,161,0.35064935064935066,0.4722222222222222,0.39894857894736835
677942,CH,Changeup,Offspeed,93,0.3018867924528302,0.26666666666666666,0.2765593103448275
677942,FC,Cutter,Fastball,77,0.17647058823529413,0.5384615384615384,0.30347999999999997
677942,ST,Sweeper,Breaking,76,0.2926829268292683,0.44,0.3684854782608696
677942,CU,Curveball,Breaking,71,0.3157894736842105,0.5,0.32596285714285717
677943,FF,4-Seam FB,Fastball,47,0.4666666666666667,0.0,0.008285714285714285
677950,FF,4-Seam FB,Fastball,152,0.26373626373626374,0.37142857142857144,0.29085750000000005
677950,SL,Slider,Breaking,70,0.3783783783783784,0.5294117647058824,0.41601692307692306
677950,CH,Changeup,Offspeed,62,0.2647058823529412,0.75,0.259
677950,CU,Curveball,Breaking,54,0.27586206896551724,0.0,0.12686666666666666
677950,SI,Sinker,Fastball,47,0.17391304347826086,0.6,0.3373987272727273
677950,FS,Splitter,Offspeed,34,0.34782608695652173,0.4166666666666667,0.18733333333333335
677950,FC,Cutter,Fastball,32,0.13333333333333333,0.2857142857142857,0.5012857142857142
677951,FF,4-Seam FB,Fastball,726,0.23460410557184752,0.46153846153846156,0.41996420382165606
677951,SI,Sinker,Fastball,351,0.125,0.45,0.3970368518518519
677951,SL,Slider,Breaking,338,0.3719512195121951,0.2727272727272727,0.32271
677951,ST,Sweeper,Breaking,296,0.33974358974358976,0.4457831325301205,0.2917496385542169
677951,FC,Cutter,Fastball,240,0.2543859649122807,0.5555555555555556,0.43204872413793105
677951,CH,Changeup,Offspeed,184,0.21495327102803738,0.4915254237288136,0.40559308474576267
677951,CU,Curveball,Breaking,154,0.16176470588235295,0.43902439024390244,0.3202433333333333
677951,FS,Splitter,Offspeed,32,0.17647058823529413,0.5,0.48445999999999995
677951,KC,Knuckle-Curve,Breaking,27,0.3333333333333333,0.4,0.4344
677956,FF,4-Seam FB,Fastball,70,0.48717948717948717,0.23529411764705882,0.17037882352941178
677956,ST,Sweeper,Breaking,50,0.5714285714285714,0.0,0.08420181818181817
677956,SI,Sinker,Fastball,49,0.125,1.0833333333333333,0.4350350909090909
677956,CH,Changeup,Offspeed,46,0.53125,0.0,0.1845
677956,SL,Slider,Breaking,42,0.5238095238095238,0.7272727272727273,0.09425
677956,CU,Curveball,Breaking,26,0.35714285714285715,0.0,0.14803666666666668
678009,FF,4-Seam FB,Fastball,71,0.21212121212121213,0.25,0.24237
678009,CH,Changeup,Offspeed,37,0.21052631578947367,0.3,0.1677
678009,SI,Sinker,Fastball,28,0.0,0.4444444444444444,0.26725
678011,FF,4-Seam FB,Fastball,269,0.248,0.44642857142857145,0.36431970149253734
678011,CH,Changeup,Offspeed,71,0.15151515151515152,0.22727272727272727,0.23484249999999998
678011,SI,Sinker,Fastball,63,0.09090909090909091,0.42857142857142855,0.5237155555555555
678011,CU,Curveball,Breaking,62,0.34615384615384615,0.36363636363636365,0.2749527692307692
678011,FC,Cutter,Fastball,62,0.13513513513513514,0.6,0.25525
678011,SL,Slider,Breaking,46,0.4090909090909091,0.4,0.23792909090909087
678011,FS,Splitter,Offspeed,29,0.3333333333333333,0.3,0.0931
678011,ST,Sweeper,Breaking,25,0.1,0.4,0.2976
678218,FF,4-Seam FB,Fastball,400,0.19230769230769232,0.2967032967032967,0.31511087378640773
678218,CH,Changeup,Offspeed,171,0.3684210526315789,0.3142857142857143,0.29585567567567567
678218,SI,Sinker,Fastball,135,0.17857142857142858,0.4642857142857143,0.2725181818181818
678218,FC,Cutter,Fastball,103,0.125,0.3333333333333333,0.36817923076923076
678218,CU,Curveball,Breaking,93,0.4358974358974359,0.25,0.22219263157894736
678218,SL,Slider,Breaking,85,0.3090909090909091,0.9473684210526315,0.45584572727272726
678218,FS,Splitter,Offspeed,50,0.4074074074074074,0.4166666666666667,0.28275
678218,ST,Sweeper,Breaking,44,0.21052631578947367,0.14285714285714285,0.32416
678218,KC,Knuckle-Curve,Breaking,27,0.6428571428571429,0.16666666666666666,0.1585
678246,FF,4-Seam FB,Fastball,1009,0.24672489082969432,0.43137254901960786,0.35737672653061225
678246,SI,Sinker,Fastball,526,0.09917355371900827,0.5075757575757576,0.40347810738255036
678246,SL,Slider,Breaking,430,0.2752808988764045,0.4065934065934066,0.3446290384615385
678246,FC,Cutter,Fastball,272,0.32432432432432434,0.5581395348837209,0.4010728571428571
678246,ST,Sweeper,Breaking,222,0.17647058823529413,0.5581395348837209,0.43485130232558145
678246,CH,Changeup,Offspeed,193,0.125,0.5208333333333334,0.4314057692307693
678246,CU,Curveball,Breaking,173,0.17567567567567569,0.28125,0.33003948717948717
678246,KC,Knuckle-Curve,Breaking,49,0.1111111111111111,0.4444444444444444,0.35849454545454545
678246,FS,Splitter,Offspeed,41,0.5,0.0,0.11800000000000002
678391,FF,4-Seam FB,Fastball,466,0.10476190476190476,0.3229166666666667,0.31894217241379313
678391,SI,Sinker,Fastball,192,0.09473684210526316,0.3148148148148148,0.2610283870967742
678391,CH,Changeup,Offspeed,164,0.3563218390804598,0.1951219512195122,0.24346285714285712
678391,SL,Slider,Breaking,156,0.21176470588235294,0.2894736842105263,0.23673919047619046
678391,FC,Cutter,Fastball,119,0.08333333333333333,0.3793103448275862,0.34502
678391,ST,Sweeper,Breaking,83,0.25,0.5,0.2738097894736842
678391,CU,Curveball,Breaking,78,0.3235294117647059,0.4117647058823529,0.3171176470588235
678391,FS,Splitter,Offspeed,60,0.36363636363636365,0.2222222222222222,0.2305122222222222
678391,KC,Knuckle-Curve,Breaking,27,0.25,0.625,0.4546288888888888
678489,FF,4-Seam FB,Fastball,338,0.25333333333333335,0.28,0.2116415789473684
678489,SI,Sinker,Fastball,104,0.15789473684210525,0.7142857142857143,0.3788721176470588
678489,SL,Slider,Breaking,86,0.3157894736842105,0.3157894736842105,0.1721788888888889
678489,CH,Changeup,Offspeed,81,0.21951219512195122,0.631578947368421,0.3315677777777778
678489,FC,Cutter,Fastball,72,0.35294117647058826,0.7,0.283922
678489,CU,Curveball,Breaking,54,0.3684210526315789,0.18181818181818182,0.18040363636363635
678489,FS,Splitter,Offspeed,39,0.2,0.2,0.1318
678489,ST,Sweeper,Breaking,32,0.3333333333333333,0.5714285714285714,0.18964574999999997
678545,FF,4-Seam FB,Fastball,173,0.2403846153846154,0.41025641025641024,0.30378157142857143
678545,SI,Sinker,Fastball,101,0.046511627906976744,0.4444444444444444,0.33880735714285715
678545,CH,Changeup,Offspeed,77,0.28125,0.3333333333333333,0.2691930434782609
678545,SL,Slider,Breaking,74,0.32142857142857145,0.11764705882352941,0.13370125
678545,FC,Cutter,Fastball,56,0.21739130434782608,0.09090909090909091,0.17301999999999998
678545,ST,Sweeper,Breaking,39,0.42105263157894735,0.8,0.38733333333333336
678545,CU,Curveball,Breaking,34,0.18181818181818182,0.2,0.45136099999999996
678554,FF,4-Seam FB,Fastball,430,0.14814814814814814,0.4578313253012048,0.362047978021978
678554,SI,Sinker,Fastball,299,0.10185185185185185,0.6206896551724138,0.4298339682539683
678554,SL,Slider,Breaking,208,0.2236842105263158,0.38095238095238093,0.35408122448979595
678554,CH,Changeup,Offspeed,136,0.13846153846153847,0.375,0.36441311764705875
678554,FC,Cutter,Fastball,131,0.19298245614035087,0.6538461538461539,0.3792366666666667
678554,ST,Sweeper,Breaking,121,0.39473684210526316,0.3333333333333333,0.21108986206896552
678554,CU,Curveball,Breaking,69,0.3103448275862069,0.6428571428571429,0.260600375
678554,FS,Splitter,Offspeed,25,0.16666666666666666,0.7142857142857143,0.39888085714285715
678577,FF,4-Seam FB,Fastball,53,0.23333333333333334,0.07142857142857142,0.25985714285714284
678662,FF,4-Seam FB,Fastball,689,0.2733990147783251,0.31756756756756754,0.24132748387096775
678662,SL,Slider,Breaking,333,0.33490566037735847,0.41975308641975306,0.2651728395061728
678662,SI,Sinker,Fastball,272,0.14093959731543623,0.43333333333333335,0.38725510447761197
678662,ST,Sweeper,Breaking,178,0.36936936936936937,0.29411764705882354,0.2691298113207547
678662,CH,Changeup,Offspeed,169,0.42857142857142855,0.38461538461538464,0.21507843137254903
678662,FC,Cutter,Fastball,138,0.24691358024691357,0.36666666666666664,0.3975388235294118
678662,CU,Curveball,Breaking,80,0.32608695652173914,0.2413793103448276,0.23540129032258064
678662,FS,Splitter,Offspeed,40,0.4444444444444444,0.0,0.1251525
678662,KC,Knuckle-Curve,Breaking,25,0.3157894736842105,0.6363636363636364,0.41509090909090907
678882,FF,4-Seam FB,Fastball,675,0.2631578947368421,0.3375,0.2625947073170732
678882,SI,Sinker,Fastball,398,0.1688888888888889,0.37,0.3294498431372549
678882,SL,Slider,Breaking,324,0.24861878453038674,0.5662650602409639,0.31912690476190475
678882,CH,Changeup,Offspeed,212,0.256,0.46153846153846156,0.26641312500000003
678882,ST,Sweeper,Breaking,189,0.2845528455284553,0.6415094339622641,0.27319607843137256
678882,FC,Cutter,Fastball,187,0.2727272727272727,0.45454545454545453,0.28526720833333336
678882,CU,Curveball,Breaking,150,0.2891566265060241,0.35135135135135137,0.2055891052631579
678882,FS,Splitter,Offspeed,45,0.39285714285714285,1.0666666666666667,0.28492307692307695
678882,KC,Knuckle-Curve,Breaking,26,0.4,0.125,0.209375
679529,FF,4-Seam FB,Fastball,723,0.24842767295597484,0.5827814569536424,0.3826377206703911
679529,SI,Sinker,Fastball,425,0.14427860696517414,0.5876288659793815,0.4222834285714286
679529,SL,Slider,Breaking,425,0.36470588235294116,0.46153846153846156,0.313054
679529,CH,Changeup,Offspeed,306,0.4316546762589928,0.24193548387096775,0.19956258064516127
679529,ST,Sweeper,Breaking,282,0.4716981132075472,0.35185185185185186,0.22208866666666668
679529,FC,Cutter,Fastball,263,0.3333333333333333,0.21153846153846154,0.2952497586206896
679529,CU,Curveball,Breaking,148,0.41818181818181815,0.36666666666666664,0.09820689655172413
679529,FS,Splitter,Offspeed,52,0.65,0.07692307692307693,0.10930769230769231
679529,KC,Knuckle-Curve,Breaking,35,0.5,0.5,0.11225
679822,FF,4-Seam FB,Fastball,386,0.22994652406417113,0.37681159420289856,0.29279679999999997
679822,SL,Slider,Breaking,147,0.29411764705882354,0.34210526315789475,0.3250434054054054
679822,SI,Sinker,Fastball,145,0.078125,0.5897435897435898,0.3870157142857143
679822,CH,Changeup,Offspeed,122,0.16666666666666666,0.5,0.2711071428571428
679822,CU,Curveball,Breaking,76,0.08333333333333333,0.5714285714285714,0.4179768235294118
679822,ST,Sweeper,Breaking,75,0.3142857142857143,0.391304347826087,0.25097216666666666
679822,FC,Cutter,Fastball,62,0.23529411764705882,0.8888888888888888,0.44516947368421056
679845,FF,4-Seam FB,Fastball,457,0.06310679611650485,0.5508474576271186,0.33021733834586464
679845,SI,Sinker,Fastball,300,0.05217391304347826,0.4,0.2813628266666667
679845,SL,Slider,Breaking,246,0.29523809523809524,0.34,0.2643109090909091
679845,ST,Sweeper,Breaking,177,0.3333333333333333,0.225,0.2562899111111111
679845,CH,Changeup,Offspeed,165,0.2676056338028169,0.2571428571428571,0.25475999999999993
679845,FC,Cutter,Fastball,158,0.15714285714285714,0.3783783783783784,0.3495275
679845,CU,Curveball,Breaking,97,0.43333333333333335,0.2631578947368421,0.23866390909090907
679845,FS,Splitter,Offspeed,29,0.3333333333333333,0.1,0.20155555555555557
680474,FF,4-Seam FB,Fastball,139,0.21875,0.2857142857142857,0.32658286666666664
680474,SI,Sinker,Fastball,72,0.1724137931034483,0.6666666666666666,0.431577
680474,SL,Slider,Breaking,63,0.25,0.2,0.2881355555555556
680474,CH,Changeup,Offspeed,60,0.53125,0.2727272727272727,0.13652199999999998
680474,FC,Cutter,Fastball,35,0.5,0.6666666666666666,0.30728799999999995
680474,ST,Sweeper,Breaking,30,0.38461538461538464,0.6666666666666666,0.3594
680574,FF,4-Seam FB,Fastball,694,0.2984126984126984,0.33064516129032256,0.31675772463768115
680574,SI,Sinker,Fastball,385,0.12154696132596685,0.375,0.3307518144329897
680574,SL,Slider,Breaking,288,0.3951612903225806,0.33766233766233766,0.2562356097560976
680574,ST,Sweeper,Breaking,210,0.3103448275862069,0.36363636363636365,0.24483914285714287
680574,CH,Changeup,Offspeed,157,0.34177215189873417,0.21951219512195122,0.19188871794871792
680574,FC,Cutter,Fastball,128,0.29411764705882354,0.7142857142857143,0.41027525
680574,CU,Curveball,Breaking,123,0.23255813953488372,0.28,0.28186946153846154
680574,FS,Splitter,Offspeed,46,0.42857142857142855,0.38461538461538464,0.16608714285714288
680664,FF,4-Seam FB,Fastball,155,0.32051282051282054,0.5,0.3432281081081081
680664,SI,Sinker,Fastball,116,0.11475409836065574,0.5333333333333333,0.39568686666666664
680664,SL,Slider,Breaking,75,0.30612244897959184,0.45454545454545453,0.2865909090909091
680664,CH,Changeup,Offspeed,55,0.43243243243243246,1.0,0.5
680664,CU,Curveball,Breaking,48,0.18181818181818182,1.5,0.6172466666666667
680664,FC,Cutter,Fastball,48,0.2,0.46153846153846156,0.2612307692307692
680664,ST,Sweeper,Breaking,30,0.4444444444444444,0.0,0.3384066666666667
680700,FF,4-Seam FB,Fastball,495,0.14545454545454545,0.40350877192982454,0.3529948
680700,SI,Sinker,Fastball,244,0.08737864077669903,0.3188405797101449,0.2652839230769231
680700,CH,Changeup,Offspeed,191,0.3488372093023256,0.5128205128205128,0.3817424390243902
680700,SL,Slider,Breaking,158,0.29545454545454547,0.3888888888888889,0.3016021052631579
680700,CU,Curveball,Breaking,136,0.21818181818181817,0.14814814814814814,0.19384664000000001
680700,FC,Cutter,Fastball,116,0.12307692307692308,0.5555555555555556,0.34420214285714285
680700,ST,Sweeper,Breaking,89,0.25,0.23076923076923078,0.18108714285714284
680700,FS,Splitter,Offspeed,64,0.3055555555555556,0.16666666666666666,0.1625
680700,KC,Knuckle-Curve,Breaking,55,0.28,0.23076923076923078,0.17469230769230767
680716,FF,4-Seam FB,Fastball,32,0.2727272727272727,0.4,0.317822
680718,FF,4-Seam FB,Fastball,68,0.28205128205128205,0.5555555555555556,0.22002
680718,SI,Sinker,Fastball,26,0.06666666666666667,0.0,0.17503666666666665
680718,FC,Cutter,Fastball,25,0.1,0.0,0.23673999999999998
680728,FF,4-Seam FB,Fastball,258,0.2962962962962963,0.29310344827586204,0.23738786885245902
680728,SI,Sinker,Fastball,115,0.1346153846153846,0.4230769230769231,0.3804225806451613
680728,CH,Changeup,Offspeed,107,0.38,0.08695652173913043,0.13552173913043478
680728,SL,Slider,Breaking,101,0.2830188679245283,0.2413793103448276,0.2151683870967742
680728,CU,Curveball,Breaking,60,0.44,0.25,0.1814784615384615
680728,ST,Sweeper,Breaking,45,0.4,0.2857142857142857,0.34204888888888885
680728,FS,Splitter,Offspeed,38,0.35294117647058826,0.5,0.1300909090909091
680728,FC,Cutter,Fastball,37,0.045454545454545456,0.8,0.5868
680737,FF,4-Seam FB,Fastball,38,0.2,0.09090909090909091,0.15455555555555556
680757,FF,4-Seam FB,Fastball,1132,0.04838709677419355,0.3711340206185567,0.3405845811965812
680757,SI,Sinker,Fastball,506,0.029239766081871343,0.3125,0.39185663865546216
680757,SL,Slider,Breaking,308,0.125,0.2891566265060241,0.28066461363636364
680757,FC,Cutter,Fastball,240,0.12903225806451613,0.4528301886792453,0.36619698113207544
680757,CH,Changeup,Offspeed,194,0.10465116279069768,0.30357142857142855,0.28930596491228067
680757,ST,Sweeper,Breaking,134,0.2,0.25925925925925924,0.21879357142857142
680757,CU,Curveball,Breaking,123,0.1,0.5,0.3356539090909091
680757,FS,Splitter,Offspeed,79,0.14705882352941177,0.2222222222222222,0.21312199999999998
680776,FF,4-Seam FB,Fastball,822,0.3228915662650602,0.3625,0.3078761129943503
680776,CH,Changeup,Offspeed,283,0.375,0.3493975903614458,0.26241595348837204
680776,SL,Slider,Breaking,259,0.410958904109589,0.2375,0.22431493670886077
680776,SI,Sinker,Fastball,254,0.15833333333333333,0.5079365079365079,0.4572255384615384
680776,CU,Curveball,Breaking,209,0.41935483870967744,0.2826086956521739,0.2871918181818182
680776,FC,Cutter,Fastball,188,0.21649484536082475,0.5208333333333334,0.4048574035087719
680776,FS,Splitter,Offspeed,133,0.39436619718309857,0.18421052631578946,0.1758774358974359
680776,ST,Sweeper,Breaking,126,0.390625,0.3235294117647059,0.28041729729729725
680776,KC,Knuckle-Curve,Breaking,47,0.5416666666666666,0.5,0.16319999999999998
680777,FF,4-Seam FB,Fastball,506,0.11009174311926606,0.2962962962962963,0.3040256666666667
680777,SI,Sinker,Fastball,253,0.09278350515463918,0.6666666666666666,0.4359530967741935
680777,SL,Slider,Breaking,229,0.2903225806451613,0.4888888888888889,0.32239347826086956
680777,ST,Sweeper,Breaking,164,0.26865671641791045,0.5142857142857142,0.24176171428571425
680777,CH,Changeup,Offspeed,152,0.16666666666666666,0.3103448275862069,0.34981542857142855
680777,FC,Cutter,Fastball,123,0.15789473684210525,0.7027027027027027,0.44093675675675675
680777,CU,Curveball,Breaking,99,0.3333333333333333,0.5333333333333333,0.43488557894736846
680777,FS,Splitter,Offspeed,38,0.3157894736842105,0.2222222222222222,0.144875
680779,FF,4-Seam FB,Fastball,344,0.29533678756476683,0.3170731707317073,0.2560671011235955
680779,SI,Sinker,Fastball,252,0.09090909090909091,0.45454545454545453,0.4195245797101449
680779,CH,Changeup,Offspeed,130,0.38028169014084506,0.06896551724137931,0.1581361290322581
680779,ST,Sweeper,Breaking,121,0.25862068965517243,0.3076923076923077,0.26327769230769227
680779,SL,Slider,Breaking,120,0.31343283582089554,0.23333333333333334,0.27195939393939395
680779,FC,Cutter,Fastball,87,0.24,0.6521739130434783,0.2682727272727273
680779,CU,Curveball,Breaking,65,0.30303030303030304,0.2,0.1977142857142857
680779,FS,Splitter,Offspeed,26,0.16666666666666666,0.3333333333333333,0.5186666666666667
680869,FF,4-Seam FB,Fastball,468,0.3562231759656652,0.6153846153846154,0.35032971681415925
680869,SI,Sinker,Fastball,429,0.15609756097560976,0.3584905660377358,0.3491045739130435
680869,SL,Slider,Breaking,255,0.23529411764705882,0.43548387096774194,0.27907074193548387
680869,ST,Sweeper,Breaking,146,0.35714285714285715,0.48717948717948717,0.3065055
680869,CH,Changeup,Offspeed,138,0.38028169014084506,0.42424242424242425,0.3054532972972973
680869,FC,Cutter,Fastball,110,0.25925925925925924,0.75,0.4213700000000001
680869,CU,Curveball,Breaking,82,0.375,0.26666666666666666,0.22282625
680869,FS,Splitter,Offspeed,48,0.4090909090909091,0.6363636363636364,0.28510166666666664
680869,KC,Knuckle-Curve,Breaking,43,0.5625,0.18181818181818182,0.15501833333333334
680977,FF,4-Seam FB,Fastball,216,0.15384615384615385,0.7142857142857143,0.3153634761904762
680977,SI,Sinker,Fastball,157,0.13114754098360656,0.19444444444444445,0.3214543684210526
680977,SL,Slider,Breaking,85,0.22727272727272727,0.10526315789473684,0.16577777777777777
680977,FC,Cutter,Fastball,68,0.0,0.7857142857142857,0.461602
680977,CH,Changeup,Offspeed,64,0.2647058823529412,0.4,0.31486761904761906
680977,CU,Curveball,Breaking,38,0.25,0.7777777777777778,0.4344847272727273
680977,ST,Sweeper,Breaking,38,0.29411764705882354,0.3,0.25558054545454545
681047,FF,4-Seam FB,Fastball,106,0.28205128205128205,0.25,0.519701052631579
681047,SL,Slider,Breaking,59,0.32,0.07142857142857142,0.05735714285714285
681047,SI,Sinker,Fastball,45,0.14285714285714285,0.3076923076923077,0.23701660000000002
681047,ST,Sweeper,Breaking,33,0.29411764705882354,0.125,0.2678332
681082,FF,4-Seam FB,Fastball,988,0.20506329113924052,0.4180790960451977,0.36167128712871294
681082,SI,Sinker,Fastball,415,0.0967741935483871,0.43333333333333335,0.3582834315789473
681082,SL,Slider,Breaking,282,0.24475524475524477,0.515625,0.30051507246376813
681082,CH,Changeup,Offspeed,252,0.20909090909090908,0.34375,0.33241940298507466
681082,CU,Curveball,Breaking,185,0.08333333333333333,0.24324324324324326,0.2733665
681082,FC,Cutter,Fastball,182,0.2077922077922078,0.6388888888888888,0.3343775
681082,ST,Sweeper,Breaking,155,0.22535211267605634,0.358974358974359,0.2726387142857143
681082,FS,Splitter,Offspeed,137,0.1891891891891892,0.23255813953488372,0.2811480952380952
681082,KC,Knuckle-Curve,Breaking,32,0.2,0.18181818181818182,0.1887272727272727
681198,FF,4-Seam FB,Fastball,786,0.1326530612244898,0.43352601156069365,0.340515806122449
681198,SI,Sinker,Fastball,347,0.0949367088607595,0.43209876543209874,0.37550905999999995
681198,SL,Slider,Breaking,336,0.33962264150943394,0.5068493150684932,0.2847363076923077
681198,CH,Changeup,Offspeed,264,0.19230769230769232,0.4153846153846154,0.3342842686567164
681198,FC,Cutter,Fastball,208,0.15178571428571427,0.44,0.3235759259259259
681198,ST,Sweeper,Breaking,188,0.2079207920792079,0.41818181818181815,0.33507355172413794
681198,CU,Curveball,Breaking,172,0.2898550724637681,0.47058823529411764,0.29286963157894735
681198,FS,Splitter,Offspeed,95,0.3269230769230769,0.43478260869565216,0.3267828571428571
681198,KC,Knuckle-Curve,Breaking,46,0.15,0.3,0.22949999999999998
681230,FF,4-Seam FB,Fastball,31,0.2631578947368421,0.14285714285714285,0.055400000000000005
681297,FF,4-Seam FB,Fastball,504,0.20851063829787234,0.30612244897959184,0.37788655172413793
681297,CH,Changeup,Offspeed,299,0.36363636363636365,0.2923076923076923,0.23190865671641792
681297,SL,Slider,Breaking,221,0.5132743362831859,0.5471698113207547,0.3165084615384615
681297,SI,Sinker,Fastball,196,0.2857142857142857,0.5263157894736842,0.3890197021276595
681297,ST,Sweeper,Breaking,146,0.32075471698113206,0.21875,0.1966733333333333
681297,CU,Curveball,Breaking,140,0.4074074074074074,0.34782608695652173,0.19382818181818182
681297,FS,Splitter,Offspeed,112,0.46153846153846156,0.09523809523809523,0.16532347826086957
681297,FC,Cutter,Fastball,97,0.21951219512195122,0.7222222222222222,0.5543883333333334
681297,KC,Knuckle-Curve,Breaking,28,0.36363636363636365,0.25,0.16
681351,FF,4-Seam FB,Fastball,296,0.19285714285714287,0.32857142857142857,0.32909294117647064
681351,SL,Slider,Breaking,185,0.3761467889908257,0.34615384615384615,0.23567481481481478
681351,SI,Sinker,Fastball,182,0.18072289156626506,0.27450980392156865,0.2728208813559322
681351,CH,Changeup,Offspeed,104,0.45098039215686275,0.1875,0.1739460588235294
681351,ST,Sweeper,Breaking,89,0.3,0.29411764705882354,0.17723529411764705
681351,FC,Cutter,Fastball,69,0.2571428571428571,0.1111111111111111,0.32372222222222224
681351,CU,Curveball,Breaking,61,0.29411764705882354,0.5714285714285714,0.3985682352941176
681393,FF,4-Seam FB,Fastball,461,0.26953125,0.42990654205607476,0.3129627
681393,SI,Sinker,Fastball,244,0.11538461538461539,0.5238095238095238,0.39592683783783783
681393,SL,Slider,Breaking,209,0.44761904761904764,0.35294117647058826,0.22348923076923077
681393,CH,Changeup,Offspeed,177,0.38202247191011235,0.13513513513513514,0.2719807804878049
681393,ST,Sweeper,Breaking,146,0.40625,0.5384615384615384,0.3272791515151515
681393,FC,Cutter,Fastball,119,0.14285714285714285,0.4090909090909091,0.38223727272727276
681393,CU,Curveball,Breaking,97,0.48148148148148145,0.05555555555555555,0.15057199999999998
681393,FS,Splitter,Offspeed,42,0.3,0.5555555555555556,0.298722
681481,FF,4-Seam FB,Fastball,330,0.2654320987654321,0.4155844155844156,0.3183959220779221
681481,CH,Changeup,Offspeed,144,0.2804878048780488,0.696969696969697,0.3338083333333333
681481,SL,Slider,Breaking,139,0.358974358974359,0.16129032258064516,0.1399285714285714
681481,CU,Curveball,Breaking,123,0.40425531914893614,0.32,0.2942604615384615
681481,SI,Sinker,Fastball,115,0.15384615384615385,0.25925925925925924,0.36772
681481,FC,Cutter,Fastball,101,0.21311475409836064,0.68,0.404578
681481,ST,Sweeper,Breaking,66,0.34615384615384615,0.45454545454545453,0.266722
681481,FS,Splitter,Offspeed,47,0.3793103448275862,0.07142857142857142,0.12638461538461537
681481,KC,Knuckle-Curve,Breaking,25,0.36363636363636365,0.0,0.16166666666666665
681508,FF,4-Seam FB,Fastball,233,0.06666666666666667,0.7843137254901961,0.5080199999999999
681508,CH,Changeup,Offspeed,136,0.2631578947368421,0.3611111111111111,0.20834555555555556
681508,SI,Sinker,Fastball,129,0.12280701754385964,0.5588235294117647,0.3564817837837838
681508,SL,Slider,Breaking,115,0.23809523809523808,0.42105263157894735,0.40494129999999995
681508,CU,Curveball,Breaking,88,0.23809523809523808,0.16666666666666666,0.09275
681508,FC,Cutter,Fastball,84,0.23684210526315788,0.047619047619047616,0.24214639999999998
681508,ST,Sweeper,Breaking,48,0.18181818181818182,0.14285714285714285,0.34024979999999994
681508,FS,Splitter,Offspeed,34,0.3888888888888889,0.4166666666666667,0.3135553846153846
681546,FF,4-Seam FB,Fastball,271,0.29850746268656714,0.32727272727272727,0.2544115862068966
681546,CH,Changeup,Offspeed,132,0.6351351351351351,0.10344827586206896,0.11981481481481483
681546,SL,Slider,Breaking,76,0.4186046511627907,0.2857142857142857,0.2467
681546,SI,Sinker,Fastball,64,0.2,0.47058823529411764,0.43540249999999997
681546,CU,Curveball,Breaking,56,0.375,0.3076923076923077,0.25474185714285713
681546,FC,Cutter,Fastball,55,0.4411764705882353,0.6666666666666666,0.044
681546,ST,Sweeper,Breaking,53,0.48,0.8461538461538461,0.07680000000000001
681546,FS,Splitter,Offspeed,33,0.47058823529411764,0.15384615384615385,0.10415384615384617
681624,FF,4-Seam FB,Fastball,822,0.20526315789473684,0.37267080745341613,0.33233433333333334
681624,SI,Sinker,Fastball,513,0.14473684210526316,0.44166666666666665,0.366847145038168
681624,SL,Slider,Breaking,344,0.25555555555555554,0.38461538461538464,0.2861275744680851
681624,CH,Changeup,Offspeed,208,0.27906976744186046,0.35714285714285715,0.31001047619047617
681624,ST,Sweeper,Breaking,201,0.2727272727272727,0.7317073170731707,0.38790418604651167
681624,FC,Cutter,Fastball,191,0.15555555555555556,0.6486486486486487,0.4429106666666666
681624,CU,Curveball,Breaking,86,0.3333333333333333,0.6818181818181818,0.2966295238095238
681624,FS,Splitter,Offspeed,51,0.2916666666666667,0.2727272727272727,0.3597092307692308
681624,KC,Knuckle-Curve,Breaking,27,0.5333333333333333,0.5,0.23224666666666666
681715,FF,4-Seam FB,Fastball,568,0.27,0.4222222222222222,0.3853042297297298
681715,SI,Sinker,Fastball,399,0.21935483870967742,0.38372093023255816,0.3487549108910891
681715,SL,Slider,Breaking,280,0.4146341463414634,0.65,0.4166623714285714
681715,CH,Changeup,Offspeed,240,0.45,0.5217391304347826,0.31715882352941177
681715,ST,Sweeper,Breaking,197,0.3181818181818182,0.35555555555555557,0.3094262173913043
681715,FC,Cutter,Fastball,156,0.36486486486486486,0.5151515151515151,0.30276833333333336
681715,CU,Curveball,Breaking,113,0.3,0.4074074074074074,0.27087724137931035
681715,FS,Splitter,Offspeed,42,0.6666666666666666,0.1111111111111111,0.127222
681715,KC,Knuckle-Curve,Breaking,28,0.6875,0.2857142857142857,0.29733333333333334
681807,FF,4-Seam FB,Fastball,278,0.26356589147286824,0.463768115942029,0.2779305405405405
681807,SI,Sinker,Fastball,171,0.20987654320987653,0.47368421052631576,0.3294528205128205
681807,SL,Slider,Breaking,147,0.4090909090909091,0.46153846153846156,0.19207692307692306
681807,CH,Changeup,Offspeed,123,0.36065573770491804,0.28,0.25598785714285716
681807,FC,Cutter,Fastball,85,0.2631578947368421,0.3125,0.31272477777777774
681807,CU,Curveball,Breaking,75,0.2631578947368421,0.0,0.21245506666666664
681807,ST,Sweeper,Breaking,57,0.13636363636363635,0.1111111111111111,0.25466666666666665
681987,FF,4-Seam FB,Fastball,105,0.2962962962962963,0.2608695652173913,0.286583
681987,SL,Slider,Breaking,68,0.36363636363636365,0.13333333333333333,0.2786386
681987,SI,Sinker,Fastball,52,0.10344827586206896,0.1111111111111111,0.3109133333333333
681987,CH,Changeup,Offspeed,40,0.5652173913043478,0.5,0.18033333333333332
681987,ST,Sweeper,Breaking,31,0.18181818181818182,0.0,0.44340666666666667
681987,FC,Cutter,Fastball,28,0.36363636363636365,0.0,0.3596772
682177,FF,4-Seam FB,Fastball,325,0.2694610778443114,0.4166666666666667,0.3397468421052632
682177,SL,Slider,Breaking,169,0.42857142857142855,0.2702702702702703,0.2289121052631579
682177,SI,Sinker,Fastball,166,0.21621621621621623,0.32432432432432434,0.3859893023255814
682177,CH,Changeup,Offspeed,141,0.4,0.1875,0.22895272727272725
682177,ST,Sweeper,Breaking,121,0.3684210526315789,0.23333333333333334,0.18010387096774194
682177,FC,Cutter,Fastball,120,0.2807017543859649,0.3333333333333333,0.2841664285714286
682177,CU,Curveball,Breaking,67,0.1111111111111111,0.5294117647058824,0.33193333333333336
682177,FS,Splitter,Offspeed,52,0.41935483870967744,0.42857142857142855,0.2840714285714286
682622,FF,4-Seam FB,Fastball,203,0.22549019607843138,0.16981132075471697,0.15825846153846154
682622,SI,Sinker,Fastball,187,0.2159090909090909,0.3333333333333333,0.27514108108108104
682622,SL,Slider,Breaking,126,0.30120481927710846,0.2564102564102564,0.27845315789473685
682622,ST,Sweeper,Breaking,97,0.375,0.391304347826087,0.21036083333333333
682622,CH,Changeup,Offspeed,66,0.3170731707317073,0.7777777777777778,0.24021428571428574
682622,CU,Curveball,Breaking,52,0.3181818181818182,0.625,0.4587775
682622,FC,Cutter,Fastball,52,0.20689655172413793,0.4,0.26794799999999996
682626,SI,Sinker,Fastball,467,0.24742268041237114,0.3977272727272727,0.34710161165048536
682626,FF,4-Seam FB,Fastball,408,0.3333333333333333,0.4148936170212766,0.33793049504950495
682626,SL,Slider,Breaking,284,0.45323741007194246,0.5,0.312655661971831
682626,ST,Sweeper,Breaking,187,0.3783783783783784,0.375,0.2916195555555555
682626,CH,Changeup,Offspeed,163,0.3625,0.3888888888888889,0.32425665
682626,FC,Cutter,Fastball,111,0.4318181818181818,0.05263157894736842,0.2086504761904762
682626,CU,Curveball,Breaking,90,0.2647058823529412,0.3125,0.23901375
682626,FS,Splitter,Offspeed,46,0.3333333333333333,0.7692307692307693,0.47523076923076923
682626,KC,Knuckle-Curve,Breaking,26,0.45454545454545453,0.14285714285714285,0.24728571428571428
682634,FF,4-Seam FB,Fastball,54,0.24,0.3125,0.320185
682634,SL,Slider,Breaking,28,0.5,0.0,0.0165
682641,FF,4-Seam FB,Fastball,50,0.28125,0.08333333333333333,0.132522
682657,FF,4-Seam FB,Fastball,461,0.15019762845849802,0.4811320754716981,0.34339784347826086
682657,SI,Sinker,Fastball,254,0.16981132075471697,0.3246753246753247,0.24816438356164383
682657,CH,Changeup,Offspeed,232,0.2191780821917808,0.38961038961038963,0.24005405405405406
682657,SL,Slider,Breaking,171,0.24299065420560748,0.6590909090909091,0.3213115652173913
682657,FC,Cutter,Fastball,125,0.16666666666666666,0.9333333333333333,0.468086625
682657,CU,Curveball,Breaking,107,0.2619047619047619,1.0,0.4090087368421052
682657,ST,Sweeper,Breaking,94,0.3695652173913043,0.15,0.09875
682657,FS,Splitter,Offspeed,80,0.2830188679245283,0.2857142857142857,0.22425
682657,KC,Knuckle-Curve,Breaking,30,0.2631578947368421,0.4,0.265
682663,FF,4-Seam FB,Fastball,261,0.265625,0.36065573770491804,0.2889261764705882
682663,SI,Sinker,Fastball,230,0.1623931623931624,0.3125,0.2793355142857143
682663,SL,Slider,Breaking,142,0.3088235294117647,0.39285714285714285,0.2516341935483871
682663,CH,Changeup,Offspeed,122,0.43333333333333335,0.3,0.297022
682663,ST,Sweeper,Breaking,97,0.3023255813953488,0.6,0.3826110666666666
682663,FC,Cutter,Fastball,76,0.47368421052631576,0.4117647058823529,0.29584941176470586
682663,CU,Curveball,Breaking,60,0.3076923076923077,0.3333333333333333,0.21647846153846156
682663,FS,Splitter,Offspeed,55,0.4482758620689655,0.2857142857142857,0.2963014285714286
682668,FF,4-Seam FB,Fastball,221,0.17272727272727273,0.32142857142857145,0.33090925925925924
682668,SI,Sinker,Fastball,167,0.1,0.3125,0.35401720833333333
682668,SL,Slider,Breaking,164,0.36904761904761907,0.20833333333333334,0.14958333333333332
682668,CH,Changeup,Offspeed,124,0.3972602739726027,0.15789473684210525,0.15602631578947368
682668,FC,Cutter,Fastball,61,0.3103448275862069,0.2857142857142857,0.29840153846153844
682668,ST,Sweeper,Breaking,45,0.3125,0.375,0.309125
682668,CU,Curveball,Breaking,43,0.14285714285714285,0.2,0.16666666666666666
682674,FF,4-Seam FB,Fastball,160,0.25842696629213485,0.4473684210526316,0.28576270270270265
682674,SL,Slider,Breaking,92,0.3620689655172414,0.6666666666666666,0.41288416666666666
682674,CH,Changeup,Offspeed,62,0.3888888888888889,0.46153846153846156,0.3169166666666667
682674,CU,Curveball,Breaking,51,0.7,0.2,0.21300000000000002
682674,SI,Sinker,Fastball,50,0.07692307692307693,0.625,0.3036
682729,FF,4-Seam FB,Fastball,36,0.2,0.25,0.1395
682729,SI,Sinker,Fastball,28,0.375,0.5,0.450055
682818,FF,4-Seam FB,Fastball,242,0.20155038759689922,0.32608695652173914,0.37482150943396225
682818,CH,Changeup,Offspeed,93,0.3125,0.4375,0.26619437500000004
682818,SI,Sinker,Fastball,85,0.12195121951219512,0.375,0.3450488
682818,SL,Slider,Breaking,69,0.3333333333333333,0.5,0.3106111111111111
682818,FC,Cutter,Fastball,64,0.30303030303030304,0.9,0.4854745454545455
682818,ST,Sweeper,Breaking,57,0.4482758620689655,0.15384615384615385,0.2159230769230769
682818,CU,Curveball,Breaking,41,0.42857142857142855,0.0,0.06258333333333334
682818,FS,Splitter,Offspeed,40,0.10526315789473684,0.8333333333333334,0.26117076923076926
682829,FF,4-Seam FB,Fastball,824,0.21739130434782608,0.6171428571428571,0.44465257731958757
682829,CH,Changeup,Offspeed,418,0.3544973544973545,0.5487804878048781,0.4099506976744186
682829,CU,Curveball,Breaking,361,0.3984375,0.20833333333333334,0.22961479452054792
682829,SI,Sinker,Fastball,332,0.15942028985507245,0.4943820224719101,0.3840711578947369
682829,SL,Slider,Breaking,215,0.34523809523809523,0.6274509803921569,0.3436056603773585
682829,ST,Sweeper,Breaking,205,0.359375,0.23076923076923078,0.21302693333333333
682829,FC,Cutter,Fastball,162,0.13333333333333333,0.5769230769230769,0.46906
682829,FS,Splitter,Offspeed,133,0.423728813559322,0.6,0.31807625
682829,KC,Knuckle-Curve,Breaking,49,0.3684210526315789,0.7,0.4242
682848,FF,4-Seam FB,Fastball,212,0.22549019607843138,0.6666666666666666,0.369459649122807
682848,CH,Changeup,Offspeed,84,0.34210526315789475,0.2222222222222222,0.258622
682848,FC,Cutter,Fastball,72,0.1935483870967742,0.7,0.48506285714285713
682848,SI,Sinker,Fastball,60,0.14285714285714285,0.3125,0.41424526315789467
682848,ST,Sweeper,Breaking,57,0.375,0.5625,0.33013555555555557
682848,SL,Slider,Breaking,51,0.2647058823529412,0.23076923076923078,0.1456923076923077
682848,CU,Curveball,Breaking,43,0.3076923076923077,0.14285714285714285,0.2780275
682877,FF,4-Seam FB,Fastball,151,0.2159090909090909,0.7333333333333333,0.34858774193548386
682877,CH,Changeup,Offspeed,80,0.36363636363636365,0.14285714285714285,0.1720642105263158
682877,SL,Slider,Breaking,58,0.4666666666666667,0.14285714285714285,0.2640293333333333
682877,FC,Cutter,Fastball,54,0.23333333333333334,0.2857142857142857,0.3153728571428571
682877,SI,Sinker,Fastball,50,0.08333333333333333,0.23076923076923078,0.32221466666666665
682877,ST,Sweeper,Breaking,36,0.25,0.3333333333333333,0.2838333333333333
682877,CU,Curveball,Breaking,31,0.125,0.75,0.42273099999999997
682927,FF,4-Seam FB,Fastball,104,0.17857142857142858,0.23809523809523808,0.27480173913043476
682927,CH,Changeup,Offspeed,41,0.21052631578947367,0.7777777777777778,0.4416666666666667
682927,SI,Sinker,Fastball,36,0.13636363636363635,0.38461538461538464,0.28715857142857143
682928,FF,4-Seam FB,Fastball,757,0.26370757180156656,0.47297297297297297,0.3667886117647059
682928,SL,Slider,Breaking,398,0.38181818181818183,0.5319148936170213,0.33085926
682928,SI,Sinker,Fastball,356,0.13690476190476192,0.43037974683544306,0.37289146341463414
682928,CH,Changeup,Offspeed,266,0.32679738562091504,0.5333333333333333,0.33303499999999997
682928,CU,Curveball,Breaking,244,0.37962962962962965,0.5,0.27029637288135594
682928,ST,Sweeper,Breaking,219,0.32231404958677684,0.36065573770491804,0.26039483076923076
682928,FC,Cutter,Fastball,168,0.23595505617977527,0.8292682926829268,0.3311164489795918
682928,FS,Splitter,Offspeed,94,0.36,0.45454545454545453,0.27373358333333336
682928,KC,Knuckle-Curve,Breaking,57,0.36363636363636365,0.35714285714285715,0.35044428571428565
682985,FF,4-Seam FB,Fastball,865,0.22863741339491916,0.5108695652173914,0.39706672549019606
682985,CH,Changeup,Offspeed,378,0.4327485380116959,0.3333333333333333,0.2615760465116279
682985,SI,Sinker,Fastball,320,0.11538461538461539,0.6111111111111112,0.4202266585365853
682985,SL,Slider,Breaking,275,0.38405797101449274,0.4507042253521127,0.3411811944444445
682985,FC,Cutter,Fastball,183,0.2976190476190476,0.6060606060606061,0.4419938461538462
682985,ST,Sweeper,Breaking,165,0.36764705882352944,0.5862068965517241,0.37001542857142855
682985,CU,Curveball,Breaking,164,0.32142857142857145,0.5454545454545454,0.537113304347826
682985,FS,Splitter,Offspeed,154,0.45121951219512196,0.21621621621621623,0.20750410256410257
682985,KC,Knuckle-Curve,Breaking,27,0.16666666666666666,0.2,0.35679999999999995
682987,FF,4-Seam FB,Fastball,517,0.34532374100719426,0.4215686274509804,0.34071614035087716
682987,CH,Changeup,Offspeed,160,0.5172413793103449,0.46153846153846156,0.20590052631578948
682987,SL,Slider,Breaking,152,0.45977011494252873,0.2894736842105263,0.29959238095238094
682987,SI,Sinker,Fastball,140,0.2898550724637681,0.5769230769230769,0.41738686666666674
682987,CU,Curveball,Breaking,98,0.4528301886792453,0.3181818181818182,0.2249226086956522
682987,FC,Cutter,Fastball,67,0.38235294117647056,0.8333333333333334,0.5323485714285715
682987,ST,Sweeper,Breaking,64,0.34285714285714286,0.8571428571428571,0.3812857142857143
682987,FS,Splitter,Offspeed,58,0.41935483870967744,0.09090909090909091,0.33635166666666666
682987,KC,Knuckle-Curve,Breaking,28,0.46153846153846156,0.16666666666666666,0.24050000000000002
682988,FF,4-Seam FB,Fastball,61,0.30434782608695654,0.125,0.31541872727272724
682988,SL,Slider,Breaking,34,0.23529411764705882,0.2857142857142857,0.2267775
682988,SI,Sinker,Fastball,30,0.23529411764705882,0.2222222222222222,0.16999999999999998
682997,FF,4-Seam FB,Fastball,162,0.3684210526315789,0.4444444444444444,0.24626578947368422
682997,CH,Changeup,Offspeed,54,0.5428571428571428,0.23529411764705882,0.125125
682997,SL,Slider,Breaking,46,0.3333333333333333,0.42857142857142855,0.24016666666666667
682997,FC,Cutter,Fastball,45,0.2962962962962963,0.5714285714285714,0.1865275
682997,ST,Sweeper,Breaking,43,0.15789473684210525,0.3333333333333333,0.2832121176470588
682997,SI,Sinker,Fastball,38,0.1111111111111111,0.7777777777777778,0.4715714285714286
682997,CU,Curveball,Breaking,32,0.45454545454545453,0.0,0.3260733333333333
682997,FS,Splitter,Offspeed,28,0.4,0.16666666666666666,0.3065
682998,FF,4-Seam FB,Fastball,972,0.3348519362186788,0.4731182795698925,0.3327374220183486
682998,SI,Sinker,Fastball,423,0.20125786163522014,0.5316455696202531,0.3822249782608696
682998,SL,Slider,Breaking,301,0.2550335570469799,0.573170731707317,0.3720078444444444
682998,CH,Changeup,Offspeed,274,0.24183006535947713,0.44047619047619047,0.33755023255813954
682998,FC,Cutter,Fastball,188,0.22093023255813954,0.5641025641025641,0.3633141463414634
682998,ST,Sweeper,Breaking,188,0.27058823529411763,0.21951219512195122,0.2822350212765957
682998,CU,Curveball,Breaking,164,0.2711864406779661,0.42424242424242425,0.3212793939393939
682998,FS,Splitter,Offspeed,129,0.26666666666666666,0.2857142857142857,0.31086871794871795
682998,KC,Knuckle-Curve,Breaking,38,0.2857142857142857,0.46153846153846156,0.30915384615384617
683002,FF,4-Seam FB,Fastball,796,0.18324607329842932,0.2866666666666667,0.3188402222222222
683002,SI,Sinker,Fastball,495,0.13333333333333333,0.4444444444444444,0.37389948872180456
683002,SL,Slider,Breaking,397,0.32460732984293195,0.4166666666666667,0.2666765656565656
683002,CH,Changeup,Offspeed,365,0.2388888888888889,0.4431818181818182,0.2987894
683002,FC,Cutter,Fastball,217,0.32989690721649484,0.6304347826086957,0.3874126666666667
683002,ST,Sweeper,Breaking,193,0.27956989247311825,0.47058823529411764,0.26153098245614037
683002,CU,Curveball,Breaking,178,0.2696629213483146,0.4358974358974359,0.32208258536585366
683002,FS,Splitter,Offspeed,144,0.2753623188405797,0.3142857142857143,0.3787341463414634
683002,KC,Knuckle-Curve,Breaking,48,0.3,0.2727272727272727,0.24403384615384616
683011,FF,4-Seam FB,Fastball,330,0.2689655172413793,0.38333333333333336,0.3534605405405406
683011,SI,Sinker,Fastball,180,0.15476190476190477,0.3684210526315789,0.3597395454545454
683011,SL,Slider,Breaking,148,0.2987012987012987,0.34782608695652173,0.2596004255319149
683011,CH,Changeup,Offspeed,91,0.325,0.42105263157894735,0.21826315789473685
683011,ST,Sweeper,Breaking,81,0.22857142857142856,0.3333333333333333,0.2758768421052632
683011,FC,Cutter,Fastball,72,0.13793103448275862,0.26666666666666666,0.12080000000000002
683011,CU,Curveball,Breaking,57,0.34615384615384615,0.17647058823529413,0.185
683021,FF,4-Seam FB,Fastball,55,0.03225806451612903,0.7,0.4619133333333333
683021,SI,Sinker,Fastball,37,0.07692307692307693,0.5,0.11950000000000001
683083,FF,4-Seam FB,Fastball,848,0.21261682242990654,0.26282051282051283,0.29620224
683083,SI,Sinker,Fastball,293,0.12295081967213115,0.13636363636363635,0.28012777777777775
683083,CH,Changeup,Offspeed,249,0.2631578947368421,0.28378378378378377,0.2296141666666667
683083,SL,Slider,Breaking,190,0.2777777777777778,0.2391304347826087,0.24748583333333332
683083,FC,Cutter,Fastball,151,0.25806451612903225,0.34375,0.2909964705882353
683083,CU,Curveball,Breaking,136,0.2553191489361702,0.1,0.19624
683083,ST,Sweeper,Breaking,109,0.16666666666666666,0.42105263157894735,0.3293481818181819
683083,FS,Splitter,Offspeed,42,0.3333333333333333,0.21428571428571427,0.19466666666666665
683146,FF,4-Seam FB,Fastball,705,0.25885558583106266,0.4375,0.3472867428571429
683146,CH,Changeup,Offspeed,242,0.3392857142857143,0.38461538461538464,0.3653915789473684
683146,SL,Slider,Breaking,224,0.37142857142857144,0.32653061224489793,0.31899082142857144
683146,SI,Sinker,Fastball,216,0.14414414414414414,0.4528301886792453,0.3586845862068966
683146,ST,Sweeper,Breaking,173,0.375,0.1951219512195122,0.16082615384615384
683146,FC,Cutter,Fastball,138,0.19047619047619047,0.4230769230769231,0.3578753793103448
683146,CU,Curveball,Breaking,124,0.3541666666666667,0.15789473684210525,0.25935428571428576
683146,FS,Splitter,Offspeed,110,0.5178571428571429,0.16,0.13812000000000002
683146,KC,Knuckle-Curve,Breaking,38,0.35294117647058826,0.6666666666666666,0.4508581818181818
683227,FF,4-Seam FB,Fastball,144,0.13636363636363635,0.25,0.2043070588235294
683227,SI,Sinker,Fastball,83,0.125,0.3125,0.2455552941176471
683227,FC,Cutter,Fastball,53,0.25,0.0,0.06175
683227,SL,Slider,Breaking,49,0.21739130434782608,0.5454545454545454,0.3097614285714285
683227,CH,Changeup,Offspeed,28,0.17647058823529413,0.5555555555555556,0.33422199999999996
683357,FF,4-Seam FB,Fastball,436,0.2872340425531915,0.5822784810126582,0.36795824175824177
683357,CH,Changeup,Offspeed,185,0.44554455445544555,0.5348837209302325,0.3272740425531915
683357,SL,Slider,Breaking,163,0.37362637362637363,0.27906976744186046,0.25433319148936173
683357,SI,Sinker,Fastball,154,0.17857142857142858,0.2571428571428571,0.3149414285714286
683357,CU,Curveball,Breaking,124,0.5208333333333334,0.2692307692307692,0.1663983448275862
683357,FC,Cutter,Fastball,110,0.24561403508771928,0.47619047619047616,0.38092260869565214
683357,ST,Sweeper,Breaking,108,0.4186046511627907,0.047619047619047616,0.16106466666666666
683357,FS,Splitter,Offspeed,63,0.41935483870967744,0.6428571428571429,0.32769230769230767
683357,KC,Knuckle-Curve,Breaking,37,0.6842105263157895,0.3,0.26980000000000004
683679,SI,Sinker,Fastball,58,0.19444444444444445,0.4444444444444444,0.40775588888888886
683679,FF,4-Seam FB,Fastball,56,0.21875,0.4166666666666667,0.2446016666666667
683734,FF,4-Seam FB,Fastball,381,0.11834319526627218,0.7362637362637363,0.41851115686274504
683734,SI,Sinker,Fastball,247,0.05102040816326531,0.375,0.3448143823529412
683734,SL,Slider,Breaking,243,0.2727272727272727,0.27906976744186046,0.23806045454545455
683734,CH,Changeup,Offspeed,156,0.2909090909090909,0.34285714285714286,0.32692368421052637
683734,ST,Sweeper,Breaking,143,0.26785714285714285,0.2,0.210020625
683734,FC,Cutter,Fastball,126,0.24489795918367346,0.4444444444444444,0.26690363636363634
683734,CU,Curveball,Breaking,77,0.42105263157894735,0.18181818181818182,0.30854400000000004
683734,FS,Splitter,Offspeed,37,0.3125,0.5555555555555556,0.298375
683737,FF,4-Seam FB,Fastball,847,0.13270142180094788,0.41203703703703703,0.3334260168067227
683737,SL,Slider,Breaking,436,0.42162162162162165,0.43037974683544306,0.27164938636363634
683737,SI,Sinker,Fastball,410,0.15976331360946747,0.40860215053763443,0.42857150847457626
683737,CH,Changeup,Offspeed,381,0.45,0.2087912087912088,0.22140604166666666
683737,FC,Cutter,Fastball,227,0.15625,0.5454545454545454,0.4468779047619048
683737,ST,Sweeper,Breaking,226,0.26506024096385544,0.48717948717948717,0.3401178723404255
683737,CU,Curveball,Breaking,198,0.38333333333333336,0.3448275862068966,0.3038781081081081
683737,FS,Splitter,Offspeed,87,0.40540540540540543,0.2,0.1978381818181818
683737,KC,Knuckle-Curve,Breaking,53,0.25,0.5,0.51268
683748,FF,4-Seam FB,Fastball,397,0.2962962962962963,0.425,0.33324247422680414
683748,SI,Sinker,Fastball,108,0.11666666666666667,0.6571428571428571,0.3359384210526316
683748,SL,Slider,Breaking,104,0.288135593220339,0.5294117647058824,0.30354000000000003
683748,CH,Changeup,Offspeed,82,0.2391304347826087,0.7142857142857143,0.4066071428571429
683748,CU,Curveball,Breaking,73,0.30303030303030304,0.2727272727272727,0.34401833333333337
683748,FC,Cutter,Fastball,67,0.2,0.6,0.41707625000000004
683748,ST,Sweeper,Breaking,49,0.08333333333333333,0.4166666666666667,0.15
683748,FS,Splitter,Offspeed,40,0.3,0.25,0.28833333333333333
683766,FF,4-Seam FB,Fastball,284,0.28484848484848485,0.2857142857142857,0.21097131428571428
683766,SI,Sinker,Fastball,146,0.15853658536585366,0.3617021276595745,0.32243041666666666
683766,SL,Slider,Breaking,104,0.5094339622641509,0.25925925925925924,0.21354692307692308
683766,ST,Sweeper,Breaking,82,0.38095238095238093,0.4583333333333333,0.2540925
683766,CH,Changeup,Offspeed,75,0.45652173913043476,0.2631578947368421,0.15576470588235292
683766,FC,Cutter,Fastball,66,0.1891891891891892,0.4444444444444444,0.2013125
683766,CU,Curveball,Breaking,39,0.1875,0.125,0.26487
683953,FF,4-Seam FB,Fastball,646,0.18289085545722714,0.5197368421052632,0.3443002690058479
683953,SI,Sinker,Fastball,346,0.1111111111111111,0.45977011494252873,0.32512724752475247
683953,SL,Slider,Breaking,317,0.3492063492063492,0.391304347826087,0.2036664864864865
683953,CH,Changeup,Offspeed,252,0.3838383838383838,0.4418604651162791,0.26441875
683953,FC,Cutter,Fastball,180,0.24719101123595505,0.28125,0.37046697435897435
683953,ST,Sweeper,Breaking,170,0.30158730158730157,0.25,0.24041515000000002
683953,CU,Curveball,Breaking,118,0.35294117647058826,0.29411764705882354,0.16613875
683953,FS,Splitter,Offspeed,73,0.29411764705882354,0.2222222222222222,0.27280105263157894
683953,KC,Knuckle-Curve,Breaking,28,0.25,1.0,0.42817324999999995
685133,FF,4-Seam FB,Fastball,353,0.09248554913294797,0.45918367346938777,0.3629648695652174
685133,SI,Sinker,Fastball,218,0.14634146341463414,0.24074074074074073,0.27600823728813556
685133,CH,Changeup,Offspeed,154,0.3939393939393939,0.3055555555555556,0.23316666666666666
685133,SL,Slider,Breaking,129,0.23076923076923078,0.4074074074074074,0.3483944827586207
685133,CU,Curveball,Breaking,96,0.37037037037037035,0.125,0.24263555555555558
685133,FS,Splitter,Offspeed,90,0.3333333333333333,0.6086956521739131,0.280304347826087
685133,FC,Cutter,Fastball,86,0.175,0.5833333333333334,0.4048171428571428
685133,ST,Sweeper,Breaking,78,0.23684210526315788,0.23809523809523808,0.19141663636363634
686217,FF,4-Seam FB,Fastball,589,0.11587982832618025,0.32456140350877194,0.29360416
686217,SI,Sinker,Fastball,267,0.02564102564102564,0.3037974683544304,0.281323
686217,SL,Slider,Breaking,178,0.12345679012345678,0.3488372093023256,0.260864
686217,FC,Cutter,Fastball,135,0.13636363636363635,0.30303030303030304,0.2973973684210527
686217,ST,Sweeper,Breaking,117,0.14893617021276595,0.15384615384615385,0.22944444444444445
686217,CH,Changeup,Offspeed,98,0.07894736842105263,0.35,0.3604693
686217,CU,Curveball,Breaking,78,0.1724137931034483,1.0666666666666667,0.43414285714285716
686217,FS,Splitter,Offspeed,50,0.03571428571428571,0.10526315789473684,0.18929411764705883
686452,FF,4-Seam FB,Fastball,216,0.14285714285714285,0.30952380952380953,0.3271252173913043
686452,SI,Sinker,Fastball,99,0.10714285714285714,0.35294117647058826,0.3339936842105263
686452,CH,Changeup,Offspeed,80,0.36585365853658536,0.3888888888888889,0.23557894736842105
686452,SL,Slider,Breaking,61,0.375,0.2222222222222222,0.24459642105263155
686452,CU,Curveball,Breaking,58,0.4090909090909091,0.07692307692307693,0.21926383333333335
686452,FC,Cutter,Fastball,50,0.15384615384615385,0.21428571428571427,0.239465
686452,ST,Sweeper,Breaking,33,0.3125,0.0,0.1851666666666667
686469,FF,4-Seam FB,Fastball,600,0.09427609427609428,0.44871794871794873,0.33212115606936415
686469,SI,Sinker,Fastball,286,0.07092198581560284,0.41025641025641024,0.3768433953488372
686469,SL,Slider,Breaking,238,0.1827956989247312,0.5,0.34769032653061227
686469,CH,Changeup,Offspeed,210,0.27884615384615385,0.4772727272727273,0.33720583333333337
686469,ST,Sweeper,Breaking,174,0.27631578947368424,0.09375,0.21642470588235294
686469,FC,Cutter,Fastball,172,0.1282051282051282,0.5555555555555556,0.40005706249999995
686469,CU,Curveball,Breaking,142,0.15517241379310345,0.22727272727272727,0.28081153846153845
686469,FS,Splitter,Offspeed,67,0.17857142857142858,0.7142857142857143,0.33896499999999996
686469,KC,Knuckle-Curve,Breaking,27,0.3076923076923077,0.0,0.42587
686475,FF,4-Seam FB,Fastball,174,0.15714285714285714,0.3793103448275862,0.320565625
686475,SI,Sinker,Fastball,89,0.15555555555555556,0.2857142857142857,0.33667953333333334
686475,CH,Changeup,Offspeed,76,0.5365853658536586,0.3684210526315789,0.27806857142857144
686475,ST,Sweeper,Breaking,72,0.5,0.5294117647058824,0.20496888888888887
686475,FC,Cutter,Fastball,53,0.27586206896551724,0.375,0.241348
686475,SL,Slider,Breaking,53,0.3333333333333333,0.5,0.28580000000000005
686475,CU,Curveball,Breaking,29,0.25,0.375,0.28758
686527,FF,4-Seam FB,Fastball,504,0.1843137254901961,0.6212121212121212,0.45368500709219856
686527,CH,Changeup,Offspeed,311,0.27848101265822783,0.35802469135802467,0.2924264367816092
686527,SI,Sinker,Fastball,300,0.15503875968992248,0.39436619718309857,0.36449493975903613
686527,SL,Slider,Breaking,297,0.3619631901840491,0.47297297297297297,0.32003679012345676
686527,CU,Curveball,Breaking,176,0.32786885245901637,0.5806451612903226,0.2839868235294118
686527,FC,Cutter,Fastball,165,0.19718309859154928,0.6111111111111112,0.4187695238095238
686527,ST,Sweeper,Breaking,130,0.29411764705882354,0.2692307692307692,0.20576664
686527,FS,Splitter,Offspeed,103,0.38333333333333336,0.4827586206896552,0.38000553333333337
686527,KC,Knuckle-Curve,Breaking,45,0.42105263157894735,0.7142857142857143,0.0912
686555,FF,4-Seam FB,Fastball,845,0.17391304347826086,0.30386740331491713,0.3316954170403587
686555,SI,Sinker,Fastball,278,0.06481481481481481,0.453125,0.32546849315068493
686555,CH,Changeup,Offspeed,277,0.36752136752136755,0.23943661971830985,0.2122561111111111
686555,FC,Cutter,Fastball,194,0.15584415584415584,0.29411764705882354,0.28696277777777784
686555,CU,Curveball,Breaking,160,0.27906976744186046,0.045454545454545456,0.2484025
686555,SL,Slider,Breaking,125,0.3076923076923077,0.45454545454545453,0.26042360000000003
686555,ST,Sweeper,Breaking,111,0.2608695652173913,0.3684210526315789,0.3063379130434783
686555,FS,Splitter,Offspeed,78,0.5,0.19047619047619047,0.21888634782608699
686555,KC,Knuckle-Curve,Breaking,36,0.5,0.8,0.23103666666666664
686611,FF,4-Seam FB,Fastball,450,0.23346303501945526,0.48148148148148145,0.3547362903225807
686611,SI,Sinker,Fastball,368,0.12169312169312169,0.32432432432432434,0.3389988965517241
686611,SL,Slider,Breaking,239,0.5206611570247934,0.48,0.31034521568627454
686611,ST,Sweeper,Breaking,171,0.39473684210526316,0.20588235294117646,0.3306348571428572
686611,CH,Changeup,Offspeed,152,0.47435897435897434,0.18421052631578946,0.2026388888888889
686611,FC,Cutter,Fastball,136,0.2631578947368421,0.35135135135135137,0.2908582380952381
686611,CU,Curveball,Breaking,63,0.37037037037037035,0.3333333333333333,0.19502075
686611,FS,Splitter,Offspeed,44,0.46153846153846156,0.38461538461538464,0.2660896923076923
686668,FF,4-Seam FB,Fastball,307,0.21333333333333335,0.2786885245901639,0.24767873015873015
686668,SL,Slider,Breaking,152,0.4166666666666667,0.23255813953488372,0.22222487804878047
686668,CH,Changeup,Offspeed,105,0.484375,0.4857142857142857,0.2221535294117647
686668,SI,Sinker,Fastball,103,0.18333333333333332,0.45161290322580644,0.3311585714285714
686668,ST,Sweeper,Breaking,75,0.375,0.19047619047619047,0.13441176470588237
686668,FC,Cutter,Fastball,65,0.25,0.5416666666666666,0.32504347826086954
686668,CU,Curveball,Breaking,39,0.3125,0.42857142857142855,0.0854
686681,FF,4-Seam FB,Fastball,614,0.16216216216216217,0.37267080745341613,0.28229062857142856
686681,SI,Sinker,Fastball,204,0.0784313725490196,0.40350877192982454,0.3289573333333333
686681,CH,Changeup,Offspeed,192,0.2231404958677686,0.328125,0.27703076923076925
686681,SL,Slider,Breaking,154,0.24390243902439024,0.696969696969697,0.3702622222222222
686681,ST,Sweeper,Breaking,143,0.3880597014925373,0.21875,0.24439529411764707
686681,FC,Cutter,Fastball,142,0.16,0.7272727272727273,0.4418697142857143
686681,CU,Curveball,Breaking,92,0.2564102564102564,1.0714285714285714,0.40221428571428575
686681,FS,Splitter,Offspeed,63,0.24324324324324326,0.15789473684210525,0.22910526315789473
686681,KC,Knuckle-Curve,Breaking,33,0.2631578947368421,0.5555555555555556,0.32380000000000003
686765,FF,4-Seam FB,Fastball,342,0.14634146341463414,0.5679012345679012,0.33216521739130433
686765,CH,Changeup,Offspeed,177,0.273972602739726,0.375,0.3059078048780488
686765,SI,Sinker,Fastball,177,0.17307692307692307,0.2222222222222222,0.33690916666666665
686765,SL,Slider,Breaking,135,0.3333333333333333,0.25,0.20071466666666668
686765,CU,Curveball,Breaking,107,0.18518518518518517,0.3157894736842105,0.283022
686765,FC,Cutter,Fastball,95,0.175,0.35294117647058826,0.3373577777777778
686765,ST,Sweeper,Breaking,63,0.15384615384615385,0.5384615384615384,0.37095906666666667
686765,FS,Splitter,Offspeed,58,0.28,0.1,0.29902
686780,FF,4-Seam FB,Fastball,285,0.19117647058823528,0.29411764705882354,0.3191463103448276
686780,SI,Sinker,Fastball,150,0.16883116883116883,0.5625,0.4060027777777779
686780,CH,Changeup,Offspeed,123,0.4918032786885246,0.21875,0.175374
686780,SL,Slider,Breaking,111,0.3220338983050847,0.3888888888888889,0.23191428571428574
686780,ST,Sweeper,Breaking,84,0.32608695652173914,0.2857142857142857,0.22995666666666667
686780,CU,Curveball,Breaking,70,0.23333333333333334,0.08333333333333333,0.2228132857142857
686780,FC,Cutter,Fastball,65,0.25925925925925924,0.0,0.2101
686797,FF,4-Seam FB,Fastball,658,0.16804407713498623,0.5337423312883436,0.3090595375722543
686797,CH,Changeup,Offspeed,492,0.26744186046511625,0.256198347107438,0.21127260504201684
686797,SI,Sinker,Fastball,318,0.11180124223602485,0.3111111111111111,0.3325129896907216
686797,SL,Slider,Breaking,287,0.27710843373493976,0.5844155844155844,0.2708089743589744
686797,CU,Curveball,Breaking,246,0.2831858407079646,0.3125,0.181153875
686797,ST,Sweeper,Breaking,163,0.23076923076923078,0.1875,0.2813466486486486
686797,FC,Cutter,Fastball,162,0.12121212121212122,0.8292682926829268,0.3892525238095238
686797,FS,Splitter,Offspeed,91,0.18,0.4090909090909091,0.24122727272727273
686797,KC,Knuckle-Curve,Breaking,47,0.23076923076923078,0.6666666666666666,0.27744444444444444
686823,FF,4-Seam FB,Fastball,51,0.0625,0.0,0.12666666666666668
686894,FF,4-Seam FB,Fastball,110,0.3333333333333333,0.7619047619047619,0.2934803
686894,SI,Sinker,Fastball,79,0.0625,0.6470588235294118,0.26742933333333335
686894,SL,Slider,Breaking,54,0.2916666666666667,0.0,0.279288
686894,CH,Changeup,Offspeed,41,0.3333333333333333,0.75,0.47367428571428566
686894,ST,Sweeper,Breaking,39,0.4666666666666667,0.1,0.2582711111111111
686894,FC,Cutter,Fastball,30,0.36363636363636365,1.25,0.68024
686894,CU,Curveball,Breaking,27,0.46153846153846156,0.2222222222222222,0.04842857142857143
686948,FF,4-Seam FB,Fastball,730,0.20273972602739726,0.5524475524475524,0.41651929870129867
686948,SI,Sinker,Fastball,456,0.12727272727272726,0.5288461538461539,0.43511261788617883
686948,SL,Slider,Breaking,338,0.35714285714285715,0.43373493975903615,0.262238
686948,CH,Changeup,Offspeed,273,0.27941176470588236,0.3472222222222222,0.32485412195121954
686948,FC,Cutter,Fastball,228,0.25892857142857145,0.42,0.34579038461538464
686948,ST,Sweeper,Breaking,204,0.2761904761904762,0.40425531914893614,0.36168500000000003
686948,CU,Curveball,Breaking,141,0.3088235294117647,0.4358974358974359,0.3788196585365854
686948,FS,Splitter,Offspeed,107,0.23943661971830985,0.5,0.3558006896551724
686948,KC,Knuckle-Curve,Breaking,47,0.52,0.16666666666666666,0.14332461538461538
687093,FF,4-Seam FB,Fastball,524,0.1799163179916318,0.4752475247524752,0.35239521008403357
687093,SI,Sinker,Fastball,366,0.13966480446927373,0.25925925925925924,0.31875091489361707
687093,SL,Slider,Breaking,242,0.3524590163934426,0.3548387096774194,0.24963919402985071
687093,CH,Changeup,Offspeed,176,0.23958333333333334,0.24,0.27091230769230773
687093,ST,Sweeper,Breaking,162,0.2696629213483146,0.45652173913043476,0.2695080416666667
687093,CU,Curveball,Breaking,140,0.23943661971830985,0.42105263157894735,0.26420965
687093,FC,Cutter,Fastball,126,0.1568627450980392,0.8260869565217391,0.4784859285714286
687093,FS,Splitter,Offspeed,47,0.4090909090909091,0.1,0.29465784615384616
687221,FF,4-Seam FB,Fastball,359,0.3463687150837989,0.4567901234567901,0.3162993571428571
687221,CH,Changeup,Offspeed,156,0.36585365853658536,0.34210526315789475,0.29268220512820514
687221,SI,Sinker,Fastball,118,0.08333333333333333,0.5,0.3828715652173913
687221,SL,Slider,Breaking,111,0.3114754098360656,0.71875,0.3852903225806451
687221,FC,Cutter,Fastball,104,0.24561403508771928,0.2608695652173913,0.38138424
687221,ST,Sweeper,Breaking,74,0.48484848484848486,0.5,0.24075000000000002
687221,CU,Curveball,Breaking,59,0.44,0.7857142857142857,0.4736982105263158
687221,FS,Splitter,Offspeed,35,0.4,0.2222222222222222,0.22200000000000003
687231,FF,4-Seam FB,Fastball,232,0.2644628099173554,0.3023255813953488,0.26808901960784315
687231,SI,Sinker,Fastball,109,0.0625,0.2903225806451613,0.31185825806451617
687231,SL,Slider,Breaking,102,0.29411764705882354,0.24,0.27731
687231,CH,Changeup,Offspeed,81,0.3584905660377358,0.15384615384615385,0.20875703703703705
687231,ST,Sweeper,Breaking,60,0.38461538461538464,0.6666666666666666,0.30178727272727274
687231,FC,Cutter,Fastball,35,0.05555555555555555,0.2857142857142857,0.071
687231,CU,Curveball,Breaking,32,0.25,0.5,0.101
687263,FF,4-Seam FB,Fastball,693,0.21428571428571427,0.5602409638554217,0.36630665573770493
687263,SL,Slider,Breaking,482,0.40225563909774437,0.3673469387755102,0.2663923364485981
687263,SI,Sinker,Fastball,448,0.2037914691943128,0.5625,0.4316921929824562
687263,CH,Changeup,Offspeed,345,0.42857142857142855,0.2948717948717949,0.25776363636363636
687263,ST,Sweeper,Breaking,309,0.4527027027027027,0.4714285714285714,0.24743021333333332
687263,CU,Curveball,Breaking,220,0.5777777777777777,0.14583333333333334,0.17188023076923076
687263,FC,Cutter,Fastball,205,0.2,0.5609756097560976,0.4309205531914893
687263,FS,Splitter,Offspeed,111,0.46296296296296297,0.0,0.22607704347826085
687263,KC,Knuckle-Curve,Breaking,47,0.5263157894736842,0.0,0.15703142857142854
687282,FF,4-Seam FB,Fastball,124,0.25675675675675674,0.15384615384615385,0.19468296296296295
687282,CH,Changeup,Offspeed,45,0.27586206896551724,0.4375,0.2668666666666667
687282,SI,Sinker,Fastball,37,0.0,0.3333333333333333,0.24190733333333336
687282,CU,Curveball,Breaking,36,0.4117647058823529,0.0,0.025000000000000005
687282,SL,Slider,Breaking,35,0.3333333333333333,0.3333333333333333,0.20566666666666666
687282,ST,Sweeper,Breaking,27,0.4444444444444444,0.6666666666666666,0.3516666666666666
687363,FF,4-Seam FB,Fastball,257,0.21138211382113822,0.20833333333333334,0.2639550196078431
687363,SI,Sinker,Fastball,130,0.14035087719298245,0.2857142857142857,0.3099705263157895
687363,SL,Slider,Breaking,90,0.24,0.2916666666666667,0.28543499999999994
687363,CH,Changeup,Offspeed,73,0.4666666666666667,0.25,0.19982624999999998
687363,ST,Sweeper,Breaking,64,0.45714285714285713,0.1111111111111111,0.13772222222222222
687363,FC,Cutter,Fastball,51,0.2222222222222222,0.4,0.31163875
687363,CU,Curveball,Breaking,48,0.2631578947368421,0.38461538461538464,0.3470127692307692
687363,FS,Splitter,Offspeed,25,0.14285714285714285,0.0,0.295555
687401,FF,4-Seam FB,Fastball,535,0.20074349442379183,0.37815126050420167,0.31068462686567166
687401,SI,Sinker,Fastball,330,0.07857142857142857,0.4625,0.37736022222222215
687401,SL,Slider,Breaking,254,0.23300970873786409,0.3225806451612903,0.20477033333333333
687401,ST,Sweeper,Breaking,172,0.23943661971830985,0.46153846153846156,0.280536
687401,CH,Changeup,Offspeed,131,0.23728813559322035,0.32142857142857145,0.23538666666666666
687401,FC,Cutter,Fastball,116,0.12244897959183673,0.32,0.34553481481481474
687401,CU,Curveball,Breaking,78,0.4074074074074074,0.5625,0.2635625
687401,FS,Splitter,Offspeed,38,0.5238095238095238,0.0,0.06454545454545453
687462,FF,4-Seam FB,Fastball,643,0.12589928057553956,0.3669064748201439,0.35006864242424246
687462,SI,Sinker,Fastball,270,0.10204081632653061,0.3684210526315789,0.3414003714285714
687462,SL,Slider,Breaking,222,0.2,0.4489795918367347,0.2782308235294118
687462,CH,Changeup,Offspeed,201,0.13157894736842105,0.3333333333333333,0.32412594594594596
687462,FC,Cutter,Fastball,159,0.20512820512820512,0.37142857142857144,0.18920055555555557
687462,ST,Sweeper,Breaking,159,0.19444444444444445,0.13157894736842105,0.2552527894736842
687462,CU,Curveball,Breaking,116,0.2564102564102564,0.3333333333333333,0.2910224444444445
687462,FS,Splitter,Offspeed,55,0.45,0.5384615384615384,0.2613885714285714
687462,KC,Knuckle-Curve,Breaking,31,0.26666666666666666,0.6,0.3484522857142857
687515,FF,4-Seam FB,Fastball,175,0.28431372549019607,0.35294117647058826,0.2720120625
687515,CH,Changeup,Offspeed,79,0.32608695652173914,0.14285714285714285,0.1589290909090909
687515,SL,Slider,Breaking,57,0.3611111111111111,0.45454545454545453,0.2622
687515,SI,Sinker,Fastball,47,0.3333333333333333,0.21428571428571427,0.2101666666666667
687515,CU,Curveball,Breaking,38,0.43478260869565216,0.5,0.3198181818181818
687515,ST,Sweeper,Breaking,31,0.3684210526315789,0.18181818181818182,0.18956545454545456
687515,FC,Cutter,Fastball,26,0.375,1.125,0.4242
687529,FF,4-Seam FB,Fastball,143,0.32727272727272727,0.37037037037037035,0.33268514285714285
687529,SL,Slider,Breaking,60,0.5357142857142857,0.26666666666666666,0.17581466666666667
687529,SI,Sinker,Fastball,49,0.1,0.2857142857142857,0.30628571428571433
687529,ST,Sweeper,Breaking,40,0.45,0.0,0.07366666666666667
687529,FC,Cutter,Fastball,39,0.14285714285714285,0.5,0.4605
687529,CH,Changeup,Offspeed,32,0.4444444444444444,0.0,0.072
687551,FF,4-Seam FB,Fastball,553,0.17727272727272728,0.42276422764227645,0.3454985035971223
687551,SI,Sinker,Fastball,212,0.17721518987341772,0.27906976744186046,0.341186
687551,CH,Changeup,Offspeed,197,0.2978723404255319,0.36363636363636365,0.287014347826087
687551,FC,Cutter,Fastball,150,0.17567567567567569,0.5,0.4012519487179487
687551,SL,Slider,Breaking,150,0.29310344827586204,0.2857142857142857,0.2526089655172413
687551,ST,Sweeper,Breaking,130,0.2786885245901639,0.59375,0.3456455135135135
687551,CU,Curveball,Breaking,106,0.16666666666666666,0.47058823529411764,0.36320125000000003
687551,FS,Splitter,Offspeed,74,0.3103448275862069,0.3333333333333333,0.3275157142857143
687551,KC,Knuckle-Curve,Breaking,43,0.35294117647058826,0.08333333333333333,0.25872727272727275
687597,FF,4-Seam FB,Fastball,222,0.2222222222222222,0.32608695652173914,0.20670181818181818
687597,SL,Slider,Breaking,142,0.4125,0.3783783783783784,0.24340727272727275
687597,SI,Sinker,Fastball,130,0.1724137931034483,0.35294117647058826,0.3033575
687597,CH,Changeup,Offspeed,93,0.48333333333333334,0.25925925925925924,0.22149759999999996
687597,ST,Sweeper,Breaking,71,0.38235294117647056,0.13333333333333333,0.25088133333333335
687597,CU,Curveball,Breaking,65,0.27586206896551724,0.38461538461538464,0.32158333333333333
687597,FC,Cutter,Fastball,38,0.3157894736842105,0.375,0.3565799999999999
687605,FF,4-Seam FB,Fastball,28,0.26666666666666666,0.5555555555555556,0.28763636363636363
687605,SL,Slider,Breaking,25,0.7142857142857143,0.2,0.20370333333333335
687637,FF,4-Seam FB,Fastball,497,0.17872340425531916,0.42452830188679247,0.3292713043478261
687637,CH,Changeup,Offspeed,197,0.31645569620253167,0.42857142857142855,0.31170425531914897
687637,SI,Sinker,Fastball,181,0.15584415584415584,0.4418604651162791,0.35699960000000003
687637,SL,Slider,Breaking,161,0.27692307692307694,0.2894736842105263,0.3206987441860465
687637,FC,Cutter,Fastball,159,0.33783783783783783,0.16666666666666666,0.26724634146341464
687637,CU,Curveball,Breaking,122,0.3170731707317073,0.4782608695652174,0.1687569166666667
687637,ST,Sweeper,Breaking,117,0.3783783783783784,0.25,0.1402175
687637,FS,Splitter,Offspeed,57,0.4090909090909091,0.3,0.22729999999999997
687749,FF,4-Seam FB,Fastball,106,0.18518518518518517,0.38235294117647056,0.29879500000000003
687749,SI,Sinker,Fastball,99,0.2619047619047619,0.0,0.18066000000000002
687749,CH,Changeup,Offspeed,51,0.4827586206896552,0.35294117647058826,0.17607692307692305
687749,SL,Slider,Breaking,46,0.48,0.375,0.3194666666666667
687749,FC,Cutter,Fastball,32,0.2631578947368421,0.6666666666666666,0.24383333333333335
687859,FF,4-Seam FB,Fastball,602,0.2760942760942761,0.38461538461538464,0.3632514590163934
687859,SI,Sinker,Fastball,228,0.1875,0.39622641509433965,0.36921254237288137
687859,CH,Changeup,Offspeed,209,0.2578125,0.352112676056338,0.2801260857142857
687859,SL,Slider,Breaking,201,0.25396825396825395,0.43333333333333335,0.2740259032258065
687859,FC,Cutter,Fastball,115,0.12,0.2857142857142857,0.28400000000000003
687859,ST,Sweeper,Breaking,106,0.29310344827586204,0.38461538461538464,0.2860883703703703
687859,CU,Curveball,Breaking,101,0.33962264150943394,0.6206896551724138,0.3323626875
687859,FS,Splitter,Offspeed,45,0.26666666666666666,0.47058823529411764,0.2739509411764706
687859,KC,Knuckle-Curve,Breaking,42,0.25925925925925924,0.5333333333333333,0.17815857142857144
687952,FF,4-Seam FB,Fastball,261,0.2236842105263158,0.6166666666666667,0.35266571874999997
687952,SI,Sinker,Fastball,153,0.2465753424657534,0.34615384615384615,0.3087202
687952,SL,Slider,Breaking,108,0.36619718309859156,0.3870967741935484,0.24098303030303028
687952,CH,Changeup,Offspeed,74,0.2830188679245283,0.7727272727272727,0.5270095652173913
687952,FC,Cutter,Fastball,70,0.2653061224489796,0.7142857142857143,0.4208571428571428
687952,ST,Sweeper,Breaking,58,0.36363636363636365,0.46153846153846156,0.2519320740740741
687952,CU,Curveball,Breaking,40,0.23529411764705882,0.2222222222222222,0.30376727272727266
687957,FF,4-Seam FB,Fastball,194,0.09195402298850575,0.33962264150943394,0.30845758620689656
687957,CH,Changeup,Offspeed,86,0.32,0.6923076923076923,0.3148846153846154
687957,SI,Sinker,Fastball,85,0.09090909090909091,0.29411764705882354,0.3292276
687957,SL,Slider,Breaking,66,0.4375,0.16666666666666666,0.227948
687957,ST,Sweeper,Breaking,58,0.2727272727272727,0.5,0.35602
687957,CU,Curveball,Breaking,42,0.23809523809523808,0.15384615384615385,0.22184615384615386
687957,FC,Cutter,Fastball,38,0.17391304347826086,0.5,0.4119696923076923
688363,FF,4-Seam FB,Fastball,218,0.14423076923076922,0.4339622641509434,0.3052865357142857
688363,CH,Changeup,Offspeed,111,0.25,0.36,0.2082
688363,SI,Sinker,Fastball,78,0.17857142857142858,0.375,0.32345578947368425
688363,FC,Cutter,Fastball,71,0.24324324324324326,0.25,0.1643076923076923
688363,CU,Curveball,Breaking,57,0.35714285714285715,0.4666666666666667,0.18863875
688363,SL,Slider,Breaking,56,0.26666666666666666,0.14285714285714285,0.11908333333333333
688363,ST,Sweeper,Breaking,33,0.07692307692307693,0.4,0.33266666666666667
688363,FS,Splitter,Offspeed,27,0.2857142857142857,0.0,0.09825
689414,FF,4-Seam FB,Fastball,609,0.05536332179930796,0.4121212121212121,0.3392699239130435
689414,SI,Sinker,Fastball,335,0.02857142857142857,0.38461538461538464,0.31184365999999997
689414,CH,Changeup,Offspeed,253,0.19658119658119658,0.4696969696969697,0.2997080597014925
689414,SL,Slider,Breaking,230,0.23711340206185566,0.5094339622641509,0.2937711
689414,FC,Cutter,Fastball,192,0.08235294117647059,0.5,0.3584085238095238
689414,CU,Curveball,Breaking,174,0.14,0.6,0.3423414814814815
689414,ST,Sweeper,Breaking,158,0.10638297872340426,0.20689655172413793,0.269764
689414,FS,Splitter,Offspeed,104,0.2727272727272727,0.4583333333333333,0.2907631851851852
689414,KC,Knuckle-Curve,Breaking,46,0.5,0.0,0.371194
690022,FF,4-Seam FB,Fastball,56,0.2857142857142857,0.8,0.121
690291,FF,4-Seam FB,Fastball,38,0.07692307692307693,0.25,0.42511
690924,FF,4-Seam FB,Fastball,126,0.375,0.20833333333333334,0.24903059259259258
690924,SI,Sinker,Fastball,61,0.14285714285714285,1.0,0.41704
690924,SL,Slider,Breaking,57,0.45454545454545453,0.0625,0.07815384615384616
690924,CH,Changeup,Offspeed,35,0.4444444444444444,0.0,0.026857142857142857
690924,CU,Curveball,Breaking,31,0.3333333333333333,0.2,0.1052
690924,ST,Sweeper,Breaking,27,0.36363636363636365,0.0,0.10566666666666667
690976,FF,4-Seam FB,Fastball,385,0.21301775147928995,0.5,0.3898055696202532
690976,CH,Changeup,Offspeed,174,0.3939393939393939,0.08108108108108109,0.24973951219512194
690976,SI,Sinker,Fastball,147,0.13846153846153847,0.2631578947368421,0.29168923076923076
690976,SL,Slider,Breaking,147,0.47058823529411764,0.2608695652173913,0.3356765185185185
690976,FC,Cutter,Fastball,100,0.19047619047619047,0.4090909090909091,0.15631578947368419
690976,CU,Curveball,Breaking,90,0.4117647058823529,0.1875,0.27045125
690976,ST,Sweeper,Breaking,65,0.2857142857142857,0.3157894736842105,0.2552118181818182
690976,FS,Splitter,Offspeed,48,0.4117647058823529,0.5,0.24868499999999996
690984,FF,4-Seam FB,Fastball,228,0.31496062992125984,0.4230769230769231,0.31898785714285716
690984,SI,Sinker,Fastball,107,0.22727272727272727,0.40625,0.36267333333333335
690984,SL,Slider,Breaking,82,0.3617021276595745,0.3157894736842105,0.2673888888888889
690984,CH,Changeup,Offspeed,71,0.1702127659574468,0.18518518518518517,0.29516
690984,ST,Sweeper,Breaking,71,0.2222222222222222,0.0,0.1724658888888889
690984,FC,Cutter,Fastball,66,0.275,0.11764705882352941,0.22712557894736843
690984,CU,Curveball,Breaking,32,0.125,0.38461538461538464,0.28484615384615386
690993,FF,4-Seam FB,Fastball,554,0.1411764705882353,0.35,0.3347526456692913
690993,CH,Changeup,Offspeed,277,0.3381294964028777,0.44594594594594594,0.2505978947368421
690993,SI,Sinker,Fastball,202,0.09523809523809523,0.3333333333333333,0.3699099384615384
690993,SL,Slider,Breaking,158,0.3389830508474576,0.46153846153846156,0.3276504736842105
690993,FC,Cutter,Fastball,154,0.15584415584415584,0.6388888888888888,0.4043758974358974
690993,CU,Curveball,Breaking,113,0.3333333333333333,0.5217391304347826,0.4422575999999999
690993,FS,Splitter,Offspeed,108,0.41304347826086957,0.16666666666666666,0.21988880000000002
690993,ST,Sweeper,Breaking,91,0.3103448275862069,0.4117647058823529,0.42758
691002,FF,4-Seam FB,Fastball,64,0.36666666666666664,0.45454545454545453,0.2720909090909091
691002,SL,Slider,Breaking,35,0.3181818181818182,0.6363636363636364,0.4853636363636364
691011,FF,4-Seam FB,Fastball,225,0.19672131147540983,0.3728813559322034,0.3055843076923077
691011,CH,Changeup,Offspeed,152,0.3950617283950617,0.125,0.18329441860465115
691011,SL,Slider,Breaking,91,0.29411764705882354,0.47619047619047616,0.37438022222222217
691011,CU,Curveball,Breaking,70,0.39285714285714285,0.0,0.12294440000000002
691011,SI,Sinker,Fastball,62,0.18181818181818182,0.5263157894736842,0.4215552380952381
691011,FC,Cutter,Fastball,46,0.23333333333333334,0.4166666666666667,0.21033333333333337
691011,ST,Sweeper,Breaking,45,0.4375,0.25,0.13290733333333335
691011,FS,Splitter,Offspeed,43,0.6190476190476191,0.1,0.12211111111111111
691016,FF,4-Seam FB,Fastball,421,0.15865384615384615,0.53,0.3902941680672269
691016,SI,Sinker,Fastball,385,0.11794871794871795,0.46551724137931033,0.32687788617886177
691016,SL,Slider,Breaking,249,0.4,0.4489795918367347,0.3451215087719298
691016,CH,Changeup,Offspeed,212,0.358695652173913,0.2894736842105263,0.21409463414634144
691016,FC,Cutter,Fastball,135,0.19402985074626866,0.48717948717948717,0.3785282926829268
691016,ST,Sweeper,Breaking,119,0.32432432432432434,0.5555555555555556,0.21616663157894733
691016,CU,Curveball,Breaking,113,0.3076923076923077,0.7222222222222222,0.24288235294117644
691016,FS,Splitter,Offspeed,94,0.22727272727272727,0.25,0.21674666666666664
691016,KC,Knuckle-Curve,Breaking,37,0.35,0.25,0.168
691019,FF,4-Seam FB,Fastball,192,0.37623762376237624,0.4358974358974359,0.33426291999999996
691019,SI,Sinker,Fastball,124,0.15254237288135594,0.48148148148148145,0.40289935483870964
691019,SL,Slider,Breaking,98,0.41304347826086957,0.08333333333333333,0.1974888
691019,CH,Changeup,Offspeed,70,0.40540540540540543,0.1,0.21886999999999998
691019,CU,Curveball,Breaking,59,0.25,0.25,0.26643859999999997
691019,ST,Sweeper,Breaking,53,0.2727272727272727,0.375,0.429146
691019,FC,Cutter,Fastball,50,0.4838709677419355,0.7,0.4903655
691023,FF,4-Seam FB,Fastball,583,0.2545454545454545,0.49056603773584906,0.3301435365853659
691023,SI,Sinker,Fastball,506,0.20535714285714285,0.3790322580645161,0.3756779444444444
691023,SL,Slider,Breaking,366,0.42786069651741293,0.4148936170212766,0.238803125
691023,ST,Sweeper,Breaking,347,0.3333333333333333,0.367816091954023,0.29308133333333336
691023,CH,Changeup,Offspeed,219,0.452991452991453,0.5,0.36625114754098365
691023,FC,Cutter,Fastball,179,0.3218390804597701,0.8,0.4592977272727273
691023,CU,Curveball,Breaking,146,0.42105263157894735,0.35,0.34356097560975607
691023,FS,Splitter,Offspeed,49,0.6086956521739131,0.7,0.42828666666666665
691026,FF,4-Seam FB,Fastball,790,0.21646341463414634,0.21428571428571427,0.31853538271604936
691026,SI,Sinker,Fastball,345,0.09523809523809523,0.3902439024390244,0.3370972134831461
691026,SL,Slider,Breaking,302,0.30327868852459017,0.3076923076923077,0.28140920547945203
691026,ST,Sweeper,Breaking,214,0.2967032967032967,0.3269230769230769,0.2775186785714286
691026,FC,Cutter,Fastball,168,0.2125,0.46511627906976744,0.295953488372093
691026,CH,Changeup,Offspeed,166,0.34782608695652173,0.4,0.32765860465116275
691026,CU,Curveball,Breaking,139,0.3,0.38235294117647056,0.23167243243243243
691026,FS,Splitter,Offspeed,44,0.36,0.06666666666666667,0.0966
691026,KC,Knuckle-Curve,Breaking,29,0.3,0.2857142857142857,0.1335714285714286
691176,FF,4-Seam FB,Fastball,314,0.18666666666666668,0.21052631578947367,0.2486575675675676
691176,CH,Changeup,Offspeed,147,0.3132530120481928,0.55,0.2708742105263157
691176,SI,Sinker,Fastball,102,0.13333333333333333,0.45454545454545453,0.3819964705882353
691176,FC,Cutter,Fastball,71,0.19047619047619047,0.38095238095238093,0.352063
691176,SL,Slider,Breaking,69,0.24324324324324326,0.7222222222222222,0.33084555555555556
691176,FS,Splitter,Offspeed,62,0.5142857142857142,0.25,0.2132
691176,CU,Curveball,Breaking,51,0.375,0.75,0.274375
691176,ST,Sweeper,Breaking,44,0.17391304347826086,0.2,0.2215166
691181,FF,4-Seam FB,Fastball,54,0.19230769230769232,0.6666666666666666,0.6433773333333332
691181,CH,Changeup,Offspeed,36,0.6086956521739131,0.14285714285714285,0.13892857142857143
691181,ST,Sweeper,Breaking,26,0.36363636363636365,0.75,0.43425
691182,FF,4-Seam FB,Fastball,149,0.18518518518518517,0.5588235294117647,0.31260789473684214
691182,CH,Changeup,Offspeed,48,0.21428571428571427,0.23076923076923078,0.1914442857142857
691182,SI,Sinker,Fastball,42,0.05263157894736842,0.9,0.43170333333333333
691182,SL,Slider,Breaking,42,0.1111111111111111,0.4166666666666667,0.13966666666666666
691182,FC,Cutter,Fastball,31,0.058823529411764705,0.0,0.3188
691182,CU,Curveball,Breaking,28,0.3076923076923077,0.6666666666666666,0.26317325
691277,FF,4-Seam FB,Fastball,53,0.22727272727272727,0.16666666666666666,0.21208333333333332
691277,SL,Slider,Breaking,27,0.3333333333333333,0.14285714285714285,0.02614285714285714
691277,SI,Sinker,Fastball,25,0.0,0.125,0.2604628888888889
691373,FF,4-Seam FB,Fastball,69,0.32653061224489793,0.22727272727272727,0.3151233333333333
691373,SL,Slider,Breaking,36,0.5217391304347826,0.0,0.011222222222222222
691373,ST,Sweeper,Breaking,31,0.3684210526315789,0.14285714285714285,0.29700000000000004
691373,SI,Sinker,Fastball,28,0.16666666666666666,0.5,0.4528332
691406,FF,4-Seam FB,Fastball,594,0.23333333333333334,0.628099173553719,0.4336115942028986
691406,SI,Sinker,Fastball,558,0.1148936170212766,0.5693430656934306,0.38041912418300644
691406,SL,Slider,Breaking,442,0.263681592039801,0.49074074074074076,0.3425405357142858
691406,CH,Changeup,Offspeed,316,0.3103448275862069,0.3283582089552239,0.3414227466666667
691406,ST,Sweeper,Breaking,298,0.3475177304964539,0.4444444444444444,0.2675843466666667
691406,FC,Cutter,Fastball,231,0.13131313131313133,0.5333333333333333,0.38529607843137254
691406,CU,Curveball,Breaking,145,0.31343283582089554,0.3783783783783784,0.2709087179487179
691406,FS,Splitter,Offspeed,108,0.40816326530612246,0.631578947368421,0.42646025000000004
691406,KC,Knuckle-Curve,Breaking,65,0.4074074074074074,0.6470588235294118,0.36050000000000004
691458,FF,4-Seam FB,Fastball,204,0.13274336283185842,0.46938775510204084,0.3170426923076923
691458,SI,Sinker,Fastball,140,0.14864864864864866,0.23076923076923078,0.28311223255813955
691458,SL,Slider,Breaking,122,0.28125,0.3333333333333333,0.3416282758620689
691458,CH,Changeup,Offspeed,73,0.2708333333333333,0.5333333333333333,0.3557666666666667
691458,ST,Sweeper,Breaking,73,0.21875,0.35294117647058826,0.2842482352941177
691458,FC,Cutter,Fastball,46,0.32142857142857145,0.25,0.15091666666666667
691458,CU,Curveball,Breaking,39,0.29411764705882354,0.5,0.58904825
691594,FF,4-Seam FB,Fastball,422,0.12385321100917432,0.4519230769230769,0.3090899099099099
691594,SI,Sinker,Fastball,374,0.04945054945054945,0.4857142857142857,0.36133315789473686
691594,SL,Slider,Breaking,234,0.17647058823529413,0.5064935064935064,0.24835064935064938
691594,FC,Cutter,Fastball,168,0.07317073170731707,0.6585365853658537,0.3197560975609756
691594,ST,Sweeper,Breaking,164,0.18072289156626506,0.34146341463414637,0.18117190476190478
691594,CH,Changeup,Offspeed,158,0.12962962962962962,0.3709677419354839,0.24857400000000002
691594,CU,Curveball,Breaking,92,0.12121212121212122,0.23529411764705882,0.22765473684210524
691594,FS,Splitter,Offspeed,35,0.16666666666666666,0.36363636363636365,0.43053666666666673
691718,FF,4-Seam FB,Fastball,983,0.2505592841163311,0.6111111111111112,0.3626859489361702
691718,SI,Sinker,Fastball,413,0.15025906735751296,0.4835164835164835,0.3826082075471698
691718,SL,Slider,Breaking,388,0.3096446700507614,0.6233766233766234,0.40111642222222216
691718,CH,Changeup,Offspeed,349,0.2631578947368421,0.5119047619047619,0.4006274725274725
691718,ST,Sweeper,Breaking,233,0.30158730158730157,0.43636363636363634,0.278137298245614
691718,FC,Cutter,Fastball,192,0.30275229357798167,0.5,0.33259794871794873
691718,CU,Curveball,Breaking,188,0.35353535353535354,0.475,0.33910837209302325
691718,FS,Splitter,Offspeed,128,0.30985915492957744,0.90625,0.4777776470588235
691718,KC,Knuckle-Curve,Breaking,43,0.16129032258064516,0.4666666666666667,0.39139999999999997
691720,FF,4-Seam FB,Fastball,549,0.11235955056179775,0.6492537313432836,0.4039949411764705
691720,SI,Sinker,Fastball,350,0.10303030303030303,0.38461538461538464,0.3287418979591837
691720,SL,Slider,Breaking,322,0.39568345323741005,0.26153846153846155,0.2780084225352112
691720,ST,Sweeper,Breaking,233,0.4166666666666667,0.15151515151515152,0.24446109523809523
691720,CH,Changeup,Offspeed,180,0.33707865168539325,0.2619047619047619,0.3024204761904762
691720,FC,Cutter,Fastball,145,0.24193548387096775,0.36,0.297875
691720,CU,Curveball,Breaking,90,0.41379310344827586,0.26666666666666666,0.25592255555555554
691720,FS,Splitter,Offspeed,35,0.5,0.375,0.44525000000000003
691720,KC,Knuckle-Curve,Breaking,26,0.8461538461538461,0.0,0.11974571428571427
691723,FF,4-Seam FB,Fastball,475,0.16738197424892703,0.4672897196261682,0.4131663278688525
691723,SL,Slider,Breaking,358,0.43870967741935485,0.5454545454545454,0.2938630232558139
691723,SI,Sinker,Fastball,290,0.15217391304347827,0.53125,0.39194588405797104
691723,ST,Sweeper,Breaking,240,0.33043478260869563,0.14583333333333334,0.13960332
691723,CH,Changeup,Offspeed,203,0.43478260869565216,0.5,0.3422891666666667
691723,FC,Cutter,Fastball,169,0.34146341463414637,0.5384615384615384,0.40675999999999995
691723,CU,Curveball,Breaking,146,0.2807017543859649,0.6,0.3350573571428571
691723,FS,Splitter,Offspeed,30,0.375,0.125,0.13625
691728,FF,4-Seam FB,Fastball,111,0.5333333333333333,0.12,0.16716827586206898
691728,FC,Cutter,Fastball,44,0.2,0.8,0.3937866666666667
691728,SI,Sinker,Fastball,39,0.29411764705882354,0.25,0.215125
691728,CH,Changeup,Offspeed,30,0.5294117647058824,0.7142857142857143,0.3541525
691728,SL,Slider,Breaking,27,0.35,0.6666666666666666,0.32733333333333337
691740,FF,4-Seam FB,Fastball,156,0.14432989690721648,0.35,0.2904741463414634
691740,SI,Sinker,Fastball,118,0.06557377049180328,0.29411764705882354,0.3223331282051282
691740,SL,Slider,Breaking,99,0.3684210526315789,0.45,0.2799011111111111
691740,CH,Changeup,Offspeed,82,0.375,0.55,0.28575
691740,ST,Sweeper,Breaking,58,0.4,0.0625,0.09086666666666665
691740,FC,Cutter,Fastball,48,0.28,0.6666666666666666,0.35650000000000004
691740,CU,Curveball,Breaking,31,0.06666666666666667,0.36363636363636365,0.37818353846153846
691777,FF,4-Seam FB,Fastball,317,0.25609756097560976,0.6805555555555556,0.37992846153846155
691777,SI,Sinker,Fastball,246,0.19130434782608696,0.4339622641509434,0.31221133333333334
691777,SL,Slider,Breaking,174,0.4421052631578947,0.30952380952380953,0.26147330434782606
691777,ST,Sweeper,Breaking,138,0.38571428571428573,0.2,0.15940060606060608
691777,CH,Changeup,Offspeed,115,0.39344262295081966,0.16129032258064516,0.27174903225806446
691777,FC,Cutter,Fastball,77,0.34375,0.6923076923076923,0.32840153846153847
691777,CU,Curveball,Breaking,58,0.3076923076923077,0.23076923076923078,0.1852476923076923
691777,FS,Splitter,Offspeed,26,0.6666666666666666,0.0,0.10559514285714286
691781,FF,4-Seam FB,Fastball,374,0.3020833333333333,0.43529411764705883,0.35575247311827957
691781,SI,Sinker,Fastball,273,0.1678832116788321,0.3333333333333333,0.353204575
691781,SL,Slider,Breaking,184,0.3763440860215054,0.5,0.271801568627451
691781,ST,Sweeper,Breaking,179,0.3058823529411765,0.5609756097560976,0.4243409302325581
691781,CH,Changeup,Offspeed,116,0.42028985507246375,0.2857142857142857,0.2991942857142857
691781,FC,Cutter,Fastball,104,0.3148148148148148,0.3684210526315789,0.3003888571428572
691781,CU,Curveball,Breaking,64,0.3076923076923077,0.1111111111111111,0.17611684210526318
691781,FS,Splitter,Offspeed,29,0.29411764705882354,0.16666666666666666,0.33093050000000007
691783,FF,4-Seam FB,Fastball,190,0.25806451612903225,0.5227272727272727,0.3649455909090909
691783,SI,Sinker,Fastball,103,0.18518518518518517,0.5555555555555556,0.33989793333333335
691783,SL,Slider,Breaking,84,0.29411764705882354,0.3333333333333333,0.2355
691783,CH,Changeup,Offspeed,69,0.21875,0.75,0.5337821666666667
691783,ST,Sweeper,Breaking,58,0.35,0.0,0.08600000000000001
691783,FC,Cutter,Fastball,41,0.4117647058823529,0.5714285714285714,0.20046153846153844
691783,CU,Curveball,Breaking,37,0.25,0.2222222222222222,0.2803166
691785,FF,4-Seam FB,Fastball,301,0.16049382716049382,0.3333333333333333,0.29907388888888886
691785,CH,Changeup,Offspeed,190,0.45454545454545453,0.11428571428571428,0.25261794871794874
691785,SL,Slider,Breaking,122,0.36538461538461536,0.2727272727272727,0.2363667894736842
691785,CU,Curveball,Breaking,101,0.3023255813953488,0.23809523809523808,0.21754476190476194
691785,SI,Sinker,Fastball,101,0.09615384615384616,0.5142857142857142,0.25889529411764706
691785,FS,Splitter,Offspeed,62,0.2413793103448276,0.17647058823529413,0.14952941176470588
691785,FC,Cutter,Fastball,55,0.20588235294117646,0.08333333333333333,0.33854545454545454
691785,ST,Sweeper,Breaking,41,0.4,0.6666666666666666,0.2811742857142857
691788,FF,4-Seam FB,Fastball,332,0.13125,0.5641025641025641,0.3382180952380952
691788,CH,Changeup,Offspeed,208,0.45098039215686275,0.2857142857142857,0.21584439999999996
691788,SI,Sinker,Fastball,179,0.12345679012345678,0.3953488372093023,0.32385625
691788,SL,Slider,Breaking,153,0.2876712328767123,0.3055555555555556,0.28004565000000003
691788,CU,Curveball,Breaking,123,0.25,0.375,0.3108888
691788,FC,Cutter,Fastball,99,0.2222222222222222,0.5517241379310345,0.36404500000000006
691788,ST,Sweeper,Breaking,96,0.42857142857142855,0.34782608695652173,0.22401484615384618
691788,FS,Splitter,Offspeed,53,0.2727272727272727,0.2,0.3376
691788,KC,Knuckle-Curve,Breaking,34,0.3684210526315789,0.1,0.0651
691858,FF,4-Seam FB,Fastball,42,0.25925925925925924,0.15384615384615385,0.07815384615384616
691858,SI,Sinker,Fastball,31,0.09090909090909091,0.8333333333333334,0.44302749999999996
691907,FF,4-Seam FB,Fastball,74,0.45161290322580644,0.13333333333333333,0.23655529411764706
692216,FF,4-Seam FB,Fastball,73,0.2619047619047619,0.46153846153846156,0.43452075000000007
692216,SI,Sinker,Fastball,30,0.0625,0.42857142857142855,0.376044
692216,CH,Changeup,Offspeed,25,0.6666666666666666,1.25,1.362
693304,FF,4-Seam FB,Fastball,613,0.1574074074074074,0.36879432624113473,0.36050369032258067
693304,SI,Sinker,Fastball,540,0.18085106382978725,0.41007194244604317,0.33228082580645163
693304,SL,Slider,Breaking,283,0.3237410071942446,0.4307692307692308,0.3572955882352941
693304,ST,Sweeper,Breaking,204,0.20175438596491227,0.4032258064516129,0.29835780327868855
693304,CH,Changeup,Offspeed,203,0.29245283018867924,0.3617021276595745,0.27819714285714287
693304,FC,Cutter,Fastball,196,0.24603174603174602,0.3090909090909091,0.2883188888888889
693304,CU,Curveball,Breaking,120,0.3125,0.5357142857142857,0.3391202
693304,FS,Splitter,Offspeed,59,0.48484848484848486,0.15384615384615385,0.23675906666666663
693304,KC,Knuckle-Curve,Breaking,25,0.36363636363636365,0.42857142857142855,0.4096525
693307,FF,4-Seam FB,Fastball,679,0.16352201257861634,0.50625,0.40344588571428563
693307,SI,Sinker,Fastball,544,0.10894941634241245,0.3898305084745763,0.36791403100775194
693307,SL,Slider,Breaking,279,0.32575757575757575,0.6949152542372882,0.33157705084745764
693307,CH,Changeup,Offspeed,245,0.3493150684931507,0.34375,0.267364776119403
693307,ST,Sweeper,Breaking,183,0.2087912087912088,0.5652173913043478,0.3669058367346939
693307,FC,Cutter,Fastball,182,0.14583333333333334,0.7272727272727273,0.4070530222222222
693307,CU,Curveball,Breaking,176,0.39705882352941174,0.2727272727272727,0.18098604545454544
693307,FS,Splitter,Offspeed,67,0.34285714285714286,0.1111111111111111,0.2083361052631579
693307,KC,Knuckle-Curve,Breaking,40,0.375,0.09090909090909091,0.20781818181818182
693409,FF,4-Seam FB,Fastball,42,0.14285714285714285,0.07692307692307693,0.33601571428571425
693459,FF,4-Seam FB,Fastball,33,0.38095238095238093,0.14285714285714285,0.22434857142857142
694025,FF,4-Seam FB,Fastball,38,0.13043478260869565,0.8333333333333334,0.4324444444444444
694025,SL,Slider,Breaking,28,0.2631578947368421,0.4,0.09811111111111112
694192,FF,4-Seam FB,Fastball,627,0.26421404682274247,0.6115107913669064,0.3971035761589404
694192,SI,Sinker,Fastball,436,0.13,0.40540540540540543,0.34721433870967744
694192,SL,Slider,Breaking,359,0.32666666666666666,0.33783783783783783,0.28098506666666667
694192,ST,Sweeper,Breaking,229,0.28695652173913044,0.3508771929824561,0.3023928571428572
694192,FC,Cutter,Fastball,208,0.3157894736842105,0.5,0.3847566037735849
694192,CH,Changeup,Offspeed,181,0.2,0.5666666666666667,0.29908847457627113
694192,CU,Curveball,Breaking,114,0.24390243902439024,0.5217391304347826,0.27245759999999997
694192,FS,Splitter,Offspeed,62,0.35294117647058826,0.29411764705882354,0.33329
694192,KC,Knuckle-Curve,Breaking,32,0.3333333333333333,1.25,0.5062774999999999
694197,FF,4-Seam FB,Fastball,133,0.15384615384615385,0.3333333333333333,0.35591435897435897
694197,SI,Sinker,Fastball,94,0.06976744186046512,0.32142857142857145,0.31824624999999995
694197,CH,Changeup,Offspeed,74,0.17857142857142858,0.17647058823529413,0.2371233333333333
694197,FC,Cutter,Fastball,61,0.3225806451612903,0.13333333333333333,0.2530815294117647
694197,SL,Slider,Breaking,52,0.34782608695652173,0.2727272727272727,0.2157272727272727
694197,CU,Curveball,Breaking,41,0.26666666666666666,0.2857142857142857,0.15585714285714286
694197,ST,Sweeper,Breaking,30,0.46153846153846156,0.625,0.24080222222222222
694203,FF,4-Seam FB,Fastball,347,0.2459016393442623,0.27941176470588236,0.22611250000000002
694203,SI,Sinker,Fastball,225,0.14285714285714285,0.3220338983050847,0.28381409836065574
694203,SL,Slider,Breaking,160,0.3191489361702128,0.30434782608695654,0.27404117647058823
694203,CH,Changeup,Offspeed,121,0.4533333333333333,0.34285714285714286,0.19425367567567567
694203,ST,Sweeper,Breaking,120,0.3384615384615385,0.1935483870967742,0.211788125
694203,CU,Curveball,Breaking,72,0.2,0.3333333333333333,0.2405314285714286
694203,FC,Cutter,Fastball,69,0.1951219512195122,0.7777777777777778,0.4853846153846154
694208,FF,4-Seam FB,Fastball,477,0.3276595744680851,0.375,0.29838037037037035
694208,SL,Slider,Breaking,213,0.3486238532110092,0.28888888888888886,0.2631812244897959
694208,CH,Changeup,Offspeed,196,0.2988505747126437,0.2826086956521739,0.250558875
694208,SI,Sinker,Fastball,159,0.13043478260869565,0.391304347826087,0.2976463636363636
694208,FC,Cutter,Fastball,96,0.16981132075471697,0.5909090909090909,0.29345333333333334
694208,ST,Sweeper,Breaking,93,0.2702702702702703,0.29411764705882354,0.28576375
694208,CU,Curveball,Breaking,81,0.38095238095238093,0.44,0.2736623076923077
694208,FS,Splitter,Offspeed,69,0.1388888888888889,0.36363636363636365,0.3680530434782609
694208,KC,Knuckle-Curve,Breaking,33,0.3333333333333333,0.25,0.31275
694212,FF,4-Seam FB,Fastball,401,0.2876712328767123,0.41284403669724773,0.32869008849557524
694212,SL,Slider,Breaking,223,0.39655172413793105,0.4166666666666667,0.3276540740740741
694212,CH,Changeup,Offspeed,197,0.2815533980582524,0.48214285714285715,0.2973564727272727
694212,SI,Sinker,Fastball,194,0.18518518518518517,0.38461538461538464,0.3747453333333333
694212,ST,Sweeper,Breaking,152,0.3088235294117647,0.21428571428571427,0.26311993548387097
694212,FC,Cutter,Fastball,143,0.2,0.6,0.359020625
694212,CU,Curveball,Breaking,120,0.40298507462686567,0.24242424242424243,0.21518294117647058
694212,FS,Splitter,Offspeed,54,0.2857142857142857,0.75,0.43425
694212,KC,Knuckle-Curve,Breaking,32,0.5833333333333334,0.5,0.20270000000000002
694249,FF,4-Seam FB,Fastball,434,0.210727969348659,0.5181818181818182,0.308991282051282
694249,CH,Changeup,Offspeed,236,0.32,0.5344827586206896,0.35864677419354835
694249,SI,Sinker,Fastball,194,0.11818181818181818,0.32653061224489793,0.3562813793103448
694249,SL,Slider,Breaking,164,0.3,0.5588235294117647,0.33778210810810816
694249,CU,Curveball,Breaking,156,0.5,0.36,0.14479407407407408
694249,FC,Cutter,Fastball,127,0.16216216216216217,0.75,0.36471750000000003
694249,ST,Sweeper,Breaking,68,0.34782608695652173,0.5,0.30817076923076925
694249,FS,Splitter,Offspeed,53,0.3333333333333333,0.17647058823529413,0.20700000000000002
694362,FF,4-Seam FB,Fastball,163,0.19718309859154928,0.40625,0.3374806842105263
694362,SI,Sinker,Fastball,112,0.07272727272727272,0.3684210526315789,0.29666
694362,SL,Slider,Breaking,99,0.4,0.2857142857142857,0.1855925925925926
694362,ST,Sweeper,Breaking,46,0.42105263157894735,0.3,0.2157
694362,FC,Cutter,Fastball,45,0.18181818181818182,0.4444444444444444,0.4386763636363637
694362,CH,Changeup,Offspeed,43,0.4117647058823529,0.5,0.2021707692307692
694362,CU,Curveball,Breaking,25,0.2222222222222222,0.42857142857142855,0.37589575000000003
694371,SI,Sinker,Fastball,134,0.14285714285714285,0.1935483870967742,0.2125194117647059
694371,FF,4-Seam FB,Fastball,125,0.11320754716981132,0.8,0.5088885714285715
694371,SL,Slider,Breaking,101,0.46153846153846156,0.07692307692307693,0.18091625000000003
694371,ST,Sweeper,Breaking,73,0.3157894736842105,0.047619047619047616,0.23078272727272725
694371,CH,Changeup,Offspeed,49,0.4782608695652174,0.5,0.2495553846153846
694371,CU,Curveball,Breaking,33,0.36363636363636365,0.25,0.08299999999999999
694371,FC,Cutter,Fastball,32,0.15789473684210525,0.38461538461538464,0.32699999999999996
694374,FF,4-Seam FB,Fastball,439,0.20087336244541484,0.26595744680851063,0.2970564
694374,SI,Sinker,Fastball,244,0.10810810810810811,0.5,0.40934563380281697
694374,SL,Slider,Breaking,226,0.3269230769230769,0.4489795918367347,0.3282286274509804
694374,ST,Sweeper,Breaking,185,0.40476190476190477,0.22857142857142856,0.17657142857142857
694374,FC,Cutter,Fastball,121,0.3333333333333333,0.42857142857142855,0.3250553333333333
694374,CH,Changeup,Offspeed,120,0.42857142857142855,0.5757575757575758,0.32618
694374,CU,Curveball,Breaking,62,0.3181818181818182,0.14285714285714285,0.2022775
694374,FS,Splitter,Offspeed,48,0.3448275862068966,0.6153846153846154,0.36141666666666666
694374,KC,Knuckle-Curve,Breaking,28,0.6666666666666666,0.3333333333333333,0.147
694376,FF,4-Seam FB,Fastball,170,0.25,0.45,0.311861
694376,SI,Sinker,Fastball,72,0.10810810810810811,0.391304347826087,0.28500000000000003
694376,SL,Slider,Breaking,60,0.2647058823529412,0.07142857142857142,0.206
694376,ST,Sweeper,Breaking,56,0.2,0.5,0.3740666666666667
694376,CH,Changeup,Offspeed,48,0.48,0.125,0.074625
694376,CU,Curveball,Breaking,36,0.45454545454545453,0.2,0.29386999999999996
694376,FC,Cutter,Fastball,26,0.3076923076923077,0.2,0.319044
694377,FF,4-Seam FB,Fastball,165,0.21568627450980393,0.24242424242424243,0.31118375
694377,SI,Sinker,Fastball,94,0.12,0.4642857142857143,0.3619402222222223
694377,CH,Changeup,Offspeed,86,0.2682926829268293,0.2608695652173913,0.2597
694377,SL,Slider,Breaking,61,0.3333333333333333,0.45454545454545453,0.2279533333333333
694377,ST,Sweeper,Breaking,42,0.21428571428571427,0.0,0.1816911111111111
694377,FC,Cutter,Fastball,35,0.1875,0.16666666666666666,0.39687
694377,CU,Curveball,Breaking,33,0.2,0.0,0.37438866666666665
694378,FF,4-Seam FB,Fastball,289,0.2235294117647059,0.3448275862068966,0.33413090625
694378,SI,Sinker,Fastball,125,0.16129032258064516,0.3225806451612903,0.32939016666666665
694378,CH,Changeup,Offspeed,114,0.19718309859154928,0.3076923076923077,0.2251842105263158
694378,SL,Slider,Breaking,90,0.2553191489361702,0.4166666666666667,0.2690416666666667
694378,FC,Cutter,Fastball,82,0.18604651162790697,0.07142857142857142,0.1908146666666667
694378,CU,Curveball,Breaking,60,0.22580645161290322,0.9,0.5046563636363636
694378,FS,Splitter,Offspeed,58,0.3333333333333333,0.29411764705882354,0.26623444444444444
694378,ST,Sweeper,Breaking,40,0.15,0.3333333333333333,0.2832476923076923
694378,KC,Knuckle-Curve,Breaking,28,0.13333333333333333,0.25,0.3245
694384,FF,4-Seam FB,Fastball,565,0.1059322033898305,0.425,0.3774811594202898
694384,SI,Sinker,Fastball,245,0.05714285714285714,0.2876712328767123,0.3508109
694384,CH,Changeup,Offspeed,222,0.16842105263157894,0.32608695652173914,0.2714676923076923
694384,SL,Slider,Breaking,210,0.2736842105263158,0.46511627906976744,0.3625150196078431
694384,FC,Cutter,Fastball,163,0.05333333333333334,0.3783783783783784,0.3140625641025641
694384,ST,Sweeper,Breaking,141,0.22807017543859648,0.5,0.28086099999999997
694384,CU,Curveball,Breaking,101,0.26666666666666666,0.3181818181818182,0.3075984545454546
694384,FS,Splitter,Offspeed,67,0.4594594594594595,0.3125,0.2774011111111111
694388,FF,4-Seam FB,Fastball,150,0.25925925925925924,0.4722222222222222,0.39198820512820515
694388,SL,Slider,Breaking,83,0.3829787234042553,0.11764705882352941,0.15302031578947367
694388,CH,Changeup,Offspeed,68,0.3076923076923077,0.16666666666666666,0.26546888888888887
694388,SI,Sinker,Fastball,63,0.15384615384615385,0.3076923076923077,0.258185
694388,FC,Cutter,Fastball,58,0.41935483870967744,0.08333333333333333,0.18094
694388,ST,Sweeper,Breaking,49,0.2222222222222222,0.375,0.29324666666666666
694388,CU,Curveball,Breaking,42,0.3888888888888889,0.5555555555555556,0.32333333333333336
694410,FF,4-Seam FB,Fastball,81,0.07894736842105263,0.3888888888888889,0.17224666666666666
694410,SL,Slider,Breaking,34,0.25,0.3333333333333333,0.49600000000000005
694410,SI,Sinker,Fastball,29,0.0,0.16666666666666666,0.2352
694410,ST,Sweeper,Breaking,25,0.25,0.16666666666666666,0.26274571428571425
694497,FF,4-Seam FB,Fastball,582,0.1984732824427481,0.3828125,0.3262267972972973
694497,CH,Changeup,Offspeed,325,0.38235294117647056,0.2571428571428571,0.22455532467532466
694497,SI,Sinker,Fastball,279,0.1651376146788991,0.38596491228070173,0.34255875
694497,SL,Slider,Breaking,208,0.4117647058823529,0.3333333333333333,0.26555845283018864
694497,FC,Cutter,Fastball,143,0.30303030303030304,0.17142857142857143,0.23158
694497,ST,Sweeper,Breaking,128,0.3958333333333333,0.3333333333333333,0.21436695652173918
694497,CU,Curveball,Breaking,109,0.3888888888888889,0.05555555555555555,0.20964031578947367
694497,FS,Splitter,Offspeed,62,0.4782608695652174,0.1,0.19219999999999998
694497,KC,Knuckle-Curve,Breaking,46,0.42857142857142855,0.21428571428571427,0.20661538461538462
694514,FF,4-Seam FB,Fastball,118,0.2786885245901639,0.3793103448275862,0.25474066666666667
694514,CH,Changeup,Offspeed,42,0.47058823529411764,0.0,0.23273999999999997
694514,SI,Sinker,Fastball,36,0.125,0.5,0.3932386
694514,SL,Slider,Breaking,28,0.4375,0.5,0.29950000000000004
694671,FF,4-Seam FB,Fastball,620,0.22262773722627738,0.3597122302158273,0.3020946329113924
694671,SI,Sinker,Fastball,346,0.11920529801324503,0.44155844155844154,0.36474807058823533
694671,SL,Slider,Breaking,271,0.2556390977443609,0.5833333333333334,0.38728235294117647
694671,CH,Changeup,Offspeed,208,0.37,0.3333333333333333,0.2576463636363636
694671,ST,Sweeper,Breaking,189,0.2903225806451613,0.21875,0.20439657142857143
694671,FC,Cutter,Fastball,173,0.26881720430107525,0.4090909090909091,0.3256930434782609
694671,CU,Curveball,Breaking,83,0.2903225806451613,0.42857142857142855,0.3807415294117647
694671,FS,Splitter,Offspeed,40,0.5789473684210527,0.7272727272727273,0.2161818181818182
694673,FF,4-Seam FB,Fastball,179,0.21,0.45454545454545453,0.34231869565217393
694673,CH,Changeup,Offspeed,77,0.3157894736842105,0.4375,0.2966875
694673,SI,Sinker,Fastball,73,0.03225806451612903,0.16666666666666666,0.24401692307692308
694673,SL,Slider,Breaking,69,0.2682926829268293,0.3333333333333333,0.2637777777777778
694673,FC,Cutter,Fastball,58,0.2,0.0,0.132
694673,ST,Sweeper,Breaking,49,0.17391304347826086,0.4444444444444444,0.22042199999999998
694673,FS,Splitter,Offspeed,46,0.3076923076923077,0.18181818181818182,0.18618499999999996
694673,CU,Curveball,Breaking,35,0.4,0.0,0.082625
694728,FF,4-Seam FB,Fastball,342,0.38235294117647056,0.38235294117647056,0.3319862162162162
694728,SI,Sinker,Fastball,168,0.22666666666666666,0.5897435897435898,0.33802046511627903
694728,SL,Slider,Breaking,142,0.40625,0.1724137931034483,0.17954066666666665
694728,ST,Sweeper,Breaking,94,0.34210526315789475,0.4,0.22945125
694728,CH,Changeup,Offspeed,91,0.4772727272727273,0.125,0.11200879999999999
694728,CU,Curveball,Breaking,77,0.47368421052631576,0.16666666666666666,0.11416666666666668
694728,FC,Cutter,Fastball,75,0.23076923076923078,0.55,0.38500000000000006
694728,FS,Splitter,Offspeed,27,0.5,0.0,0.030900000000000004
694876,FF,4-Seam FB,Fastball,32,0.14285714285714285,0.0,0.2992371428571428
695020,FF,4-Seam FB,Fastball,57,0.3448275862068966,0.23076923076923078,0.33601571428571425
695238,FF,4-Seam FB,Fastball,74,0.1,0.25,0.39412888888888886
695257,FF,4-Seam FB,Fastball,86,0.4528301886792453,0.3,0.1696875
695257,SI,Sinker,Fastball,35,0.0,0.125,0.20787
695257,SL,Slider,Breaking,32,0.42857142857142855,0.375,0.2687962222222222
695257,CH,Changeup,Offspeed,29,0.0,0.09090909090909091,0.057124999999999995
695257,ST,Sweeper,Breaking,25,0.375,0.09090909090909091,0.035800000000000005
695336,FF,4-Seam FB,Fastball,292,0.2937062937062937,0.33962264150943394,0.2657239649122807
695336,SI,Sinker,Fastball,134,0.1044776119402985,0.3939393939393939,0.37968542105263153
695336,SL,Slider,Breaking,84,0.3111111111111111,0.3,0.31282
695336,ST,Sweeper,Breaking,68,0.28205128205128205,0.25,0.26343263157894736
695336,FC,Cutter,Fastball,59,0.35714285714285715,0.4166666666666667,0.3314166666666667
695336,CU,Curveball,Breaking,51,0.4444444444444444,0.6923076923076923,0.2331585714285714
695336,CH,Changeup,Offspeed,44,0.30434782608695654,0.21428571428571427,0.3292927272727273
695391,FF,4-Seam FB,Fastball,67,0.3333333333333333,0.16666666666666666,0.225772
695391,SL,Slider,Breaking,30,0.3125,0.3333333333333333,0.2859441818181818
695391,CH,Changeup,Offspeed,28,0.375,0.14285714285714285,0.15585714285714286
695490,FF,4-Seam FB,Fastball,177,0.13761467889908258,0.2978723404255319,0.3640293877551021
695490,CH,Changeup,Offspeed,95,0.3492063492063492,0.3448275862068966,0.2975792857142857
695490,CU,Curveball,Breaking,70,0.42857142857142855,0.14285714285714285,0.1004
695490,SI,Sinker,Fastball,67,0.14705882352941177,0.13333333333333333,0.29296500000000003
695490,SL,Slider,Breaking,64,0.39473684210526316,0.13333333333333333,0.19893333333333332
695490,FC,Cutter,Fastball,38,0.2631578947368421,0.14285714285714285,0.26559844444444447
695490,ST,Sweeper,Breaking,30,0.47058823529411764,0.3333333333333333,0.39866640000000003
695491,FF,4-Seam FB,Fastball,90,0.4230769230769231,0.6333333333333333,0.2579808125
695491,SI,Sinker,Fastball,84,0.23404255319148937,0.2857142857142857,0.36384286956521733
695491,ST,Sweeper,Breaking,66,0.41935483870967744,0.2222222222222222,0.24130781818181815
695491,SL,Slider,Breaking,57,0.3125,0.8,0.41307625
695491,CH,Changeup,Offspeed,51,0.40625,0.5,0.20074999999999998
695506,FF,4-Seam FB,Fastball,488,0.2697841726618705,0.5307692307692308,0.396847744680851
695506,SI,Sinker,Fastball,305,0.21428571428571427,0.3380281690140845,0.3305717692307692
695506,CH,Changeup,Offspeed,269,0.2978723404255319,0.5285714285714286,0.34541616
695506,SL,Slider,Breaking,241,0.39705882352941174,0.7727272727272727,0.46089205882352946
695506,CU,Curveball,Breaking,191,0.3516483516483517,0.36585365853658536,0.3188385714285714
695506,ST,Sweeper,Breaking,190,0.3490566037735849,0.42,0.2809558490566038
695506,FC,Cutter,Fastball,165,0.19148936170212766,0.43902439024390244,0.33189395348837214
695506,FS,Splitter,Offspeed,83,0.3469387755102041,0.4090909090909091,0.26281818181818184
695506,KC,Knuckle-Curve,Breaking,39,0.32,0.5333333333333333,0.36707625
695508,FF,4-Seam FB,Fastball,93,0.35555555555555557,0.3888888888888889,0.18081272727272726
695508,SI,Sinker,Fastball,40,0.2,0.5714285714285714,0.2173333333333333
695508,SL,Slider,Breaking,39,0.5333333333333333,0.125,0.29115399999999997
695508,CH,Changeup,Offspeed,27,0.15384615384615385,0.4444444444444444,0.2561111111111111
695578,FF,4-Seam FB,Fastball,689,0.18532818532818532,0.6527777777777778,0.46736073170731707
695578,SI,Sinker,Fastball,436,0.1464968152866242,0.49473684210526314,0.44417394495412843
695578,SL,Slider,Breaking,381,0.4421768707482993,0.6956521739130435,0.43367698630136986
695578,CH,Changeup,Offspeed,352,0.35036496350364965,0.3389830508474576,0.3509252162162162
695578,ST,Sweeper,Breaking,248,0.37142857142857144,0.3898305084745763,0.37054153623188407
695578,CU,Curveball,Breaking,247,0.45588235294117646,0.23255813953488372,0.2581015319148936
695578,FC,Cutter,Fastball,199,0.3076923076923077,0.5277777777777778,0.42629700000000004
695578,FS,Splitter,Offspeed,94,0.5428571428571428,0.07142857142857142,0.24940249999999997
695578,KC,Knuckle-Curve,Breaking,48,0.5,0.0,0.16287285714285718
695600,FF,4-Seam FB,Fastball,878,0.3306878306878307,0.4025974025974026,0.28701768131868133
695600,SI,Sinker,Fastball,342,0.17164179104477612,0.475,0.33882433707865167
695600,SL,Slider,Breaking,302,0.34355828220858897,0.4,0.35293530864197525
695600,CH,Changeup,Offspeed,249,0.24074074074074073,0.3684210526315789,0.3388351724137931
695600,ST,Sweeper,Breaking,222,0.29523809523809524,0.2833333333333333,0.20164539682539684
695600,FC,Cutter,Fastball,185,0.3516483516483517,0.9459459459459459,0.47280250000000007
695600,CU,Curveball,Breaking,171,0.28125,0.5,0.344122
695600,FS,Splitter,Offspeed,116,0.23529411764705882,0.7619047619047619,0.3662261538461538
695600,KC,Knuckle-Curve,Breaking,49,0.37037037037037035,0.5333333333333333,0.25442470588235294
695657,FF,4-Seam FB,Fastball,946,0.3360488798370672,0.33035714285714285,0.2540564813278008
695657,SL,Slider,Breaking,374,0.4793814432989691,0.36486486486486486,0.26123093827160493
695657,SI,Sinker,Fastball,370,0.2893401015228426,0.4945054945054945,0.36388267326732676
695657,CH,Changeup,Offspeed,250,0.43410852713178294,0.4262295081967213,0.27772741935483874
695657,ST,Sweeper,Breaking,224,0.45544554455445546,0.0625,0.22410474074074074
695657,CU,Curveball,Breaking,157,0.4225352112676056,0.2916666666666667,0.22905330769230772
695657,FC,Cutter,Fastball,137,0.2911392405063291,0.972972972972973,0.5491651282051282
695657,FS,Splitter,Offspeed,66,0.34210526315789475,0.5909090909090909,0.370685
695657,KC,Knuckle-Curve,Breaking,46,0.42857142857142855,0.6,0.3503836363636364
695670,FF,4-Seam FB,Fastball,187,0.23863636363636365,0.3333333333333333,0.38465273913043474
695670,SI,Sinker,Fastball,101,0.13513513513513514,0.2,0.24305809523809524
695670,SL,Slider,Breaking,85,0.25,0.21428571428571427,0.24128133333333332
695670,CH,Changeup,Offspeed,44,0.30434782608695654,0.25,0.143375
695670,CU,Curveball,Breaking,36,0.5384615384615384,0.3,0.20038363636363632
695670,ST,Sweeper,Breaking,31,0.125,1.6,0.6260366666666667
695670,FC,Cutter,Fastball,25,0.1,0.8,0.2415
695681,FF,4-Seam FB,Fastball,245,0.2462686567164179,0.36363636363636365,0.30101491525423735
695681,SI,Sinker,Fastball,93,0.23255813953488372,0.25,0.38230499999999995
695681,SL,Slider,Breaking,69,0.4166666666666667,0.058823529411764705,0.18611764705882353
695681,ST,Sweeper,Breaking,67,0.4827586206896552,0.3333333333333333,0.17472222222222222
695681,CH,Changeup,Offspeed,52,0.5384615384615384,0.0,0.11076375
695681,CU,Curveball,Breaking,31,0.4,0.25,0.124375
695681,FC,Cutter,Fastball,29,0.23529411764705882,0.75,0.32024400000000003
695720,FF,4-Seam FB,Fastball,188,0.16822429906542055,0.3617021276595745,0.3802383333333334
695720,SI,Sinker,Fastball,182,0.15151515151515152,0.3541666666666667,0.27158791666666665
695720,SL,Slider,Breaking,105,0.35185185185185186,0.37037037037037035,0.3235185185185185
695720,ST,Sweeper,Breaking,76,0.35714285714285715,0.05263157894736842,0.15449999999999997
695720,CH,Changeup,Offspeed,73,0.2826086956521739,0.44,0.1776086956521739
695720,FC,Cutter,Fastball,66,0.23333333333333334,0.35714285714285715,0.37494
695720,CU,Curveball,Breaking,33,0.2222222222222222,0.14285714285714285,0.102
695731,FF,4-Seam FB,Fastball,358,0.225130890052356,0.5227272727272727,0.4119687358490565
695731,CH,Changeup,Offspeed,250,0.3333333333333333,0.23809523809523808,0.23507060606060604
695731,SI,Sinker,Fastball,220,0.28703703703703703,0.42105263157894735,0.27416755555555555
695731,SL,Slider,Breaking,171,0.40425531914893614,0.2857142857142857,0.2510781818181818
695731,FC,Cutter,Fastball,123,0.2676056338028169,0.37142857142857144,0.3957863157894737
695731,CU,Curveball,Breaking,114,0.2857142857142857,0.25,0.2845344166666666
695731,FS,Splitter,Offspeed,88,0.4375,0.12,0.22988
695731,ST,Sweeper,Breaking,82,0.22580645161290322,0.14285714285714285,0.4117125555555556
695734,FF,4-Seam FB,Fastball,814,0.24070021881838075,0.4171779141104294,0.3229657640449438
695734,CH,Changeup,Offspeed,313,0.25274725274725274,0.33653846153846156,0.29850634615384614
695734,SL,Slider,Breaking,300,0.2849162011173184,0.45161290322580644,0.26244439560439564
695734,SI,Sinker,Fastball,295,0.11728395061728394,0.4027777777777778,0.39882258227848094
695734,ST,Sweeper,Breaking,204,0.22549019607843138,0.40425531914893614,0.33202938775510205
695734,FC,Cutter,Fastball,203,0.20634920634920634,0.5,0.3718362264150944
695734,CU,Curveball,Breaking,168,0.26666666666666666,0.475,0.35555680952380947
695734,FS,Splitter,Offspeed,101,0.3442622950819672,0.42857142857142855,0.24514705882352944
695734,SV,Slurve,Breaking,31,0.2777777777777778,0.7777777777777778,0.3228
695734,KC,Knuckle-Curve,Breaking,27,0.2727272727272727,0.5714285714285714,0.3045714285714286
696030,FF,4-Seam FB,Fastball,356,0.1870967741935484,0.2033898305084746,0.34152139130434783
696030,SI,Sinker,Fastball,120,0.14,0.4074074074074074,0.28603034482758616
696030,CH,Changeup,Offspeed,110,0.11940298507462686,0.4,0.23564360869565218
696030,SL,Slider,Breaking,83,0.22,0.2413793103448276,0.34245400000000004
696030,FC,Cutter,Fastball,65,0.05128205128205128,0.45454545454545453,0.35539933333333334
696030,CU,Curveball,Breaking,57,0.2,0.5,0.3903577777777778
696030,ST,Sweeper,Breaking,47,0.36,0.23076923076923078,0.2730169230769231
696100,FF,4-Seam FB,Fastball,711,0.2932330827067669,0.4840764331210191,0.33127725
696100,SL,Slider,Breaking,308,0.38285714285714284,0.7325581395348837,0.34078022988505746
696100,SI,Sinker,Fastball,307,0.18243243243243243,0.7894736842105263,0.43854546835443037
696100,ST,Sweeper,Breaking,256,0.4492753623188406,0.3333333333333333,0.21219138461538462
696100,CH,Changeup,Offspeed,241,0.40559440559440557,0.35714285714285715,0.24945322580645163
696100,CU,Curveball,Breaking,160,0.43037974683544306,0.48717948717948717,0.268011
696100,FC,Cutter,Fastball,132,0.25316455696202533,0.71875,0.44491085714285716
696100,FS,Splitter,Offspeed,46,0.34782608695652173,0.15384615384615385,0.21394000000000002
696100,KC,Knuckle-Curve,Breaking,39,0.5882352941176471,0.5,0.11480000000000001
696135,FF,4-Seam FB,Fastball,110,0.3793103448275862,0.5454545454545454,0.34138399999999997
696135,SL,Slider,Breaking,61,0.2857142857142857,0.3125,0.2234375
696135,FC,Cutter,Fastball,39,0.34615384615384615,0.0,0.06055555555555556
696135,CH,Changeup,Offspeed,35,0.625,0.0,0.0315
696135,SI,Sinker,Fastball,31,0.06666666666666667,0.25,0.21691666666666667
696285,FF,4-Seam FB,Fastball,511,0.17,0.48695652173913045,0.37782842748091605
696285,SI,Sinker,Fastball,393,0.09770114942528736,0.330188679245283,0.2836600535714286
696285,SL,Slider,Breaking,247,0.288135593220339,0.27419354838709675,0.28789788059701493
696285,ST,Sweeper,Breaking,185,0.30666666666666664,0.2558139534883721,0.23842372093023254
696285,CH,Changeup,Offspeed,163,0.29411764705882354,0.37142857142857144,0.28184827027027026
696285,FC,Cutter,Fastball,144,0.21621621621621623,0.4857142857142857,0.37977179487179485
696285,CU,Curveball,Breaking,80,0.25,0.5,0.27801375
696285,FS,Splitter,Offspeed,36,0.375,0.45454545454545453,0.26756545454545455
699013,FF,4-Seam FB,Fastball,361,0.46875,0.5555555555555556,0.32603658695652177
699013,SI,Sinker,Fastball,254,0.24074074074074073,0.7368421052631579,0.4203306122448979
699013,CH,Changeup,Offspeed,138,0.5245901639344263,0.11764705882352941,0.1853871794871795
699013,SL,Slider,Breaking,137,0.39622641509433965,0.7096774193548387,0.45129589743589743
699013,ST,Sweeper,Breaking,126,0.4186046511627907,0.2608695652173913,0.24861066666666665
699013,FC,Cutter,Fastball,97,0.34146341463414637,0.7333333333333333,0.39038875
699013,CU,Curveball,Breaking,70,0.36363636363636365,0.16666666666666666,0.15488857142857143
699013,FS,Splitter,Offspeed,46,0.5,0.0,0.15631714285714285
699024,FF,4-Seam FB,Fastball,129,0.11864406779661017,0.65,0.3389390476190476
699024,CU,Curveball,Breaking,58,0.4444444444444444,0.375,0.4931355555555555
699024,SI,Sinker,Fastball,57,0.22727272727272727,0.3,0.41965636363636366
699024,SL,Slider,Breaking,45,0.45454545454545453,0.6666666666666666,0.35000000000000003
699024,CH,Changeup,Offspeed,42,0.3157894736842105,0.18181818181818182,0.3156492307692308
699024,ST,Sweeper,Breaking,27,0.2727272727272727,0.0,0.1024
699115,FF,4-Seam FB,Fastball,63,0.21428571428571427,0.5454545454545454,0.3422218181818182
699115,SI,Sinker,Fastball,28,0.35,0.36363636363636365,0.21383818181818182
699115,CU,Curveball,Breaking,26,0.46153846153846156,0.4,0.4345366666666666
699302,FF,4-Seam FB,Fastball,153,0.27058823529411763,0.2777777777777778,0.1562484210526316
699302,SI,Sinker,Fastball,102,0.13725490196078433,0.5217391304347826,0.3498841666666667
699302,CH,Changeup,Offspeed,83,0.35294117647058826,0.375,0.30056879999999997
699302,CU,Curveball,Breaking,68,0.24242424242424243,0.3125,0.20736588235294112
699302,SL,Slider,Breaking,51,0.3225806451612903,0.13333333333333333,0.1876666666666667
699302,FC,Cutter,Fastball,37,0.25,0.9090909090909091,0.5111835384615385
699393,FF,4-Seam FB,Fastball,338,0.17582417582417584,0.425,0.2943253488372093
699393,CH,Changeup,Offspeed,156,0.27058823529411763,0.3673469387755102,0.2026504166666667
699393,SI,Sinker,Fastball,134,0.125,0.3055555555555556,0.295622
699393,CU,Curveball,Breaking,101,0.5161290322580645,0.16666666666666666,0.1447050769230769
699393,SL,Slider,Breaking,84,0.11904761904761904,0.43478260869565216,0.3203257272727273
699393,ST,Sweeper,Breaking,77,0.15555555555555556,0.4090909090909091,0.28718181818181815
699393,FS,Splitter,Offspeed,63,0.3225806451612903,0.1111111111111111,0.31276
699393,FC,Cutter,Fastball,61,0.08333333333333333,0.7272727272727273,0.38125000000000003
699625,FF,4-Seam FB,Fastball,188,0.23232323232323232,0.35294117647058826,0.30499985714285716
699625,CH,Changeup,Offspeed,87,0.5531914893617021,0.23529411764705882,0.25012199999999996
699625,CU,Curveball,Breaking,64,0.43478260869565216,0.0,0.09923
699625,SI,Sinker,Fastball,61,0.2413793103448276,0.07692307692307693,0.43291625000000006
699625,SL,Slider,Breaking,59,0.5172413793103449,0.5833333333333334,0.2856281538461538
699625,FC,Cutter,Fastball,51,0.25,0.21428571428571427,0.24438461538461537
699625,ST,Sweeper,Breaking,35,0.23076923076923078,1.25,0.46793320000000005
699912,FF,4-Seam FB,Fastball,190,0.1935483870967742,0.32608695652173914,0.3432358846153847
699912,SI,Sinker,Fastball,183,0.0821917808219178,0.3409090909090909,0.29583877551020404
699912,SL,Slider,Breaking,139,0.15714285714285714,0.2682926829268293,0.25026829268292683
699912,CH,Changeup,Offspeed,102,0.4375,0.19047619047619047,0.13471428571428573
699912,ST,Sweeper,Breaking,81,0.4411764705882353,0.5,0.31311111111111106
699912,FC,Cutter,Fastball,78,0.15625,0.6923076923076923,0.38055906666666667
699912,CU,Curveball,Breaking,46,0.48148148148148145,0.5714285714285714,0.35957142857142854
699912,FS,Splitter,Offspeed,27,0.5454545454545454,0.0,0.08633333333333333
700246,FF,4-Seam FB,Fastball,43,0.20833333333333334,0.1111111111111111,0.32434399999999997
700246,SI,Sinker,Fastball,42,0.13043478260869565,0.3,0.2365
700246,SL,Slider,Breaking,33,0.5,0.1,0.1298
700246,ST,Sweeper,Breaking,25,0.5384615384615384,0.6666666666666666,0.37539999999999996
700250,FF,4-Seam FB,Fastball,599,0.20599250936329588,0.8396946564885496,0.47940557823129254
700250,SI,Sinker,Fastball,508,0.14761904761904762,0.5462184873949579,0.4104676090225564
700250,SL,Slider,Breaking,403,0.34972677595628415,0.524390243902439,0.3540841666666667
700250,CH,Changeup,Offspeed,331,0.2857142857142857,0.4473684210526316,0.33177333333333336
700250,ST,Sweeper,Breaking,275,0.24299065420560748,0.3125,0.3365906545454545
700250,CU,Curveball,Breaking,238,0.3523809523809524,0.4117647058823529,0.3299106551724138
700250,FC,Cutter,Fastball,238,0.18487394957983194,0.4166666666666667,0.3785732352941177
700250,FS,Splitter,Offspeed,139,0.43859649122807015,0.25925925925925924,0.23920275862068968
700250,KC,Knuckle-Curve,Breaking,42,0.46153846153846156,1.0,0.2887771428571428
700337,FF,4-Seam FB,Fastball,375,0.28431372549019607,0.2222222222222222,0.29393315000000003
700337,SI,Sinker,Fastball,147,0.0684931506849315,0.2571428571428571,0.2507084390243903
700337,CH,Changeup,Offspeed,120,0.17307692307692307,0.2777777777777778,0.2875129411764706
700337,SL,Slider,Breaking,73,0.25,0.375,0.4254021666666666
700337,FC,Cutter,Fastball,56,0.16129032258064516,0.2857142857142857,0.374496
700337,CU,Curveball,Breaking,49,0.3333333333333333,0.625,0.1785
700337,ST,Sweeper,Breaking,41,0.2631578947368421,0.0,0.17192418181818184
700337,FS,Splitter,Offspeed,27,0.14285714285714285,0.1111111111111111,0.1713
700932,FF,4-Seam FB,Fastball,492,0.264,0.43,0.3222994807692307
700932,SI,Sinker,Fastball,193,0.21686746987951808,0.5,0.4861471272727273
700932,SL,Slider,Breaking,191,0.4673913043478261,0.425531914893617,0.23957921568627452
700932,CH,Changeup,Offspeed,175,0.3522727272727273,0.13333333333333333,0.22519116279069765
700932,FC,Cutter,Fastball,155,0.27631578947368424,0.5185185185185185,0.270253125
700932,ST,Sweeper,Breaking,142,0.35,0.25925925925925924,0.2984937857142857
700932,CU,Curveball,Breaking,91,0.12,0.14285714285714285,0.27009129411764704
700932,FS,Splitter,Offspeed,53,0.4,0.3125,0.13099999999999998
700932,KC,Knuckle-Curve,Breaking,35,0.25,1.1666666666666667,0.22974571428571428
701162,FF,4-Seam FB,Fastball,180,0.21794871794871795,0.2972972972972973,0.37138969565217395
701162,CH,Changeup,Offspeed,85,0.5294117647058824,0.5833333333333334,0.20530769230769227
701162,SL,Slider,Breaking,76,0.27906976744186046,0.43478260869565216,0.21443500000000001
701162,SI,Sinker,Fastball,67,0.03333333333333333,0.4444444444444444,0.3496479047619047
701162,FC,Cutter,Fastball,49,0.2,0.25,0.38397733333333334
701162,CU,Curveball,Breaking,35,0.3,1.2,0.4857033333333334
701162,ST,Sweeper,Breaking,30,0.4,0.1111111111111111,0.22182200000000002
701305,FF,4-Seam FB,Fastball,142,0.4189189189189189,0.5,0.292276
701305,SL,Slider,Breaking,40,0.5454545454545454,0.0,0.03638461538461538
701305,SI,Sinker,Fastball,38,0.058823529411764705,0.4,0.34070333333333336
701305,ST,Sweeper,Breaking,38,0.2,0.0,0.160644
701350,FF,4-Seam FB,Fastball,287,0.20535714285714285,0.375,0.40999599999999997
701350,SI,Sinker,Fastball,187,0.1527777777777778,0.5,0.36812978723404255
701350,SL,Slider,Breaking,132,0.4230769230769231,0.3225806451612903,0.28681454545454543
701350,CH,Changeup,Offspeed,116,0.4166666666666667,0.3333333333333333,0.22887724137931034
701350,CU,Curveball,Breaking,86,0.5172413793103449,0.13333333333333333,0.27090230000000004
701350,ST,Sweeper,Breaking,84,0.4,0.2777777777777778,0.297583
701350,FC,Cutter,Fastball,53,0.10526315789473684,1.0625,0.49626666666666674
701350,FS,Splitter,Offspeed,46,0.55,0.1,0.239222
701350,KC,Knuckle-Curve,Breaking,25,0.09090909090909091,0.14285714285714285,0.32165249999999995
701358,FF,4-Seam FB,Fastball,623,0.24477611940298508,0.463768115942029,0.31827497402597404
701358,SI,Sinker,Fastball,479,0.12830188679245283,0.33587786259541985,0.3539121285714286
701358,SL,Slider,Breaking,347,0.34507042253521125,0.5483870967741935,0.395568
701358,ST,Sweeper,Breaking,292,0.512,0.3148148148148148,0.19090566037735854
701358,CH,Changeup,Offspeed,228,0.4953271028037383,0.2807017543859649,0.21817399999999998
701358,FC,Cutter,Fastball,189,0.27522935779816515,0.3076923076923077,0.39326990697674424
701358,CU,Curveball,Breaking,160,0.2,0.26666666666666666,0.28138874999999997
701358,FS,Splitter,Offspeed,70,0.3888888888888889,0.6190476190476191,0.31652
701358,KC,Knuckle-Curve,Breaking,33,0.625,0.25,0.2237962222222222
701398,FF,4-Seam FB,Fastball,712,0.3458646616541353,0.5341614906832298,0.34284224309392264
701398,SI,Sinker,Fastball,581,0.1872791519434629,0.4785714285714286,0.39763175
701398,SL,Slider,Breaking,429,0.2708333333333333,0.4,0.29684866666666665
701398,ST,Sweeper,Breaking,357,0.26506024096385544,0.39285714285714285,0.29841228915662654
701398,CH,Changeup,Offspeed,232,0.27184466019417475,0.38461538461538464,0.3187321090909091
701398,CU,Curveball,Breaking,210,0.1935483870967742,0.45,0.3121907692307692
701398,FC,Cutter,Fastball,190,0.30612244897959184,0.5609756097560976,0.3991326829268293
701398,FS,Splitter,Offspeed,73,0.32558139534883723,0.4782608695652174,0.380685
701398,KC,Knuckle-Curve,Breaking,31,0.125,0.375,0.14885714285714285
701398,SV,Slurve,Breaking,28,0.2,0.2857142857142857,0.37483333333333335
701538,FF,4-Seam FB,Fastball,935,0.3047619047619048,0.419811320754717,0.35632919642857136
701538,CH,Changeup,Offspeed,329,0.2648648648648649,0.3793103448275862,0.3134846153846154
701538,SI,Sinker,Fastball,327,0.10227272727272728,0.5443037974683544,0.39591170731707315
701538,SL,Slider,Breaking,298,0.30994152046783624,0.4794520547945205,0.3186325333333333
701538,FC,Cutter,Fastball,229,0.3237410071942446,0.5,0.4042334693877551
701538,ST,Sweeper,Breaking,177,0.30927835051546393,0.275,0.31570361904761907
701538,CU,Curveball,Breaking,167,0.26666666666666666,0.5531914893617021,0.32401212
701538,FS,Splitter,Offspeed,132,0.27631578947368424,0.23684210526315788,0.27376894736842106
701538,KC,Knuckle-Curve,Breaking,48,0.4117647058823529,0.2777777777777778,0.31833333333333336
701675,FF,4-Seam FB,Fastball,709,0.20544554455445543,0.3089430894308943,0.2846500454545455
701675,SI,Sinker,Fastball,251,0.1076923076923077,0.2698412698412698,0.31949342857142854
701675,CH,Changeup,Offspeed,245,0.2483221476510067,0.43902439024390244,0.2967608048780488
701675,SL,Slider,Breaking,188,0.15517241379310345,0.4032258064516129,0.2860034375
701675,CU,Curveball,Breaking,139,0.18461538461538463,0.42857142857142855,0.265575380952381
701675,ST,Sweeper,Breaking,120,0.3090909090909091,0.23529411764705882,0.17821878787878787
701675,FC,Cutter,Fastball,98,0.20689655172413793,0.9411764705882353,0.3734303
701675,FS,Splitter,Offspeed,68,0.20454545454545456,0.2777777777777778,0.27222222222222225
701678,FF,4-Seam FB,Fastball,452,0.2560386473429952,0.5851063829787234,0.3620969911504425
701678,SL,Slider,Breaking,222,0.36936936936936937,0.32142857142857145,0.21783133333333332
701678,SI,Sinker,Fastball,214,0.20652173913043478,0.37777777777777777,0.32825836734693875
701678,FC,Cutter,Fastball,141,0.3188405797101449,0.25,0.2681681081081081
701678,CH,Changeup,Offspeed,124,0.27692307692307694,0.3333333333333333,0.2662123529411765
701678,ST,Sweeper,Breaking,115,0.1568627450980392,0.5333333333333333,0.33820125
701678,CU,Curveball,Breaking,81,0.16666666666666666,0.4,0.32980952380952383
701762,FF,4-Seam FB,Fastball,568,0.36693548387096775,0.5445544554455446,0.4294544881889763
701762,SI,Sinker,Fastball,344,0.2389937106918239,0.3815789473684211,0.33044672941176473
701762,SL,Slider,Breaking,268,0.40186915887850466,0.5882352941176471,0.3870524590163934
701762,CH,Changeup,Offspeed,246,0.3854166666666667,0.23255813953488372,0.3010366666666667
701762,ST,Sweeper,Breaking,145,0.4074074074074074,0.6785714285714286,0.36479420000000007
701762,FC,Cutter,Fastball,135,0.36363636363636365,0.36363636363636365,0.4092792592592592
701762,FS,Splitter,Offspeed,96,0.5652173913043478,0.5833333333333334,0.32294
701762,CU,Curveball,Breaking,72,0.41935483870967744,0.15384615384615385,0.18
701785,FF,4-Seam FB,Fastball,129,0.24,0.48484848484848486,0.29380464864864864
701785,CH,Changeup,Offspeed,61,0.36585365853658536,0.35294117647058826,0.17911764705882352
701785,SL,Slider,Breaking,59,0.17857142857142858,0.36363636363636365,0.3341016666666667
701785,SI,Sinker,Fastball,58,0.1111111111111111,0.5555555555555556,0.3620666
701785,ST,Sweeper,Breaking,55,0.38095238095238093,0.16666666666666666,0.29649333333333333
701785,FC,Cutter,Fastball,44,0.16,0.2,0.2636
701785,CU,Curveball,Breaking,36,0.5555555555555556,0.2222222222222222,0.15044444444444446
701785,FS,Splitter,Offspeed,31,0.19047619047619047,0.5,0.4385714285714286
701807,FF,4-Seam FB,Fastball,879,0.1694915254237288,0.5081081081081081,0.3618752121212122
701807,SI,Sinker,Fastball,508,0.17370892018779344,0.41237113402061853,0.3986191150442478
701807,SL,Slider,Breaking,328,0.22666666666666666,0.42105263157894735,0.33825417948717945
701807,CH,Changeup,Offspeed,265,0.2907801418439716,0.4444444444444444,0.2879154666666666
701807,ST,Sweeper,Breaking,205,0.3146067415730337,0.3333333333333333,0.2776323076923077
701807,CU,Curveball,Breaking,199,0.2535211267605634,0.275,0.28379742222222226
701807,FC,Cutter,Fastball,180,0.08235294117647059,0.5306122448979592,0.43985211999999996
701807,FS,Splitter,Offspeed,108,0.3559322033898305,0.3235294117647059,0.24785294117647058
701807,KC,Knuckle-Curve,Breaking,49,0.4,0.07142857142857142,0.1294442857142857
701852,FF,4-Seam FB,Fastball,282,0.2925170068027211,0.3709677419354839,0.29418281690140846
701852,SL,Slider,Breaking,92,0.3333333333333333,0.13636363636363635,0.2151057142857143
701852,CH,Changeup,Offspeed,61,0.3225806451612903,0.26666666666666666,0.3813788235294117
701852,SI,Sinker,Fastball,59,0.0,0.4375,0.410394
701852,FC,Cutter,Fastball,54,0.24,0.4444444444444444,0.32462199999999997
701852,CU,Curveball,Breaking,37,0.5625,0.0,0.2823333333333334
701852,ST,Sweeper,Breaking,35,0.36363636363636365,0.14285714285714285,0.1791525
702176,FF,4-Seam FB,Fastball,132,0.13636363636363635,0.4482758620689655,0.3636707692307692
702176,SI,Sinker,Fastball,64,0.10344827586206896,0.3333333333333333,0.42401600000000006
702176,ST,Sweeper,Breaking,46,0.25,0.2222222222222222,0.2953577777777777
702176,CU,Curveball,Breaking,38,0.16666666666666666,0.6666666666666666,0.4286666666666667
702176,FC,Cutter,Fastball,37,0.13333333333333333,0.1,0.3724945454545454
702176,CH,Changeup,Offspeed,31,0.1111111111111111,0.4166666666666667,0.3249166666666667
702222,FF,4-Seam FB,Fastball,708,0.18478260869565216,0.4,0.3070617142857143
702222,SI,Sinker,Fastball,290,0.1048951048951049,0.3783783783783784,0.3040368205128205
702222,SL,Slider,Breaking,173,0.13043478260869565,0.3125,0.27855102040816326
702222,FC,Cutter,Fastball,153,0.20238095238095238,0.1891891891891892,0.20703789473684212
702222,CH,Changeup,Offspeed,148,0.20454545454545456,0.34545454545454546,0.29481962264150946
702222,CU,Curveball,Breaking,111,0.23214285714285715,0.35135135135135137,0.23451945945945946
702222,ST,Sweeper,Breaking,92,0.2549019607843137,0.5185185185185185,0.24429357142857144
702222,FS,Splitter,Offspeed,69,0.1956521739130435,0.19230769230769232,0.264615
702284,FF,4-Seam FB,Fastball,824,0.17757009345794392,0.4,0.3300715555555556
702284,SI,Sinker,Fastball,406,0.10204081632653061,0.3302752293577982,0.3421795826086957
702284,SL,Slider,Breaking,307,0.31343283582089554,0.4189189189189189,0.3245373253012048
702284,CH,Changeup,Offspeed,258,0.23308270676691728,0.3466666666666667,0.2676325333333333
702284,FC,Cutter,Fastball,229,0.22608695652173913,0.5370370370370371,0.35966364516129035
702284,ST,Sweeper,Breaking,193,0.30120481927710846,0.30952380952380953,0.20217969565217392
702284,CU,Curveball,Breaking,120,0.10256410256410256,0.6666666666666666,0.38758423999999997
702284,FS,Splitter,Offspeed,104,0.11764705882352941,0.35714285714285715,0.26781466666666665
702284,KC,Knuckle-Curve,Breaking,34,0.13333333333333333,0.0,0.3428333333333333
702332,FF,4-Seam FB,Fastball,677,0.1563517915309446,0.3881578947368421,0.3201523314285714
702332,SI,Sinker,Fastball,514,0.07692307692307693,0.3404255319148936,0.3090016129032258
702332,SL,Slider,Breaking,335,0.24666666666666667,0.3287671232876712,0.26349378082191777
702332,CH,Changeup,Offspeed,220,0.3157894736842105,0.2549019607843137,0.241376
702332,ST,Sweeper,Breaking,168,0.17391304347826086,0.45454545454545453,0.21393702222222225
702332,FC,Cutter,Fastball,167,0.14942528735632185,0.4594594594594595,0.25454565
702332,CU,Curveball,Breaking,93,0.12903225806451613,0.45,0.328687619047619
702332,FS,Splitter,Offspeed,54,0.20689655172413793,0.36363636363636365,0.24801383333333335
702616,FF,4-Seam FB,Fastball,467,0.2679425837320574,0.36633663366336633,0.31485095652173917
702616,SI,Sinker,Fastball,210,0.16666666666666666,0.38461538461538464,0.294996
702616,SL,Slider,Breaking,162,0.3333333333333333,0.20588235294117646,0.26827199999999995
702616,CH,Changeup,Offspeed,158,0.2682926829268293,0.27906976744186046,0.24895954545454543
702616,CU,Curveball,Breaking,105,0.4222222222222222,0.21428571428571427,0.17142137931034485
702616,FC,Cutter,Fastball,86,0.15789473684210525,0.6111111111111112,0.39062199999999997
702616,ST,Sweeper,Breaking,75,0.21428571428571427,0.125,0.36140315789473687
702616,FS,Splitter,Offspeed,59,0.3235294117647059,0.6111111111111112,0.3302105263157895
703155,FF,4-Seam FB,Fastball,83,0.5,0.46153846153846156,0.292896
703155,SL,Slider,Breaking,35,0.5,0.8,0.3758381818181818
703155,ST,Sweeper,Breaking,30,0.25,0.42857142857142855,0.21865249999999997
703155,FC,Cutter,Fastball,26,0.2,1.0,0.5429999999999999
703155,SI,Sinker,Fastball,25,0.5,0.1111111111111111,0.24244444444444443
703197,FF,4-Seam FB,Fastball,38,0.25,0.16666666666666666,0.33885111111111105
703492,FF,4-Seam FB,Fastball,62,0.37037037037037035,0.0,0.25097185714285714
703492,SI,Sinker,Fastball,38,0.14285714285714285,0.375,0.3526911111111111
703520,FF,4-Seam FB,Fastball,244,0.12871287128712872,0.3191489361702128,0.33216527586206895
703520,SI,Sinker,Fastball,159,0.08771929824561403,0.375,0.3474396216216216
703520,SL,Slider,Breaking,69,0.1891891891891892,0.7619047619047619,0.3717727272727273
703520,FC,Cutter,Fastball,68,0.1,0.625,0.34471882352941174
703520,CU,Curveball,Breaking,56,0.15,0.42857142857142855,0.15999999999999998
703520,CH,Changeup,Offspeed,54,0.18518518518518517,0.3888888888888889,0.23294117647058823
703520,ST,Sweeper,Breaking,34,0.15384615384615385,0.375,0.212
703520,FS,Splitter,Offspeed,32,0.3684210526315789,0.125,0.168875
703601,FF,4-Seam FB,Fastball,301,0.12142857142857143,0.4603174603174603,0.31677914285714287
703601,SI,Sinker,Fastball,127,0.08928571428571429,0.4857142857142857,0.32872328571428566
703601,SL,Slider,Breaking,87,0.3023255813953488,0.631578947368421,0.40167714285714284
703601,CH,Changeup,Offspeed,60,0.21875,0.0625,0.3154913
703601,FC,Cutter,Fastball,60,0.1111111111111111,0.08333333333333333,0.26763230769230767
703601,CU,Curveball,Breaking,46,0.3125,0.25,0.1865
703601,ST,Sweeper,Breaking,46,0.29411764705882354,1.1,0.39665636363636364
703601,FS,Splitter,Offspeed,25,0.2857142857142857,0.0,0.17022222222222222
703607,FF,4-Seam FB,Fastball,490,0.2886178861788618,0.3963963963963964,0.33197929600000003
703607,SI,Sinker,Fastball,485,0.24696356275303644,0.3793103448275862,0.29755076119402984
703607,SL,Slider,Breaking,244,0.453781512605042,0.44,0.3549533090909091
703607,ST,Sweeper,Breaking,163,0.40476190476190477,0.28888888888888886,0.28785739130434784
703607,CH,Changeup,Offspeed,161,0.40540540540540543,0.4358974358974359,0.2833318536585366
703607,FC,Cutter,Fastball,93,0.2545454545454545,0.46153846153846156,0.38085353333333327
703607,CU,Curveball,Breaking,73,0.4666666666666667,0.7692307692307693,0.42195546666666667
703607,FS,Splitter,Offspeed,54,0.42857142857142855,0.3076923076923077,0.22658714285714288
800050,FF,4-Seam FB,Fastball,678,0.1402439024390244,0.6234567901234568,0.3708043820224719
800050,SI,Sinker,Fastball,339,0.04225352112676056,0.45348837209302323,0.3645655490196078
800050,CH,Changeup,Offspeed,278,0.19047619047619047,0.21666666666666667,0.2580573333333333
800050,SL,Slider,Breaking,263,0.24074074074074073,0.631578947368421,0.3651178125
800050,ST,Sweeper,Breaking,192,0.15517241379310345,0.3611111111111111,0.31563299999999994
800050,FC,Cutter,Fastball,190,0.16091954022988506,0.39473684210526316,0.34897128205128203
800050,CU,Curveball,Breaking,137,0.2,0.5454545454545454,0.314756875
800050,FS,Splitter,Offspeed,88,0.14634146341463414,0.2916666666666667,0.3649869230769231
800050,KC,Knuckle-Curve,Breaking,39,0.15384615384615385,0.25,0.27924666666666664
800325,FF,4-Seam FB,Fastball,316,0.13846153846153847,0.5087719298245614,0.37999540625
800325,SI,Sinker,Fastball,131,0.1896551724137931,0.14285714285714285,0.2251777142857143
800325,CH,Changeup,Offspeed,117,0.20930232558139536,0.17647058823529413,0.2938127272727273
800325,SL,Slider,Breaking,102,0.12,0.3333333333333333,0.3806464285714286
800325,FC,Cutter,Fastball,82,0.17777777777777778,0.2608695652173913,0.26346100000000006
800325,CU,Curveball,Breaking,66,0.25,0.21428571428571427,0.21092857142857144
800325,ST,Sweeper,Breaking,57,0.30434782608695654,0.0,0.03357142857142857
800325,FS,Splitter,Offspeed,38,0.11764705882352941,0.45454545454545453,0.31
800543,FF,4-Seam FB,Fastball,44,0.2222222222222222,0.875,0.5053799999999999
800543,SI,Sinker,Fastball,36,0.0,0.23076923076923078,0.3684442857142857
800543,SL,Slider,Breaking,26,0.25,0.75,0.440244
801126,FF,4-Seam FB,Fastball,123,0.33962264150943394,0.22727272727272727,0.2504528
801126,CH,Changeup,Offspeed,54,0.46153846153846156,0.15384615384615385,0.158
801126,SI,Sinker,Fastball,44,0.25,0.5,0.4207457142857143
801126,FC,Cutter,Fastball,29,0.11764705882352941,1.0,0.117
801126,CU,Curveball,Breaking,25,0.2857142857142857,0.4,0.22799999999999998
801501,FF,4-Seam FB,Fastball,59,0.05,0.1,0.2811276923076923
802139,FF,4-Seam FB,Fastball,738,0.20348837209302326,0.5172413793103449,0.4076669292929293
802139,SI,Sinker,Fastball,519,0.17727272727272728,0.23931623931623933,0.33797535766423353
802139,SL,Slider,Breaking,307,0.18803418803418803,0.2878787878787879,0.32868714285714284
802139,CH,Changeup,Offspeed,262,0.20952380952380953,0.22413793103448276,0.268438
802139,ST,Sweeper,Breaking,194,0.2535211267605634,0.38461538461538464,0.3288345
802139,FC,Cutter,Fastball,176,0.21794871794871795,0.47058823529411764,0.38157517948717945
802139,CU,Curveball,Breaking,169,0.17543859649122806,0.2571428571428571,0.2453901578947369
802139,FS,Splitter,Offspeed,69,0.2647058823529412,0.2777777777777778,0.2599688888888889
802139,KC,Knuckle-Curve,Breaking,36,0.5,0.3333333333333333,0.46787720000000005
802415,FF,4-Seam FB,Fastball,751,0.04450261780104712,0.38288288288288286,0.2813028205128205
802415,SI,Sinker,Fastball,371,0.045,0.34814814814814815,0.24115318181818185
802415,CH,Changeup,Offspeed,196,0.26262626262626265,0.21052631578947367,0.25242877192982455
802415,SL,Slider,Breaking,196,0.2159090909090909,0.48214285714285715,0.2730690566037736
802415,FC,Cutter,Fastball,155,0.1375,0.3333333333333333,0.2673609090909091
802415,ST,Sweeper,Breaking,121,0.19607843137254902,0.375,0.19603125
802415,CU,Curveball,Breaking,111,0.2647058823529412,0.38095238095238093,0.29077238095238095
802415,FS,Splitter,Offspeed,64,0.12903225806451613,0.2777777777777778,0.28256777777777775
802415,KC,Knuckle-Curve,Breaking,38,0.1,0.2222222222222222,0.24142857142857146
803011,FF,4-Seam FB,Fastball,754,0.13333333333333333,0.5163398692810458,0.3877578121546962
803011,SI,Sinker,Fastball,411,0.1111111111111111,0.4631578947368421,0.40684864864864867
803011,SL,Slider,Breaking,260,0.144,0.25,0.25893538235294117
803011,CH,Changeup,Offspeed,248,0.17894736842105263,0.22807017543859648,0.27421457627118645
803011,FC,Cutter,Fastball,204,0.14285714285714285,0.36363636363636365,0.31717013114754095
803011,ST,Sweeper,Breaking,140,0.1956521739130435,0.25925925925925924,0.28070351515151515
803011,CU,Curveball,Breaking,128,0.1935483870967742,0.3684210526315789,0.36291183333333327
803011,FS,Splitter,Offspeed,75,0.2727272727272727,0.4117647058823529,0.30571564705882354
803011,KC,Knuckle-Curve,Breaking,28,0.09090909090909091,0.6666666666666666,0.45059514285714286
804606,FF,4-Seam FB,Fastball,323,0.30625,0.6027397260273972,0.37521493670886075
804606,SI,Sinker,Fastball,295,0.16666666666666666,0.4411764705882353,0.3680005
804606,SL,Slider,Breaking,202,0.3391304347826087,0.3076923076923077,0.28180332
804606,CH,Changeup,Offspeed,138,0.3972602739726027,0.3055555555555556,0.22058944444444445
804606,FC,Cutter,Fastball,124,0.2361111111111111,0.37037037037037035,0.3162283703703704
804606,ST,Sweeper,Breaking,122,0.30158730158730157,0.23333333333333334,0.23562709677419352
804606,CU,Curveball,Breaking,80,0.35294117647058826,0.2857142857142857,0.28381466666666666
804606,FS,Splitter,Offspeed,41,0.36,0.1111111111111111,0.277625
804668,FF,4-Seam FB,Fastball,208,0.34513274336283184,0.3125,0.3147889795918367
804668,SI,Sinker,Fastball,122,0.14285714285714285,0.35714285714285715,0.32243655172413793
804668,SL,Slider,Breaking,97,0.3,0.782608695652174,0.48145759999999993
804668,CH,Changeup,Offspeed,73,0.42424242424242425,0.35294117647058826,0.22695125
804668,CU,Curveball,Breaking,55,0.36363636363636365,0.9230769230769231,0.37280142857142856
804668,FC,Cutter,Fastball,48,0.2631578947368421,0.8333333333333334,0.45594
804668,ST,Sweeper,Breaking,46,0.2222222222222222,0.16666666666666666,0.08966666666666667
805249,FF,4-Seam FB,Fastball,58,0.36666666666666664,0.125,0.3517457142857143
805249,CH,Changeup,Offspeed,31,0.29411764705882354,0.0,0.087
805249,SL,Slider,Breaking,29,0.3333333333333333,0.125,0.2796
805249,SI,Sinker,Fastball,28,0.058823529411764705,1.3333333333333333,0.1015
805300,FF,4-Seam FB,Fastball,890,0.10326086956521739,0.3541666666666667,0.3234094977578475
805300,SI,Sinker,Fastball,391,0.09352517985611511,0.19540229885057472,0.3044965420560748
805300,SL,Slider,Breaking,259,0.275,0.28125,0.2382675757575758
805300,FC,Cutter,Fastball,230,0.09433962264150944,0.5098039215686274,0.3472505161290323
805300,CH,Changeup,Offspeed,217,0.32323232323232326,0.4583333333333333,0.33736350943396226
805300,ST,Sweeper,Breaking,155,0.36363636363636365,0.34615384615384615,0.27846639999999995
805300,CU,Curveball,Breaking,130,0.20512820512820512,0.47619047619047616,0.36184071428571424
805300,FS,Splitter,Offspeed,77,0.4857142857142857,0.55,0.33183572727272725
805300,KC,Knuckle-Curve,Breaking,32,0.2222222222222222,0.125,0.42266059999999994
805346,FF,4-Seam FB,Fastball,34,0.4,0.4444444444444444,0.18575000000000003
805347,FF,4-Seam FB,Fastball,151,0.15,0.3793103448275862,0.3402218181818181
805347,SI,Sinker,Fastball,72,0.03225806451612903,0.05,0.33437417391304347
805347,CH,Changeup,Offspeed,54,0.27586206896551724,0.4,0.23735000000000003
805347,SL,Slider,Breaking,50,0.2222222222222222,0.2857142857142857,0.1287142857142857
805347,FC,Cutter,Fastball,47,0.18518518518518517,0.4666666666666667,0.31673333333333337
805347,ST,Sweeper,Breaking,27,0.25,0.0,0.14133333333333334
805347,CU,Curveball,Breaking,26,0.5714285714285714,0.5,0.17600000000000002
805347,FS,Splitter,Offspeed,25,0.16666666666666666,0.0,0.1062
805367,FF,4-Seam FB,Fastball,879,0.17158176943699732,0.449438202247191,0.33880870351758796
805367,SI,Sinker,Fastball,610,0.10666666666666667,0.423728813559322,0.33499540625
805367,SL,Slider,Breaking,376,0.24516129032258063,0.46987951807228917,0.2646239534883721
805367,CH,Changeup,Offspeed,254,0.3082706766917293,0.4024390243902439,0.28522681927710847
805367,FC,Cutter,Fastball,228,0.20202020202020202,0.45454545454545453,0.3678614634146341
805367,ST,Sweeper,Breaking,210,0.275,0.3,0.17744641509433962
805367,CU,Curveball,Breaking,125,0.13636363636363635,0.45,0.26120885714285713
805367,FS,Splitter,Offspeed,66,0.2631578947368421,0.65,0.2700104761904762
805367,KC,Knuckle-Curve,Breaking,34,0.23529411764705882,0.125,0.142125
805779,SI,Sinker,Fastball,319,0.06779661016949153,0.4666666666666667,0.3145571176470588
805779,FF,4-Seam FB,Fastball,306,0.17341040462427745,0.3972602739726027,0.30580605128205124
805779,SL,Slider,Breaking,175,0.18,0.23255813953488372,0.26033333333333336
805779,CH,Changeup,Offspeed,106,0.17647058823529413,0.28888888888888886,0.22021428571428572
805779,FC,Cutter,Fastball,97,0.2,0.5769230769230769,0.30315384615384616
805779,ST,Sweeper,Breaking,94,0.13333333333333333,0.3333333333333333,0.2734979310344828
805779,CU,Curveball,Breaking,52,0.08333333333333333,0.0,0.06875
805805,FF,4-Seam FB,Fastball,89,0.2391304347826087,0.5714285714285714,0.41081916666666674
805805,SL,Slider,Breaking,53,0.24,0.16666666666666666,0.3237092307692308
805805,ST,Sweeper,Breaking,44,0.29411764705882354,0.0,0.0257
805805,CH,Changeup,Offspeed,38,0.25,0.2,0.23626666666666668
805805,SI,Sinker,Fastball,38,0.11764705882352941,0.18181818181818182,0.3506861428571428
805805,FC,Cutter,Fastball,35,0.42105263157894735,0.8333333333333334,0.24533333333333332
805808,FF,4-Seam FB,Fastball,842,0.1116751269035533,0.4869109947643979,0.41068957205240175
805808,SI,Sinker,Fastball,441,0.055299539170506916,0.5193798449612403,0.38323583333333333
805808,CH,Changeup,Offspeed,388,0.2994011976047904,0.34523809523809523,0.28418622222222223
805808,SL,Slider,Breaking,352,0.2391304347826087,0.30303030303030304,0.28604444444444443
805808,FC,Cutter,Fastball,255,0.1452991452991453,0.375,0.402789593220339
805808,ST,Sweeper,Breaking,238,0.2727272727272727,0.3170731707317073,0.2635239130434783
805808,CU,Curveball,Breaking,227,0.1875,0.5925925925925926,0.29181615384615384
805808,FS,Splitter,Offspeed,103,0.175,0.2608695652173913,0.3111707692307692
805808,KC,Knuckle-Curve,Breaking,46,0.125,0.625,0.311375
805811,FF,4-Seam FB,Fastball,459,0.1735159817351598,0.6862745098039216,0.46585824
805811,SI,Sinker,Fastball,299,0.125,0.352112676056338,0.3722
805811,SL,Slider,Breaking,298,0.4649122807017544,0.4528301886792453,0.3129996774193548
805811,CH,Changeup,Offspeed,229,0.39603960396039606,0.35294117647058826,0.35851692307692307
805811,FC,Cutter,Fastball,180,0.2268041237113402,0.3111111111111111,0.21303458333333336
805811,CU,Curveball,Breaking,177,0.30434782608695654,0.5,0.32061923076923077
805811,ST,Sweeper,Breaking,130,0.375,0.5217391304347826,0.3694976
805811,KC,Knuckle-Curve,Breaking,63,0.3076923076923077,0.07692307692307693,0.23853846153846153
805811,FS,Splitter,Offspeed,55,0.5,0.3333333333333333,0.1659090909090909
805904,FF,4-Seam FB,Fastball,94,0.5,0.30434782608695654,0.17988235294117647
805904,CH,Changeup,Offspeed,37,0.35714285714285715,1.0,0.2645
805904,SL,Slider,Breaking,34,0.42105263157894735,0.1111111111111111,0.22628571428571428
805904,FC,Cutter,Fastball,32,0.375,0.7142857142857143,0.5482
805904,ST,Sweeper,Breaking,32,0.6923076923076923,0.5555555555555556,0.16528571428571429
805904,FS,Splitter,Offspeed,25,0.6,0.0,0.051
805999,FF,4-Seam FB,Fastball,553,0.15810276679841898,0.35135135135135137,0.3873358656716418
805999,SI,Sinker,Fastball,357,0.147239263803681,0.45054945054945056,0.33284672549019606
805999,SL,Slider,Breaking,263,0.3384615384615385,0.1694915254237288,0.2454901587301587
805999,CH,Changeup,Offspeed,229,0.36363636363636365,0.2903225806451613,0.22992290322580647
805999,ST,Sweeper,Breaking,148,0.4,0.4444444444444444,0.3556068292682927
805999,CU,Curveball,Breaking,132,0.32608695652173914,0.5384615384615384,0.24162962962962964
805999,FC,Cutter,Fastball,121,0.08620689655172414,0.6666666666666666,0.3965886666666666
805999,FS,Splitter,Offspeed,82,0.39473684210526316,0.375,0.2326875
805999,KC,Knuckle-Curve,Breaking,34,0.5,0.0,0.1721742857142857
806068,FF,4-Seam FB,Fastball,341,0.387434554973822,0.5,0.21457671232876713
806068,SI,Sinker,Fastball,157,0.20253164556962025,0.3235294117647059,0.3674803
806068,SL,Slider,Breaking,103,0.4,0.20833333333333334,0.21278615384615385
806068,CH,Changeup,Offspeed,99,0.3888888888888889,0.4074074074074074,0.231865
806068,CU,Curveball,Breaking,84,0.38461538461538464,0.2777777777777778,0.1436875
806068,ST,Sweeper,Breaking,70,0.2777777777777778,0.3888888888888889,0.2470555555555556
806068,FC,Cutter,Fastball,68,0.3157894736842105,0.13636363636363635,0.23727999999999996
806068,FS,Splitter,Offspeed,39,0.14285714285714285,0.3333333333333333,0.36366666666666664
806068,KC,Knuckle-Curve,Breaking,26,0.3333333333333333,0.2,0.22187
806146,SI,Sinker,Fastball,206,0.1553398058252427,0.423728813559322,0.3059790625
806146,FF,4-Seam FB,Fastball,179,0.3855421686746988,0.22580645161290322,0.30757274285714287
806146,SL,Slider,Breaking,90,0.1794871794871795,0.4782608695652174,0.2879258333333333
806146,FC,Cutter,Fastball,69,0.2571428571428571,1.0,0.48983333333333334
806146,CH,Changeup,Offspeed,56,0.32,0.09090909090909091,0.276935
806146,ST,Sweeper,Breaking,48,0.2608695652173913,0.42857142857142855,0.27061466666666667
806146,CU,Curveball,Breaking,25,0.3,0.625,0.249875
806198,FF,4-Seam FB,Fastball,349,0.18471337579617833,0.36363636363636365,0.2968997142857143
806198,SI,Sinker,Fastball,213,0.17582417582417584,0.2653061224489796,0.3796695471698113
806198,SL,Slider,Breaking,162,0.2894736842105263,0.4411764705882353,0.36184555555555553
806198,ST,Sweeper,Breaking,112,0.26,0.52,0.27955555555555556
806198,CH,Changeup,Offspeed,93,0.22413793103448276,0.3333333333333333,0.1575
806198,FC,Cutter,Fastball,91,0.21052631578947367,0.3684210526315789,0.2694272173913043
806198,CU,Curveball,Breaking,66,0.16666666666666666,0.5454545454545454,0.46111749999999996
806198,FS,Splitter,Offspeed,30,0.45,0.0,0.14502444444444443
806367,FF,4-Seam FB,Fastball,149,0.08695652173913043,0.4,0.3751760869565217
806367,SI,Sinker,Fastball,120,0.06382978723404255,0.15384615384615385,0.27072753333333327
806367,SL,Slider,Breaking,61,0.2727272727272727,0.0,0.25031714285714285
806367,CH,Changeup,Offspeed,51,0.21739130434782608,0.125,0.15366666666666667
806367,CU,Curveball,Breaking,42,0.17647058823529413,0.7,0.26001383333333333
806367,ST,Sweeper,Breaking,27,0.1111111111111111,0.6666666666666666,0.588555
806367,FC,Cutter,Fastball,26,0.14285714285714285,0.4,0.37192
806956,FF,4-Seam FB,Fastball,62,0.1891891891891892,0.8333333333333334,0.2597368421052632
807712,FF,4-Seam FB,Fastball,698,0.11214953271028037,0.5370370370370371,0.34923968648648646
807712,SI,Sinker,Fastball,438,0.11242603550295859,0.4411764705882353,0.39034324800000003
807712,SL,Slider,Breaking,335,0.2638888888888889,0.43373493975903615,0.30049977272727274
807712,ST,Sweeper,Breaking,232,0.21951219512195122,0.30952380952380953,0.23023272340425532
807712,CH,Changeup,Offspeed,225,0.2727272727272727,0.24,0.24533418518518518
807712,FC,Cutter,Fastball,215,0.12037037037037036,0.3584905660377358,0.33534032786885243
807712,CU,Curveball,Breaking,131,0.18333333333333332,0.25,0.1956435
807712,FS,Splitter,Offspeed,48,0.4375,0.36363636363636365,0.2892683333333333
807712,KC,Knuckle-Curve,Breaking,30,0.0,0.3333333333333333,0.344055
807713,FF,4-Seam FB,Fastball,249,0.2536231884057971,0.5833333333333334,0.325034375
807713,SI,Sinker,Fastball,173,0.1625,0.3170731707317073,0.271122
807713,SL,Slider,Breaking,137,0.22807017543859648,0.5,0.39850695652173906
807713,ST,Sweeper,Breaking,99,0.17073170731707318,0.11764705882352941,0.25373144444444445
807713,CH,Changeup,Offspeed,84,0.26666666666666666,0.391304347826087,0.2722266666666667
807713,FC,Cutter,Fastball,58,0.2608695652173913,0.2857142857142857,0.4440488888888889
807713,CU,Curveball,Breaking,55,0.14285714285714285,0.5555555555555556,0.17712955555555554
807726,FF,4-Seam FB,Fastball,112,0.23076923076923078,0.05263157894736842,0.3417
807726,SI,Sinker,Fastball,47,0.043478260869565216,0.5,0.4621963076923077
807726,SL,Slider,Breaking,46,0.18181818181818182,0.2727272727272727,0.41883818181818183
807726,CH,Changeup,Offspeed,33,0.5263157894736842,0.08333333333333333,0.14747454545454544
807727,FF,4-Seam FB,Fastball,135,0.2535211267605634,0.32142857142857145,0.251222
807727,SI,Sinker,Fastball,96,0.05,0.5909090909090909,0.3972664
807727,CH,Changeup,Offspeed,56,0.25,0.29411764705882354,0.2393888888888889
807727,ST,Sweeper,Breaking,37,0.3684210526315789,0.1,0.101922
807727,SL,Slider,Breaking,32,0.2222222222222222,0.1,0.2378
807727,FC,Cutter,Fastball,26,0.09090909090909091,1.25,0.4945
807747,FF,4-Seam FB,Fastball,41,0.13043478260869565,0.16666666666666666,0.2796666666666667
807799,FF,4-Seam FB,Fastball,395,0.0625,0.41836734693877553,0.332648785046729
807799,SI,Sinker,Fastball,157,0.13559322033898305,0.3888888888888889,0.31983894736842106
807799,CH,Changeup,Offspeed,144,0.24615384615384617,0.4358974358974359,0.335869756097561
807799,CU,Curveball,Breaking,113,0.34146341463414637,0.25,0.16023727272727273
807799,FC,Cutter,Fastball,107,0.1509433962264151,0.4482758620689655,0.3439227741935484
807799,SL,Slider,Breaking,90,0.19444444444444445,0.47368421052631576,0.26973176470588234
807799,FS,Splitter,Offspeed,65,0.2,0.46153846153846156,0.3879626666666667
807799,ST,Sweeper,Breaking,43,0.2,0.4166666666666667,0.38305146666666673
807799,KC,Knuckle-Curve,Breaking,29,0.2857142857142857,0.125,0.22675
808959,FF,4-Seam FB,Fastball,699,0.4227129337539432,0.5328947368421053,0.3841801136363637
808959,SL,Slider,Breaking,471,0.5151515151515151,0.3218390804597701,0.29997775
808959,SI,Sinker,Fastball,354,0.3356643356643357,0.5588235294117647,0.4175094
808959,CH,Changeup,Offspeed,291,0.47107438016528924,0.5531914893617021,0.3175410909090909
808959,ST,Sweeper,Breaking,269,0.4537037037037037,0.30434782608695654,0.24187473076923077
808959,FC,Cutter,Fastball,172,0.3,0.46153846153846156,0.36528142857142853
808959,CU,Curveball,Breaking,156,0.2916666666666667,0.5333333333333333,0.45564841176470583
808959,FS,Splitter,Offspeed,70,0.5714285714285714,0.26666666666666666,0.11026374999999998
808959,KC,Knuckle-Curve,Breaking,48,0.38461538461538464,1.4285714285714286,0.68952075
808975,FF,4-Seam FB,Fastball,170,0.18666666666666668,0.4666666666666667,0.4445626666666667
808975,SI,Sinker,Fastball,103,0.23636363636363636,0.5714285714285714,0.3552485714285714
808975,CH,Changeup,Offspeed,97,0.32,0.1,0.1982146666666667
808975,SL,Slider,Breaking,64,0.25925925925925924,0.14285714285714285,0.22355538461538463
808975,FC,Cutter,Fastball,46,0.22727272727272727,0.625,0.3730488888888889
808975,CU,Curveball,Breaking,40,0.25,0.36363636363636365,0.31437
808975,ST,Sweeper,Breaking,31,0.3076923076923077,0.3333333333333333,0.34833333333333333
808975,FS,Splitter,Offspeed,29,0.6,0.0,0.07533333333333332
808982,FF,4-Seam FB,Fastball,679,0.10149253731343283,0.489010989010989,0.31340067379679143
808982,SI,Sinker,Fastball,425,0.12849162011173185,0.26,0.33049782456140353
808982,SL,Slider,Breaking,310,0.16891891891891891,0.38271604938271603,0.28961371428571425
808982,CH,Changeup,Offspeed,184,0.10112359550561797,0.3695652173913043,0.3164395652173913
808982,FC,Cutter,Fastball,174,0.17582417582417584,0.34146341463414637,0.3462590476190476
808982,ST,Sweeper,Breaking,150,0.1095890410958904,0.55,0.28696632558139534
808982,CU,Curveball,Breaking,140,0.12121212121212122,0.3235294117647059,0.2872348571428571
808982,FS,Splitter,Offspeed,51,0.20833333333333334,0.8,0.49329999999999996
808982,KC,Knuckle-Curve,Breaking,43,0.0625,0.7272727272727273,0.3052683333333333
810938,FF,4-Seam FB,Fastball,397,0.07567567567567568,0.34065934065934067,0.3306781052631579
810938,SL,Slider,Breaking,194,0.2716049382716049,0.3125,0.26563636363636367
810938,SI,Sinker,Fastball,184,0.09090909090909091,0.43478260869565216,0.2624903404255319
810938,FC,Cutter,Fastball,123,0.16326530612244897,0.45,0.36046941666666665
810938,CH,Changeup,Offspeed,103,0.3333333333333333,0.13333333333333333,0.24464066666666667
810938,ST,Sweeper,Breaking,93,0.43333333333333335,0.2631578947368421,0.1750115789473684
810938,CU,Curveball,Breaking,50,0.21052631578947367,0.3076923076923077,0.2927692307692308
810938,FS,Splitter,Offspeed,28,0.08333333333333333,0.5714285714285714,0.22957142857142854
811965,FF,4-Seam FB,Fastball,99,0.16071428571428573,0.44,0.32689544
811965,SL,Slider,Breaking,46,0.16,0.7142857142857143,0.33608333333333335
811965,SI,Sinker,Fastball,35,0.07692307692307693,0.2857142857142857,0.2831666666666667
811965,ST,Sweeper,Breaking,30,0.3,0.7,0.3368
813841,FF,4-Seam FB,Fastball,268,0.4166666666666667,0.29411764705882354,0.21094053333333332
813841,SI,Sinker,Fastball,90,0.21568627450980393,0.5909090909090909,0.41318347826086954
813841,SL,Slider,Breaking,62,0.45714285714285713,0.08333333333333333,0.12708333333333333
813841,CH,Changeup,Offspeed,60,0.4838709677419355,0.3333333333333333,0.21480105263157895
813841,ST,Sweeper,Breaking,53,0.48,0.1,0.052500000000000005
813841,FC,Cutter,Fastball,43,0.2916666666666667,0.42857142857142855,0.3539025
813841,CU,Curveball,Breaking,36,0.14285714285714285,0.8888888888888888,0.4201111111111111
814154,FF,4-Seam FB,Fastball,57,0.5,0.0,0.069822
814430,FF,4-Seam FB,Fastball,116,0.2833333333333333,0.4,0.3299082352941176
814430,CH,Changeup,Offspeed,37,0.30434782608695654,0.625,0.4269073333333333
814430,SL,Slider,Breaking,25,0.26666666666666666,0.0,0.3139066666666666
814439,FF,4-Seam FB,Fastball,293,0.2,0.36666666666666664,0.3727267536231884
814439,SI,Sinker,Fastball,207,0.14130434782608695,0.2765957446808511,0.3444858846153846
814439,SL,Slider,Breaking,166,0.37333333333333335,0.8205128205128205,0.34077624390243905
814439,ST,Sweeper,Breaking,160,0.49295774647887325,0.24242424242424243,0.22033
814439,CH,Changeup,Offspeed,101,0.3673469387755102,0.2727272727272727,0.18994437500000003
814439,FC,Cutter,Fastball,92,0.22,0.42857142857142855,0.34871304
814439,CU,Curveball,Breaking,68,0.5714285714285714,0.23076923076923078,0.12376923076923077
814439,FS,Splitter,Offspeed,44,0.6842105263157895,0.1,0.07192418181818182
815589,FF,4-Seam FB,Fastball,30,0.3,0.2857142857142857,0.33865249999999997
815873,FF,4-Seam FB,Fastball,66,0.13157894736842105,0.4375,0.3715423529411765
815873,CH,Changeup,Offspeed,41,0.4090909090909091,0.14285714285714285,0.155
815873,SL,Slider,Breaking,41,0.35294117647058826,0.0,0.2341386
815873,SI,Sinker,Fastball,39,0.18518518518518517,0.2222222222222222,0.360625
815873,ST,Sweeper,Breaking,33,0.25,0.25,0.271
815873,FC,Cutter,Fastball,31,0.42857142857142855,0.0,0.14537
815873,CU,Curveball,Breaking,27,0.5,0.8571428571428571,0.22342857142857145
823550,FF,4-Seam FB,Fastball,259,0.18095238095238095,0.2653061224489796,0.2550592857142857
823550,SI,Sinker,Fastball,100,0.1794871794871795,0.1111111111111111,0.2154945454545455
823550,CH,Changeup,Offspeed,89,0.24390243902439024,0.15,0.26252
823550,SL,Slider,Breaking,58,0.36363636363636365,0.1875,0.18945125
823550,FC,Cutter,Fastball,57,0.2,0.38461538461538464,0.34010375
823550,ST,Sweeper,Breaking,33,0.35294117647058826,0.42857142857142855,0.27999999999999997
823550,CU,Curveball,Breaking,26,0.3333333333333333,0.0,0.177805
828599,FF,4-Seam FB,Fastball,106,0.4444444444444444,0.6190476190476191,0.27786083333333333
828599,SL,Slider,Breaking,37,0.3157894736842105,0.3333333333333333,0.28303999999999996
828599,CH,Changeup,Offspeed,31,0.5714285714285714,0.4444444444444444,0.27744444444444444
828599,FC,Cutter,Fastball,29,0.25,0.25,0.25225000000000003
