batter,family,pitches,whiff,slg,xwoba
457705,Breaking,126,0.46551724137931033,0.13636363636363635,0.16675
457705,Fastball,241,0.23636363636363636,0.35185185185185186,0.2842258181818182
457705,Offspeed,43,0.3888888888888889,0.3333333333333333,0.08875000000000001
467793,Fastball,91,0.21739130434782608,0.05,0.1676446153846154
467793,Offspeed,48,0.25,0.4,0.32548285714285713
500743,Breaking,254,0.23809523809523808,0.36666666666666664,0.3137889375
500743,Fastball,521,0.099644128113879,0.46710526315789475,0.3229260129032258
500743,Offspeed,137,0.31746031746031744,0.2222222222222222,0.22769214285714284
502054,Breaking,40,0.4444444444444444,0.36363636363636365,0.2930316666666667
502054,Fastball,60,0.2692307692307692,0.16666666666666666,0.31534
502671,Breaking,507,0.26635514018691586,0.40404040404040403,0.29223203809523807
502671,Fastball,807,0.2605633802816901,0.4927536231884058,0.31746567741935483
502671,Offspeed,226,0.28431372549019607,0.3469387755102041,0.31881296296296296
506702,Breaking,41,0.21428571428571427,0.0,0.08
506702,Fastball,128,0.3116883116883117,0.14705882352941177,0.1219032258064516
514888,Breaking,726,0.27123287671232876,0.3516483516483517,0.23305602197802197
514888,Fastball,1092,0.18130841121495328,0.41471571906354515,0.2983034355828221
514888,Offspeed,254,0.25862068965517243,0.38461538461538464,0.23889148148148148
516782,Breaking,175,0.32653061224489793,0.28846153846153844,0.22689869230769233
516782,Fastball,396,0.21890547263681592,0.3291139240506329,0.3243701904761905
516782,Offspeed,123,0.38461538461538464,0.375,0.28543333333333337
518595,Breaking,81,0.41025641025641024,0.3333333333333333,0.24110352941176472
518595,Fastball,214,0.2641509433962264,0.20833333333333334,0.27347498039215684
518595,Offspeed,52,0.4482758620689655,0.1875,0.1004375
518692,Breaking,865,0.29048843187660667,0.3468208092485549,0.352408126984127
518692,Fastball,1536,0.20528211284513806,0.49560117302052786,0.37492876392572944
518692,Offspeed,403,0.1977401129943503,0.3625,0.34041512195121953
519317,Breaking,130,0.5074626865671642,0.47368421052631576,0.312574375
519317,Fastball,242,0.30097087378640774,0.35714285714285715,0.3096712195121951
519317,Offspeed,79,0.3157894736842105,0.5,0.37192956521739123
521692,Breaking,939,0.3225152129817444,0.3153526970954357,0.25370275200000003
521692,Fastball,1169,0.20059435364041606,0.4490566037735849,0.3907205017421603
521692,Offspeed,254,0.23493975903614459,0.47435897435897434,0.2380910243902439
542303,Breaking,381,0.41916167664670656,0.2318840579710145,0.21430176470588236
542303,Fastball,739,0.19936708860759494,0.37209302325581395,0.34606872316384185
542303,Offspeed,188,0.4634146341463415,0.19230769230769232,0.2603758620689655
543309,Breaking,315,0.38345864661654133,0.13432835820895522,0.2111586865671642
543309,Fastball,424,0.15544041450777202,0.5510204081632653,0.34549662135922327
543309,Offspeed,81,0.46153846153846156,0.5384615384615384,0.32338374999999997
543510,Breaking,214,0.40476190476190477,0.5303030303030303,0.26929733333333333
543510,Fastball,329,0.18493150684931506,0.4931506849315068,0.3830619178082192
543510,Offspeed,102,0.3770491803278688,0.32,0.14284916666666667
543760,Breaking,814,0.3026315789473684,0.17679558011049723,0.21683149206349203
543760,Fastball,1085,0.1672661870503597,0.45588235294117646,0.3491363918918919
543760,Offspeed,222,0.2830188679245283,0.3673469387755102,0.3256596363636364
543807,Breaking,636,0.2909698996655518,0.4620253164556962,0.25518746341463416
543807,Fastball,1210,0.17353951890034364,0.4362934362934363,0.3420771830985916
543807,Offspeed,261,0.3543307086614173,0.3220338983050847,0.2762226875
543877,Breaking,307,0.3262411347517731,0.17647058823529413,0.15840823529411766
543877,Fastball,686,0.1510574018126888,0.3905325443786982,0.2654064406779661
543877,Offspeed,76,0.1891891891891892,0.14285714285714285,0.19225066666666668
545121,Breaking,505,0.21810699588477367,0.37383177570093457,0.25848652427184465
545121,Fastball,931,0.0945054945054945,0.43410852713178294,0.32378291176470586
545121,Offspeed,333,0.19487179487179487,0.2815533980582524,0.2642299047619048
545341,Breaking,298,0.34965034965034963,0.5753424657534246,0.3066522051282051
545341,Fastball,611,0.15483870967741936,0.5234899328859061,0.3478768707482993
545341,Offspeed,164,0.35514018691588783,0.5535714285714286,0.3221224489795918
545361,Breaking,698,0.3790322580645161,0.36585365853658536,0.2870466074074074
545361,Fastball,1809,0.19471488178025034,0.4431137724550898,0.42344704390243904
545361,Offspeed,289,0.3380281690140845,0.44776119402985076,0.31568097297297293
547180,Breaking,979,0.38058252427184464,0.4504950495049505,0.3557778632478632
547180,Fastball,1312,0.2516025641025641,0.5643939393939394,0.41972223602484465
547180,Offspeed,447,0.30735930735930733,0.34210526315789475,0.32269759374999996
553869,Breaking,305,0.38372093023255816,0.4146341463414634,0.264281686746988
553869,Fastball,552,0.22569444444444445,0.36538461538461536,0.2556292521739131
553869,Offspeed,81,0.2727272727272727,0.375,0.2939375
553993,Breaking,636,0.4826388888888889,0.39855072463768115,0.2741246842105263
553993,Fastball,1220,0.25357142857142856,0.4826254826254826,0.3365742083333333
553993,Offspeed,232,0.42990654205607476,0.21739130434782608,0.1970812307692308
571448,Breaking,870,0.30730478589420657,0.3482587064676617,0.24344171162790698
571448,Fastball,1297,0.17003367003367004,0.6066176470588235,0.35123578947368417
571448,Offspeed,265,0.33098591549295775,0.36764705882352944,0.24862838356164385
571657,Fastball,83,0.4444444444444444,0.16666666666666666,0.18342857142857144
571771,Breaking,119,0.3559322033898305,0.3225806451612903,0.176949375
571771,Fastball,163,0.15730337078651685,0.5434782608695652,0.36459040000000004
571771,Offspeed,57,0.3333333333333333,0.09090909090909091,0.22469833333333333
571912,Breaking,52,0.3333333333333333,0.06666666666666667,0.19180941176470587
571912,Fastball,103,0.22448979591836735,0.25,0.17295230769230768
571970,Breaking,823,0.3710691823899371,0.40540540540540543,0.26621432500000003
571970,Fastball,1083,0.18236472945891782,0.6176470588235294,0.427292147601476
571970,Offspeed,441,0.41379310344827586,0.336283185840708,0.26598683333333334
572233,Breaking,835,0.38095238095238093,0.4973821989528796,0.26902931282051284
572233,Fastball,1430,0.228,0.3677811550151976,0.31947632520325203
572233,Offspeed,259,0.36507936507936506,0.4666666666666667,0.31404603174603174
573262,Breaking,460,0.2708333333333333,0.3979591836734694,0.26562957009345795
573262,Fastball,1062,0.2222222222222222,0.42857142857142855,0.3283309184549356
573262,Offspeed,239,0.211864406779661,0.3125,0.29629870967741934
575929,Breaking,638,0.40468227424749165,0.40714285714285714,0.3183527724137931
575929,Fastball,1173,0.22654867256637168,0.5122950819672131,0.4094925394736842
575929,Offspeed,312,0.39520958083832336,0.6533333333333333,0.3424387692307692
592206,Breaking,189,0.41284403669724773,0.4444444444444444,0.27266
592206,Fastball,252,0.24675324675324675,0.3283582089552239,0.32180870967741937
592206,Offspeed,79,0.41025641025641024,0.058823529411764705,0.176125
592450,Breaking,404,0.36312849162011174,0.46511627906976744,0.36520021739130437
592450,Fastball,633,0.27099236641221375,0.5803571428571429,0.4316273432835821
592450,Offspeed,221,0.44554455445544555,0.46808510638297873,0.3598780769230769
592518,Breaking,862,0.3180722891566265,0.3048128342245989,0.24603835071090047
592518,Fastball,1519,0.2013986013986014,0.5030487804878049,0.39161506775067756
592518,Offspeed,317,0.30246913580246915,0.20987654320987653,0.25460719101123597
592626,Breaking,520,0.34913793103448276,0.45871559633027525,0.31105120689655175
592626,Fastball,935,0.2840909090909091,0.5803108808290155,0.3889248868778281
592626,Offspeed,343,0.30952380952380953,0.2988505747126437,0.2721226086956522
592663,Breaking,581,0.30660377358490565,0.40186915887850466,0.27944664347826087
592663,Fastball,1071,0.19117647058823528,0.32196969696969696,0.3353138703071672
592663,Offspeed,241,0.3333333333333333,0.22,0.29587267924528304
592885,Breaking,623,0.4275618374558304,0.2827586206896552,0.24079785430463574
592885,Fastball,1295,0.22948073701842547,0.38076923076923075,0.34485997163120563
592885,Offspeed,218,0.2978723404255319,0.6,0.30589851851851857
593428,Breaking,802,0.3187919463087248,0.2847682119205298,0.286615294117647
593428,Fastball,1341,0.14604810996563575,0.404320987654321,0.36228050810810813
593428,Offspeed,282,0.4015151515151515,0.22413793103448276,0.20507290322580646
593871,Breaking,160,0.3392857142857143,0.5151515151515151,0.27785096774193546
593871,Fastball,330,0.14743589743589744,0.14666666666666667,0.24761702702702698
593871,Offspeed,145,0.3287671232876712,0.16666666666666666,0.17275333333333331
595879,Breaking,303,0.3670212765957447,0.23655913978494625,0.22330377272727275
595879,Fastball,334,0.22727272727272727,0.45569620253164556,0.3009588421052632
595879,Offspeed,103,0.3230769230769231,0.5161290322580645,0.30351266666666665
595978,Breaking,291,0.3524590163934426,0.3064516129032258,0.21994646153846156
595978,Fastball,595,0.17490494296577946,0.4074074074074074,0.30672185987261147
595978,Offspeed,74,0.3684210526315789,0.42105263157894735,0.2968421052631579
596019,Breaking,532,0.3191489361702128,0.4166666666666667,0.28121152000000005
596019,Fastball,1133,0.21001926782273603,0.4139344262295082,0.3625742205882353
596019,Offspeed,374,0.27225130890052357,0.3695652173913043,0.2713353846153846
596103,Breaking,59,0.3157894736842105,0.4,0.17114285714285712
596103,Fastball,190,0.19,0.28205128205128205,0.26634869565217395
596103,Offspeed,65,0.5714285714285714,0.13333333333333333,0.19476923076923078
596115,Breaking,336,0.36363636363636365,0.3853211009174312,0.21949188679245282
596115,Fastball,591,0.26517571884984026,0.3984375,0.2821706356589147
596115,Offspeed,109,0.40625,0.21428571428571427,0.18207692307692308
596117,Breaking,76,0.4473684210526316,0.2222222222222222,0.20854066666666668
596117,Fastball,180,0.09782608695652174,0.11627906976744186,0.22366953846153848
596142,Breaking,385,0.3533834586466165,0.3,0.26388053333333333
596142,Fastball,575,0.15841584158415842,0.532258064516129,0.39429797333333333
596142,Offspeed,197,0.45121951219512196,0.2894736842105263,0.2460780952380952
596146,Breaking,121,0.34285714285714286,0.2777777777777778,0.22132717948717948
596146,Fastball,281,0.19117647058823528,0.36507936507936506,0.3502449275362319
596146,Offspeed,130,0.3026315789473684,0.21212121212121213,0.16855944444444443
600869,Breaking,50,0.5769230769230769,0.0,0.29841466666666666
600869,Fastball,80,0.3488372093023256,0.6875,0.11374999999999999
602104,Breaking,125,0.23214285714285715,0.5483870967741935,0.3719956666666666
602104,Fastball,232,0.20909090909090908,0.26,0.2800381538461538
602104,Offspeed,42,0.36,0.16666666666666666,0.18625000000000003
605137,Breaking,650,0.304635761589404,0.3939393939393939,0.3134377297297297
605137,Fastball,1307,0.1815431164901664,0.45222929936305734,0.36424697345132745
605137,Offspeed,609,0.26334519572953735,0.3007518796992481,0.27958898550724637
605141,Breaking,609,0.21973094170403587,0.4049586776859504,0.2859148217054263
605141,Fastball,1189,0.06275303643724696,0.5016393442622951,0.3689825896656535
605141,Offspeed,236,0.21008403361344538,0.34375,0.30641753846153846
605170,Breaking,388,0.3680555555555556,0.4090909090909091,0.30194252631578944
605170,Fastball,859,0.12105263157894737,0.3380281690140845,0.325684641350211
605170,Offspeed,270,0.4188034188034188,0.20634920634920634,0.2337140895522388
605244,Fastball,56,0.22580645161290322,0.23529411764705882,0.2030909090909091
606115,Breaking,80,0.16666666666666666,0.2222222222222222,0.14057142857142857
606115,Fastball,117,0.22058823529411764,0.5,0.3122635714285714
606192,Breaking,568,0.421259842519685,0.37777777777777777,0.25965046808510633
606192,Fastball,1157,0.2640144665461121,0.5060728744939271,0.36838448669201523
606192,Offspeed,300,0.4129032258064516,0.3918918918918919,0.34647215
606466,Breaking,611,0.25252525252525254,0.4652777777777778,0.3397144102564103
606466,Fastball,1077,0.1053639846743295,0.4929078014184397,0.3810043778501629
606466,Offspeed,599,0.3044982698961938,0.2785714285714286,0.2770456375838926
606992,Breaking,119,0.5454545454545454,0.06451612903225806,0.13376666666666667
606992,Fastball,180,0.25842696629213485,0.7105263157894737,0.38968027906976743
607043,Breaking,736,0.28291316526610644,0.4409937888198758,0.36214279069767447
607043,Fastball,1579,0.2078720787207872,0.39067055393586003,0.3351999575596817
607043,Offspeed,322,0.2742857142857143,0.4,0.3190822222222222
607208,Breaking,960,0.35683760683760685,0.3247863247863248,0.2389996363636364
607208,Fastball,1409,0.1986111111111111,0.42388059701492536,0.3354437127071823
607208,Offspeed,335,0.37988826815642457,0.2967032967032967,0.26309811235955055
608070,Breaking,632,0.15901060070671377,0.3458646616541353,0.3127374102564103
608070,Fastball,1148,0.13680154142581888,0.44782608695652176,0.3484944578313253
608070,Offspeed,475,0.18433179723502305,0.3170731707317073,0.2933617054263566
608324,Breaking,997,0.2681564245810056,0.5291005291005291,0.2904861232227488
608324,Fastball,1533,0.09261939218523878,0.4383561643835616,0.3356345831325301
608324,Offspeed,252,0.21100917431192662,0.47368421052631576,0.333969375
608348,Breaking,560,0.28125,0.36507936507936506,0.2678732148148148
608348,Fastball,950,0.11031175059952038,0.39732142857142855,0.3432920653061225
608348,Offspeed,173,0.3626373626373626,0.4358974358974359,0.23496899999999998
608369,Breaking,531,0.4,0.3559322033898305,0.28637719354838714
608369,Fastball,850,0.28842105263157897,0.45023696682464454,0.3744211234042553
608369,Offspeed,277,0.35766423357664234,0.42424242424242425,0.3806848115942029
608701,Breaking,169,0.40625,0.21212121212121213,0.17901405714285715
608701,Fastball,330,0.24528301886792453,0.2631578947368421,0.29319813698630137
608701,Offspeed,85,0.3055555555555556,0.2222222222222222,0.24487555555555554
608841,Fastball,49,0.17857142857142858,0.3125,0.38717075
609280,Breaking,380,0.26256983240223464,0.38823529411764707,0.2624169
609280,Fastball,475,0.11678832116788321,0.38345864661654133,0.33293884444444444
609280,Offspeed,130,0.275,0.4864864864864865,0.2320653333333333
620443,Breaking,355,0.37267080745341613,0.2988505747126437,0.1911830909090909
620443,Fastball,649,0.14556962025316456,0.48148148148148145,0.3602668187919463
620443,Offspeed,104,0.14545454545454545,0.3333333333333333,0.23345714285714284
621020,Breaking,782,0.34718100890207715,0.2847222222222222,0.23293581699346408
621020,Fastball,915,0.24572649572649571,0.47058823529411764,0.3514844679245283
621020,Offspeed,234,0.4152542372881356,0.2857142857142857,0.262585
621043,Breaking,211,0.29896907216494845,0.4772727272727273,0.3537902127659575
621043,Fastball,349,0.15333333333333332,0.410958904109589,0.38388951219512196
621043,Offspeed,64,0.3870967741935484,0.18181818181818182,0.2597618181818182
621438,Breaking,296,0.22556390977443608,0.4411764705882353,0.2493968253968254
621438,Fastball,500,0.17695473251028807,0.5121951219512195,0.31920033082706767
621438,Offspeed,105,0.3125,0.5,0.36436709677419354
621439,Breaking,493,0.356,0.4642857142857143,0.2828875371900827
621439,Fastball,778,0.2641509433962264,0.6208530805687204,0.38872212500000003
621439,Offspeed,266,0.37404580152671757,0.25925925925925924,0.29381318032786885
621493,Breaking,785,0.26639344262295084,0.176056338028169,0.25917542857142856
621493,Fastball,1522,0.16666666666666666,0.37662337662337664,0.37572119261213716
621493,Offspeed,237,0.17391304347826086,0.2830188679245283,0.2712414285714286
621550,Breaking,59,0.59375,0.26666666666666666,0.259
621550,Fastball,126,0.3150684931506849,0.06451612903225806,0.19892533333333334
621566,Breaking,903,0.3075060532687651,0.47783251231527096,0.302812037735849
621566,Fastball,1657,0.22857142857142856,0.5220994475138122,0.375713797979798
621566,Offspeed,412,0.26136363636363635,0.5263157894736842,0.3418353086419753
622268,Breaking,329,0.375,0.328125,0.24044710447761194
622268,Fastball,495,0.14590747330960854,0.5669291338582677,0.37515145945945944
622268,Offspeed,228,0.41964285714285715,0.23404255319148937,0.2788560869565217
622761,Breaking,267,0.4267515923566879,0.27631578947368424,0.19269945945945946
622761,Fastball,474,0.2073170731707317,0.3584905660377358,0.3377161090909091
622761,Offspeed,141,0.4430379746835443,0.15151515151515152,0.1516451612903226
623168,Breaking,200,0.25225225225225223,0.12244897959183673,0.17588233333333333
623168,Fastball,355,0.13157894736842105,0.33766233766233766,0.28968239024390247
623168,Offspeed,157,0.25252525252525254,0.15789473684210525,0.19861342857142858
624413,Breaking,1005,0.3520408163265306,0.445,0.3403826964285714
624413,Fastball,1647,0.2182741116751269,0.5446685878962536,0.44390565979381436
624413,Offspeed,313,0.31788079470198677,0.581081081081081,0.37005755
624424,Breaking,375,0.36153846153846153,0.5230769230769231,0.3114626486486487
624424,Fastball,647,0.18153846153846154,0.5562913907284768,0.36524734545454546
624424,Offspeed,265,0.3925925925925926,0.27692307692307694,0.26755064516129035
624428,Breaking,159,0.375,0.13953488372093023,0.24567709999999998
624428,Fastball,386,0.2019704433497537,0.4691358024691358,0.30190015
624428,Offspeed,98,0.34,0.2,0.15973238095238096
624431,Breaking,198,0.25742574257425743,0.22580645161290322,0.21563157894736842
624431,Fastball,330,0.16025641025641027,0.5058823529411764,0.23424846153846154
624431,Offspeed,69,0.22857142857142856,0.1111111111111111,0.1993125
624512,Breaking,43,0.2,0.4,0.253476
624512,Fastball,89,0.28,0.19230769230769232,0.25046539130434786
624585,Breaking,554,0.46835443037974683,0.3474576271186441,0.2632150476190476
624585,Fastball,777,0.2868421052631579,0.46745562130177515,0.3357541761658031
624585,Offspeed,194,0.47,0.23809523809523808,0.19637523809523807
624641,Breaking,300,0.3352272727272727,0.32051282051282054,0.3149158461538462
624641,Fastball,495,0.19528619528619529,0.39166666666666666,0.3496246333333333
624641,Offspeed,150,0.3867924528301887,0.5909090909090909,0.28936399999999995
628451,Fastball,70,0.08108108108108109,0.3333333333333333,0.16003166666666668
630105,Breaking,445,0.2885572139303483,0.3106796116504854,0.21557329523809524
630105,Fastball,1062,0.13174946004319654,0.3669724770642202,0.32456900000000005
630105,Offspeed,275,0.36423841059602646,0.208955223880597,0.1712758823529412
640459,Breaking,69,0.3793103448275862,0.07142857142857142,0.143794
640459,Fastball,121,0.16883116883116883,0.38461538461538464,0.24202714285714283
640459,Offspeed,54,0.7142857142857143,0.3333333333333333,0.0612
640492,Fastball,63,0.29411764705882354,0.25,0.2566725
640902,Breaking,145,0.22950819672131148,0.3793103448275862,0.4077037333333333
640902,Fastball,262,0.2,0.375,0.30553931034482756
641343,Breaking,756,0.3890675241157556,0.4658385093167702,0.3102394754098361
641343,Fastball,1304,0.20074349442379183,0.5478927203065134,0.4085707524115756
641343,Offspeed,396,0.4452054794520548,0.5230769230769231,0.35790260869565216
641355,Breaking,574,0.29924242424242425,0.5409836065573771,0.34026953846153846
641355,Fastball,1223,0.15424610051993068,0.4161073825503356,0.3540587573964497
641355,Offspeed,347,0.21764705882352942,0.2727272727272727,0.25867604395604393
641487,Breaking,540,0.24761904761904763,0.33620689655172414,0.24859050406504066
641487,Fastball,1299,0.14112903225806453,0.3215686274509804,0.3400909392971246
641487,Offspeed,218,0.1375,0.6052631578947368,0.368014347826087
641555,Breaking,130,0.46,0.0,0.12365217391304349
641555,Fastball,220,0.14414414414414414,0.453125,0.3081706896551724
641555,Offspeed,54,0.3333333333333333,0.36363636363636365,0.22388888888888892
641584,Breaking,118,0.35,0.3125,0.3029385714285714
641584,Fastball,258,0.17293233082706766,0.38461538461538464,0.23889548387096773
641584,Offspeed,79,0.3125,0.5555555555555556,0.3475136842105263
641598,Breaking,243,0.5789473684210527,0.20512820512820512,0.20718199999999998
641598,Fastball,386,0.2222222222222222,0.39080459770114945,0.35498602150537634
641598,Offspeed,64,0.5,0.14285714285714285,0.22060825
641680,Breaking,354,0.24607329842931938,0.24742268041237114,0.20823583673469387
641680,Fastball,907,0.19489559164733178,0.39487179487179486,0.32592459259259254
641680,Offspeed,247,0.23809523809523808,0.4266666666666667,0.2646910810810811
641820,Breaking,52,0.2413793103448276,0.5555555555555556,0.3578
641820,Fastball,50,0.2727272727272727,0.375,0.269375
641857,Breaking,486,0.44075829383886256,0.19444444444444445,0.22152325
641857,Fastball,869,0.20854271356783918,0.46368715083798884,0.3541537894736842
641857,Offspeed,204,0.37142857142857144,0.36363636363636365,0.2544911111111111
641933,Breaking,331,0.4028776978417266,0.36363636363636365,0.2972541176470588
641933,Fastball,610,0.2533783783783784,0.4621212121212121,0.3402528163265306
641933,Offspeed,152,0.35714285714285715,0.11627906976744186,0.21278933333333336
642020,Fastball,62,0.32432432432432434,0.06666666666666667,0.16046666666666667
642086,Breaking,345,0.29069767441860467,0.41333333333333333,0.30742663414634147
642086,Fastball,651,0.13592233009708737,0.37254901960784315,0.3173498136645963
642086,Offspeed,196,0.30526315789473685,0.3269230769230769,0.23917176470588233
642201,Breaking,248,0.31896551724137934,0.40384615384615385,0.2419626666666667
642201,Fastball,469,0.21370967741935484,0.5309734513274337,0.28497765765765765
642201,Offspeed,127,0.3287671232876712,0.1875,0.27015117647058823
642215,Breaking,264,0.45054945054945056,0.35714285714285715,0.2365028085106383
642215,Fastball,401,0.2560386473429952,0.35714285714285715,0.2921667961165048
642215,Offspeed,141,0.43478260869565216,0.07142857142857142,0.15486592592592593
642350,Breaking,315,0.4627659574468085,0.30952380952380953,0.24709657142857144
642350,Fastball,538,0.3053435114503817,0.4778761061946903,0.34775937190082645
642350,Offspeed,138,0.4125,0.40540540540540543,0.2668378378378378
642708,Breaking,280,0.35333333333333333,0.47297297297297297,0.31556356164383564
642708,Fastball,485,0.1867704280155642,0.30833333333333335,0.30718387096774197
642708,Offspeed,164,0.3076923076923077,0.4791666666666667,0.2906444444444445
642715,Breaking,670,0.4,0.3051948051948052,0.24031975308641973
642715,Fastball,1122,0.2257495590828924,0.5130111524163569,0.3351196210526316
642715,Offspeed,242,0.34513274336283184,0.29411764705882354,0.25728342857142855
642851,Breaking,135,0.38333333333333336,0.11538461538461539,0.1527352
642851,Fastball,206,0.16101694915254236,0.2727272727272727,0.32913040000000005
642851,Offspeed,43,0.34615384615384615,0.0,0.05149999999999999
643217,Breaking,519,0.3333333333333333,0.43846153846153846,0.2863997878787879
643217,Fastball,937,0.2540322580645161,0.4672897196261682,0.3352914893617021
643217,Offspeed,375,0.31693989071038253,0.2391304347826087,0.26340978723404257
643289,Breaking,670,0.2155688622754491,0.4506172839506173,0.3030941686746988
643289,Fastball,1365,0.12907608695652173,0.3795180722891566,0.31365484726224785
643289,Offspeed,269,0.12727272727272726,0.32967032967032966,0.25983143478260873
643376,Breaking,280,0.33043478260869563,0.2909090909090909,0.17353155555555555
643376,Fastball,551,0.2109375,0.3821138211382114,0.3007946762589928
643376,Offspeed,93,0.3953488372093023,0.5,0.2864273846153846
643396,Breaking,204,0.27472527472527475,0.38,0.3145029166666667
643396,Fastball,438,0.10628019323671498,0.24770642201834864,0.2784575221238938
643396,Offspeed,84,0.2222222222222222,0.2777777777777778,0.35652375000000003
643446,Breaking,440,0.2175732217573222,0.27722772277227725,0.3000390091743119
643446,Fastball,1073,0.12557427258805512,0.39792387543252594,0.3126005490196078
643446,Offspeed,314,0.20320855614973263,0.35106382978723405,0.25734484210526315
644433,Breaking,68,0.42105263157894735,0.1,0.15845
644433,Fastball,110,0.11290322580645161,0.23333333333333334,0.18274999999999997
645277,Breaking,738,0.23877068557919623,0.3597560975609756,0.26185602209944747
645277,Fastball,1321,0.18948824343015214,0.41414141414141414,0.30100965765765764
645277,Offspeed,547,0.21875,0.3575757575757576,0.2221235
645302,Breaking,205,0.29411764705882354,0.32558139534883723,0.26049428571428573
645302,Fastball,310,0.12222222222222222,0.37209302325581395,0.30330983529411765
645302,Offspeed,62,0.45714285714285713,0.23529411764705882,0.2266322222222222
645305,Breaking,75,0.3409090909090909,0.12,0.20777408
645305,Fastball,218,0.1941747572815534,0.34545454545454546,0.2578229285714286
646240,Breaking,638,0.2875,0.5,0.32418591194968555
646240,Fastball,1650,0.3114323258869908,0.5632530120481928,0.3465781505376344
646240,Offspeed,325,0.20253164556962025,0.42528735632183906,0.3540067956989248
647304,Breaking,687,0.2873900293255132,0.32075471698113206,0.26462486956521736
647304,Fastball,1162,0.09238249594813615,0.40285714285714286,0.3330294731182796
647304,Offspeed,332,0.21311475409836064,0.20618556701030927,0.30812407547169807
649966,Breaking,88,0.075,0.42105263157894735,0.2176552380952381
649966,Fastball,110,0.11864406779661017,0.5,0.33810827586206893
650333,Breaking,581,0.0931899641577061,0.5116279069767442,0.3218085755395683
650333,Fastball,1616,0.06257982120051085,0.405,0.31037217674418605
650333,Offspeed,272,0.07246376811594203,0.3287671232876712,0.2639701578947368
650391,Breaking,62,0.2647058823529412,0.4117647058823529,0.2659635294117647
650391,Fastball,78,0.3333333333333333,0.35714285714285715,0.27298285714285714
650402,Breaking,534,0.24873096446700507,0.3103448275862069,0.28995505511811026
650402,Fastball,1090,0.2222222222222222,0.41037735849056606,0.348376576
650402,Offspeed,195,0.2537313432835821,0.3333333333333333,0.2912785
650489,Breaking,468,0.3293172690763052,0.4,0.2818635789473684
650489,Fastball,1062,0.2571428571428571,0.5113122171945701,0.3691007540983607
650489,Offspeed,428,0.4008438818565401,0.2631578947368421,0.19545155102040815
650490,Breaking,661,0.13183279742765272,0.585635359116022,0.40991945549738223
650490,Fastball,1696,0.15317559153175592,0.37967914438502676,0.31693973267326736
650490,Offspeed,273,0.14084507042253522,0.4430379746835443,0.3393859
650559,Breaking,147,0.26865671641791045,0.5,0.2822535
650559,Fastball,224,0.1875,0.40384615384615385,0.33600572727272726
650559,Offspeed,51,0.2857142857142857,0.25,0.1885
650859,Breaking,386,0.2074468085106383,0.3793103448275862,0.27032823529411765
650859,Fastball,820,0.17098445595854922,0.33516483516483514,0.31584056585365855
650859,Offspeed,220,0.23577235772357724,0.26666666666666666,0.30853298245614036
650968,Breaking,81,0.32653061224489793,0.20833333333333334,0.1615263157894737
650968,Fastball,144,0.11956521739130435,0.3076923076923077,0.31603030303030305
655316,Breaking,507,0.242152466367713,0.3025210084033613,0.21486900000000003
655316,Fastball,865,0.1377672209026128,0.4057142857142857,0.3257973886010363
655316,Offspeed,167,0.313953488372093,0.41379310344827586,0.3511296551724138
656305,Breaking,425,0.24022346368715083,0.46808510638297873,0.288116
656305,Fastball,888,0.2123456790123457,0.358695652173913,0.2808345048543689
656305,Offspeed,141,0.265625,0.35,0.304784
656413,Breaking,58,0.5416666666666666,0.07692307692307693,0.03585714285714286
656413,Fastball,95,0.5531914893617021,0.36363636363636365,0.3834451111111111
656484,Breaking,254,0.4859154929577465,0.2835820895522388,0.22226909090909092
656484,Fastball,389,0.19724770642201836,0.3625,0.32251509333333334
656484,Offspeed,154,0.43373493975903615,0.2558139534883721,0.2079158139534884
656537,Breaking,266,0.3918918918918919,0.43661971830985913,0.26871705882352936
656537,Fastball,524,0.2885375494071146,0.45132743362831856,0.3013004444444445
656537,Offspeed,113,0.34545454545454546,0.32142857142857145,0.2883103703703704
656555,Breaking,444,0.3541666666666667,0.4794520547945205,0.2868319523809524
656555,Fastball,806,0.27486910994764396,0.38953488372093026,0.3125261836734694
656555,Offspeed,150,0.5,0.34375,0.23483513513513515
656577,Breaking,91,0.35185185185185186,0.6086956521739131,0.30120723809523814
656577,Fastball,177,0.2755102040816326,0.2558139534883721,0.1865264761904762
656582,Breaking,92,0.2903225806451613,0.5882352941176471,0.42850875
656582,Fastball,152,0.16923076923076924,0.20689655172413793,0.30033739130434783
656716,Breaking,431,0.24444444444444444,0.24742268041237114,0.29614120754716977
656716,Fastball,983,0.10909090909090909,0.3317972350230415,0.30204920338983055
656716,Offspeed,250,0.2878787878787879,0.14925373134328357,0.21203999999999998
656775,Breaking,535,0.25,0.3157894736842105,0.20901209836065576
656775,Fastball,1249,0.20385232744783308,0.3516483516483517,0.27804443137254903
656775,Offspeed,234,0.2169811320754717,0.4,0.2927587636363636
656811,Breaking,562,0.34210526315789475,0.3828125,0.2703580895522388
656811,Fastball,1007,0.14680851063829786,0.4763779527559055,0.3360587211895911
656811,Offspeed,225,0.2653061224489796,0.2631578947368421,0.33137795348837207
656941,Breaking,1146,0.4121212121212121,0.3588516746411483,0.30790508786610876
656941,Fastball,1428,0.24770642201834864,0.6033898305084746,0.41400699435028243
656941,Offspeed,433,0.4262295081967213,0.5060240963855421,0.3134349361702128
656976,Breaking,178,0.2698412698412698,0.19230769230769232,0.2155733333333333
656976,Fastball,267,0.09923664122137404,0.3246753246753247,0.30823128205128203
656976,Offspeed,85,0.36585365853658536,0.4117647058823529,0.2881725
657041,Breaking,519,0.2914285714285714,0.2823529411764706,0.24485397849462368
657041,Fastball,904,0.18564356435643564,0.41706161137440756,0.337209640167364
657041,Offspeed,168,0.3333333333333333,0.35,0.31247380952380954
657136,Breaking,311,0.3219178082191781,0.3548387096774194,0.2883467826086956
657136,Fastball,545,0.1724137931034483,0.34814814814814815,0.2969666478873239
657136,Offspeed,81,0.3953488372093023,0.3333333333333333,0.17520857142857144
657656,Breaking,270,0.40336134453781514,0.3018867924528302,0.2035876
657656,Fastball,541,0.2572463768115942,0.3853211009174312,0.3703590569105691
657656,Offspeed,116,0.3880597014925373,0.5,0.2593260606060606
657757,Breaking,541,0.30939226519337015,0.34065934065934067,0.29063796153846155
657757,Fastball,963,0.1511879049676026,0.4873096446700508,0.3577663891402715
657757,Offspeed,352,0.23780487804878048,0.30337078651685395,0.2235786813186813
660162,Breaking,199,0.44047619047619047,0.2926829268292683,0.22088891428571428
660162,Fastball,318,0.20491803278688525,0.3387096774193548,0.2988773521126761
660162,Offspeed,113,0.3695652173913043,0.23809523809523808,0.25144363636363637
660271,Breaking,690,0.37572254335260113,0.42011834319526625,0.3454882328042328
660271,Fastball,1273,0.2605633802816901,0.5779467680608364,0.44068809302325584
660271,Offspeed,426,0.3865979381443299,0.5,0.3643535769230769
660644,Fastball,50,0.17391304347826086,0.25,0.2797685714285714
660670,Breaking,487,0.31891891891891894,0.5053763440860215,0.3519188461538461
660670,Fastball,1181,0.27527216174183516,0.4356060606060606,0.37679148514851485
660670,Offspeed,231,0.34234234234234234,0.45614035087719296,0.3375626666666667
660688,Breaking,352,0.16,0.4166666666666667,0.26458025
660688,Fastball,591,0.08653846153846154,0.4556213017751479,0.3351721136363637
660688,Offspeed,234,0.21641791044776118,0.3950617283950617,0.21554024691358023
660710,Breaking,130,0.3090909090909091,0.30303030303030304,0.219142
660710,Fastball,197,0.15555555555555556,0.48936170212765956,0.3150337777777778
660710,Offspeed,50,0.52,0.0,0.09767250000000001
660821,Breaking,276,0.3312883435582822,0.28421052631578947,0.3267153663366336
660821,Fastball,743,0.2689295039164491,0.5031446540880503,0.31927578181818184
660821,Offspeed,228,0.2767857142857143,0.3023255813953488,0.3119448888888889
660844,Breaking,165,0.45098039215686275,0.041666666666666664,0.1865043076923077
660844,Fastball,456,0.1588235294117647,0.22826086956521738,0.25986593684210524
660844,Offspeed,106,0.3023255813953488,0.14285714285714285,0.252744
661388,Breaking,773,0.2879746835443038,0.29714285714285715,0.28470322994652403
661388,Fastball,1284,0.1561051004636785,0.5075075075075075,0.359908
661388,Offspeed,254,0.27906976744186046,0.34328358208955223,0.2930443243243243
661531,Breaking,90,0.38636363636363635,0.0,0.14210818181818183
661531,Fastball,210,0.28431372549019607,0.48,0.3507369795918367
661531,Offspeed,44,0.25,0.5454545454545454,0.19536363636363638
662139,Breaking,638,0.24193548387096775,0.30434782608695654,0.2509570666666667
662139,Fastball,1191,0.1984375,0.3715277777777778,0.29090684175084175
662139,Offspeed,242,0.26573426573426573,0.3835616438356164,0.3066916266666667
663330,Breaking,249,0.4782608695652174,0.34782608695652173,0.19257652173913045
663330,Fastball,329,0.24203821656050956,0.42857142857142855,0.40600362500000003
663330,Offspeed,148,0.3493975903614458,0.34210526315789475,0.29951428571428573
663368,Breaking,83,0.25,0.3,0.34043390476190477
663368,Fastball,277,0.1935483870967742,0.2727272727272727,0.2621809836065574
663368,Offspeed,78,0.22857142857142856,0.21052631578947367,0.1823529411764706
663457,Breaking,369,0.2818181818181818,0.4153846153846154,0.34164438356164384
663457,Fastball,769,0.15100671140939598,0.432258064516129,0.37831362162162163
663457,Offspeed,233,0.18627450980392157,0.21311475409836064,0.257019104477612
663494,Breaking,185,0.23684210526315788,0.2727272727272727,0.2191731914893617
663494,Fastball,475,0.1943127962085308,0.40860215053763443,0.3419764
663494,Offspeed,96,0.2916666666666667,0.1724137931034483,0.19434482758620686
663538,Breaking,761,0.1774193548387097,0.4723926380368098,0.30905990532544375
663538,Fastball,1467,0.06584362139917696,0.33415233415233414,0.3334227363636364
663538,Offspeed,272,0.2483221476510067,0.2608695652173913,0.2889407222222222
663586,Breaking,813,0.37066666666666664,0.34104046242774566,0.2745108324324324
663586,Fastball,1444,0.2793914246196404,0.4059701492537313,0.32488042739726025
663586,Offspeed,318,0.3741935483870968,0.3380281690140845,0.23804656000000005
663604,Breaking,150,0.2676056338028169,0.43902439024390244,0.2202246153846154
663604,Fastball,298,0.25,0.3392857142857143,0.28186352941176473
663604,Offspeed,74,0.4888888888888889,0.3,0.25933578947368424
663611,Breaking,86,0.125,0.2,0.23329391304347827
663611,Fastball,131,0.030303030303030304,0.36666666666666664,0.3247106285714286
663616,Breaking,538,0.39823008849557523,0.4423076923076923,0.2973915714285714
663616,Fastball,853,0.14025974025974025,0.4976958525345622,0.36936663333333336
663616,Offspeed,349,0.4064516129032258,0.2465753424657534,0.23418307692307694
663624,Breaking,51,0.3333333333333333,0.3125,0.27475
663624,Fastball,67,0.14285714285714285,0.45454545454545453,0.438076
663647,Breaking,297,0.32231404958677684,0.1038961038961039,0.24812469333333334
663647,Fastball,561,0.1797752808988764,0.296551724137931,0.30853675
663647,Offspeed,77,0.3157894736842105,0.21052631578947367,0.2777222222222222
663656,Breaking,751,0.2736156351791531,0.3671875,0.33164908108108104
663656,Fastball,1298,0.16100443131462333,0.4272151898734177,0.3580967752808989
663656,Offspeed,467,0.2782608695652174,0.2761904761904762,0.243340350877193
663662,Fastball,63,0.20689655172413793,0.25,0.2885384615384616
663697,Breaking,77,0.45,0.0,0.13404222222222223
663697,Fastball,177,0.13043478260869565,0.2619047619047619,0.3326753333333333
663698,Breaking,144,0.36231884057971014,0.4166666666666667,0.2790733684210527
663698,Fastball,298,0.23448275862068965,0.3157894736842105,0.3178536774193549
663698,Offspeed,89,0.4772727272727273,0.3333333333333333,0.25303040000000004
663728,Breaking,630,0.3881578947368421,0.4015748031496063,0.27508107801418435
663728,Fastball,1267,0.27994011976047906,0.375,0.3224528611111111
663728,Offspeed,428,0.35609756097560974,0.3058823529411765,0.32514021276595745
663743,Breaking,336,0.2781456953642384,0.3108108108108108,0.2628015384615385
663743,Fastball,653,0.1048158640226629,0.4032258064516129,0.2908955935828877
663743,Offspeed,156,0.32142857142857145,0.38636363636363635,0.23211955555555555
663757,Breaking,546,0.2721518987341772,0.4222222222222222,0.311106213592233
663757,Fastball,1204,0.12450592885375494,0.38686131386861317,0.3635104207119741
663757,Offspeed,282,0.3046875,0.36363636363636365,0.2636742028985507
663837,Breaking,316,0.19760479041916168,0.3673469387755102,0.2546896629213483
663837,Fastball,691,0.16455696202531644,0.32653061224489793,0.34318919254658387
663837,Offspeed,144,0.2463768115942029,0.34285714285714286,0.24476055555555554
663853,Breaking,78,0.4146341463414634,0.26666666666666666,0.239396
663853,Fastball,164,0.27906976744186046,0.358974358974359,0.3353834545454546
663853,Offspeed,46,0.4166666666666667,0.18181818181818182,0.17772727272727273
663886,Breaking,668,0.34962406015037595,0.3560606060606061,0.25099915942028983
663886,Fastball,1066,0.21104536489151873,0.48582995951417,0.3919856740740741
663886,Offspeed,261,0.35964912280701755,0.14,0.18480148148148146
663967,Fastball,60,0.047619047619047616,0.2,0.4183066666666667
663968,Breaking,443,0.20300751879699247,0.4117647058823529,0.286817390070922
663968,Fastball,1048,0.20136518771331058,0.35964912280701755,0.29418845528455284
663968,Offspeed,287,0.26881720430107525,0.25,0.2365946153846154
663993,Breaking,413,0.31547619047619047,0.5384615384615384,0.2524479012345679
663993,Fastball,1166,0.18525179856115107,0.4196078431372549,0.36508125090909094
663993,Offspeed,237,0.21428571428571427,0.4827586206896552,0.31165741935483876
664023,Breaking,690,0.3575757575757576,0.5172413793103449,0.3305487453416149
664023,Fastball,1441,0.2520458265139116,0.45018450184501846,0.3309612996845425
664023,Offspeed,641,0.35,0.25735294117647056,0.25344786206896547
664034,Breaking,576,0.2974683544303797,0.4857142857142857,0.2920885479452055
664034,Fastball,1233,0.2581143740340031,0.46184738955823296,0.3425782253521127
664034,Offspeed,211,0.34074074074074073,0.6774193548387096,0.3263620327868853
664040,Breaking,937,0.42857142857142855,0.41232227488151657,0.2490673484162896
664040,Fastball,1341,0.28685897435897434,0.5467625899280576,0.3859041875
664040,Offspeed,399,0.38392857142857145,0.4380952380952381,0.33301812612612613
664056,Breaking,138,0.5138888888888888,0.375,0.2680595
664056,Fastball,244,0.2047244094488189,0.2777777777777778,0.27720931034482754
664056,Offspeed,55,0.3870967741935484,0.5714285714285714,0.26030769230769235
664059,Breaking,72,0.4857142857142857,0.2,0.11501955555555557
664059,Fastball,130,0.171875,0.13333333333333333,0.19767090909090912
664068,Fastball,58,0.2916666666666667,0.18181818181818182,0.15600000000000003
664238,Fastball,82,0.15,0.06666666666666667,0.2965581818181818
664702,Breaking,363,0.24166666666666667,0.2571428571428571,0.2018075
664702,Fastball,779,0.08238636363636363,0.36683417085427134,0.3319619816513762
664702,Offspeed,138,0.16666666666666666,0.375,0.21774193548387097
664728,Breaking,309,0.25874125874125875,0.37333333333333335,0.22888457142857144
664728,Fastball,719,0.11782477341389729,0.34502923976608185,0.26370373033707867
664728,Offspeed,158,0.26804123711340205,0.2727272727272727,0.25506145454545454
664731,Breaking,62,0.3333333333333333,0.25,0.3301
664731,Fastball,114,0.20833333333333334,0.36363636363636365,0.2785977777777778
664761,Breaking,679,0.2150170648464164,0.31736526946107785,0.2961748670520231
664761,Fastball,1463,0.13642960812772134,0.3770949720670391,0.335946320610687
664761,Offspeed,218,0.22330097087378642,0.5964912280701754,0.3656091428571428
664770,Breaking,378,0.19553072625698323,0.4897959183673469,0.31623875471698115
664770,Fastball,1178,0.14846416382252559,0.30278884462151395,0.2842947063197026
664770,Offspeed,252,0.15441176470588236,0.5352112676056338,0.2881698507462686
664774,Breaking,153,0.21052631578947367,0.3548387096774194,0.18263379310344827
664774,Fastball,455,0.22727272727272727,0.39473684210526316,0.31058747252747254
664774,Offspeed,105,0.35555555555555557,0.46153846153846156,0.2113352
664954,Breaking,249,0.22727272727272727,0.27419354838709675,0.20713966666666667
664954,Fastball,495,0.14785992217898833,0.49230769230769234,0.31264344525547444
664954,Offspeed,121,0.18181818181818182,0.3888888888888889,0.2798965714285714
664983,Breaking,694,0.3095890410958904,0.35294117647058826,0.2661971724137931
664983,Fastball,1061,0.14599686028257458,0.555205047318612,0.3600935197568389
664983,Offspeed,265,0.25806451612903225,0.4430379746835443,0.2757845
665019,Breaking,650,0.29283489096573206,0.5106382978723404,0.31716171812080535
665019,Fastball,1325,0.2215568862275449,0.4559748427672956,0.32522076190476196
665019,Offspeed,323,0.23225806451612904,0.43529411764705883,0.38897309090909093
665052,Breaking,396,0.43478260869565216,0.3958333333333333,0.33348718518518516
665052,Fastball,600,0.2730263157894737,0.6589147286821705,0.4517331310344828
665052,Offspeed,261,0.5153846153846153,0.2878787878787879,0.22111938461538463
665161,Breaking,604,0.4404432132963989,0.4276729559748428,0.2433516023391813
665161,Fastball,887,0.1945031712473573,0.5387931034482759,0.3946137529880478
665161,Offspeed,260,0.4351145038167939,0.34,0.279502074074074
665487,Breaking,784,0.3418079096045198,0.4896907216494845,0.3523944854368932
665487,Fastball,1447,0.19940029985007496,0.4777777777777778,0.40408581907090463
665487,Offspeed,342,0.33974358974358976,0.37662337662337664,0.31442148148148147
665489,Breaking,644,0.26625386996904027,0.2824858757062147,0.3105245388601036
665489,Fastball,1320,0.14480408858603067,0.41776315789473684,0.3430543905325444
665489,Offspeed,245,0.2824427480916031,0.35714285714285715,0.32724
665506,Fastball,46,0.21739130434782608,0.25,0.13625
665561,Breaking,112,0.24489795918367346,0.12,0.223098
665561,Fastball,248,0.09836065573770492,0.19672131147540983,0.21594933333333335
665561,Offspeed,66,0.2972972972972973,0.058823529411764705,0.10835714285714285
665742,Breaking,615,0.22274881516587677,0.5121951219512195,0.4010374825174825
665742,Fastball,983,0.2088167053364269,0.5550239234449761,0.437756406779661
665742,Offspeed,292,0.184,0.4,0.35454962025316455
665750,Breaking,505,0.3319327731092437,0.31896551724137934,0.21698531092436976
665750,Fastball,1049,0.205078125,0.34893617021276596,0.3123186872586873
665750,Offspeed,386,0.2564102564102564,0.37777777777777777,0.2368928260869565
665804,Breaking,388,0.34502923976608185,0.32926829268292684,0.26539652380952383
665804,Fastball,556,0.19924812030075187,0.4878048780487805,0.32561884444444444
665804,Offspeed,104,0.38333333333333336,0.2608695652173913,0.21076000000000003
665828,Breaking,40,0.4,0.2222222222222222,0.027714285714285716
665828,Fastball,80,0.25,0.3157894736842105,0.17850000000000002
665833,Breaking,586,0.42436974789915966,0.4881889763779528,0.3238289051094891
665833,Fastball,885,0.25,0.5083798882681564,0.39739547208121834
665833,Offspeed,318,0.5104895104895105,0.4189189189189189,0.28000846153846154
665861,Breaking,93,0.30434782608695654,0.20833333333333334,0.25606272727272733
665861,Fastball,153,0.22826086956521738,0.3225806451612903,0.3006948148148148
665862,Breaking,696,0.3834355828220859,0.4319526627218935,0.2495850847457627
665862,Fastball,1171,0.2428842504743833,0.3775933609958506,0.3334292014652015
665862,Offspeed,368,0.38271604938271603,0.36486486486486486,0.25291680000000005
665877,Breaking,501,0.14093959731543623,0.2696629213483146,0.2676956595744681
665877,Fastball,907,0.12682926829268293,0.39903846153846156,0.3015818392857143
665877,Offspeed,168,0.16883116883116883,0.2558139534883721,0.30200863636363634
665923,Breaking,289,0.3548387096774194,0.3698630136986301,0.22474646153846153
665923,Fastball,607,0.2846441947565543,0.36363636363636365,0.3049953984962406
665923,Offspeed,137,0.38961038961038963,0.3142857142857143,0.27243545945945946
665926,Breaking,531,0.27946127946127947,0.3680555555555556,0.2636640784313725
665926,Fastball,1113,0.2089783281733746,0.40234375,0.2902446131386861
665926,Offspeed,249,0.32,0.273972602739726,0.2442132222222222
665953,Breaking,329,0.4444444444444444,0.3225806451612903,0.2907577464788732
665953,Fastball,402,0.20089285714285715,0.6036036036036037,0.4032396521739131
665953,Offspeed,193,0.4631578947368421,0.2972972972972973,0.21844473684210527
665966,Breaking,348,0.3901098901098901,0.27710843373493976,0.23954775903614456
665966,Fastball,761,0.30526315789473685,0.17880794701986755,0.27110795151515155
665966,Offspeed,95,0.3157894736842105,0.27586206896551724,0.2547848275862069
666018,Breaking,620,0.24081632653061225,0.49635036496350365,0.3449507284768212
666018,Fastball,1749,0.23376623376623376,0.4173669467787115,0.34808850980392153
666018,Offspeed,338,0.16201117318435754,0.4020618556701031,0.31902326530612246
666023,Breaking,340,0.3860759493670886,0.23529411764705882,0.24201777777777778
666023,Fastball,614,0.1924198250728863,0.3466666666666667,0.28814964556962025
666023,Offspeed,105,0.38,0.2857142857142857,0.2457323636363636
666126,Breaking,400,0.3248730964467005,0.34285714285714286,0.25029071698113203
666126,Fastball,862,0.16624040920716113,0.46706586826347307,0.3451188994708995
666126,Offspeed,292,0.2605633802816901,0.28205128205128205,0.2659617283950617
666139,Breaking,378,0.3472222222222222,0.34408602150537637,0.24496982608695655
666139,Fastball,878,0.32040816326530613,0.39655172413793105,0.2957314623655914
666139,Offspeed,261,0.3,0.375,0.3178258620689655
666152,Breaking,473,0.35096153846153844,0.26732673267326734,0.172640618556701
666152,Fastball,903,0.13539192399049882,0.43781094527363185,0.32994773094170404
666152,Offspeed,209,0.3163265306122449,0.1875,0.22147617021276597
666160,Breaking,503,0.3888888888888889,0.4918032786885246,0.27703693233082705
666160,Fastball,744,0.24561403508771928,0.5147058823529411,0.3018353076923077
666160,Offspeed,325,0.3333333333333333,0.34782608695652173,0.23257191489361703
666163,Breaking,41,0.3684210526315789,0.16666666666666666,0.10077777777777779
666163,Fastball,65,0.18181818181818182,0.21052631578947367,0.24106249999999999
666176,Breaking,869,0.35033259423503327,0.4574468085106383,0.28464525531914897
666176,Fastball,1436,0.225130890052356,0.37941176470588234,0.3497682994652406
666176,Offspeed,323,0.37305699481865284,0.36046511627906974,0.30429301149425286
666181,Breaking,163,0.4852941176470588,0.17142857142857143,0.16854388235294118
666181,Fastball,240,0.22123893805309736,0.42105263157894735,0.43360037037037036
666181,Offspeed,136,0.44642857142857145,0.38095238095238093,0.16753047619047617
666182,Breaking,808,0.2806236080178174,0.5067264573991032,0.3526343965517242
666182,Fastball,1554,0.1357234314980794,0.35347432024169184,0.3199399776536313
666182,Offspeed,296,0.23353293413173654,0.32608695652173914,0.3183599191919192
666185,Fastball,47,0.47368421052631576,0.45454545454545453,0.03133333333333333
666211,Breaking,336,0.47619047619047616,0.3013698630136986,0.21684308860759496
666211,Fastball,614,0.3210702341137124,0.44274809160305345,0.35831757823129257
666211,Offspeed,197,0.44144144144144143,0.21052631578947367,0.18919964912280704
666310,Breaking,161,0.208955223880597,0.06896551724137931,0.26944962962962965
666310,Fastball,260,0.09448818897637795,0.3,0.31666925925925926
666310,Offspeed,83,0.35294117647058826,0.6,0.2521586666666667
666397,Breaking,354,0.4074074074074074,0.352112676056338,0.31459686075949367
666397,Fastball,689,0.11808118081180811,0.3208955223880597,0.37008503401360543
666397,Offspeed,203,0.34444444444444444,0.30612244897959184,0.2822104
666464,Breaking,69,0.1891891891891892,0.23529411764705882,0.2268
666464,Fastball,104,0.14,0.5333333333333333,0.15350000000000003
666624,Breaking,159,0.4246575342465753,0.3125,0.2129032258064516
666624,Fastball,222,0.24271844660194175,0.13333333333333333,0.2157152786885246
666624,Offspeed,46,0.6,0.5,0.18207692307692308
666969,Breaking,353,0.38285714285714284,0.43820224719101125,0.2597106966292135
666969,Fastball,647,0.2862453531598513,0.296,0.32228011678832114
666969,Offspeed,152,0.4246575342465753,0.375,0.26611393939393935
666971,Breaking,205,0.29347826086956524,0.24390243902439024,0.2536634782608696
666971,Fastball,399,0.1590909090909091,0.3063063063063063,0.3057601983471075
666971,Offspeed,123,0.4305555555555556,0.29411764705882354,0.1844705882352941
667472,Breaking,428,0.21764705882352942,0.3894736842105263,0.288002625
667472,Fastball,856,0.20833333333333334,0.38953488372093026,0.31343701554404146
667472,Offspeed,170,0.2558139534883721,0.2631578947368421,0.34546105263157895
667670,Breaking,288,0.5035971223021583,0.25396825396825395,0.27024843750000005
667670,Fastball,381,0.23529411764705882,0.5490196078431373,0.3668045818181818
667670,Offspeed,109,0.5,0.2692307692307692,0.1724325
668227,Breaking,852,0.2727272727272727,0.5365853658536586,0.30948137614678894
668227,Fastball,1582,0.26323529411764707,0.4589041095890411,0.38232348985507253
668227,Offspeed,381,0.24731182795698925,0.42696629213483145,0.3140981414141414
668670,Breaking,213,0.34210526315789475,0.2,0.19196200000000002
668670,Fastball,435,0.21,0.34408602150537637,0.31130552380952375
668670,Offspeed,73,0.5185185185185185,0.125,0.16943411764705885
668709,Breaking,641,0.3360995850622407,0.44166666666666665,0.2862564
668709,Fastball,1030,0.16926070038910507,0.45867768595041325,0.38724892086330936
668709,Offspeed,478,0.4,0.3113207547169811,0.28948254237288135
668715,Breaking,477,0.26605504587155965,0.3584905660377358,0.3270395102040816
668715,Fastball,931,0.23039215686274508,0.4492753623188406,0.35643527753303966
668715,Offspeed,181,0.2903225806451613,0.5,0.2963426046511628
668723,Breaking,287,0.3023255813953488,0.29850746268656714,0.32177032258064514
668723,Fastball,753,0.2154255319148936,0.40625,0.3204523111111111
668723,Offspeed,109,0.21153846153846154,0.8666666666666667,0.4051165517241379
668800,Breaking,91,0.3,0.5714285714285714,0.41825419999999996
668800,Fastball,175,0.21951219512195122,0.23809523809523808,0.22703552380952385
668800,Offspeed,49,0.24242424242424243,0.3157894736842105,0.22350000000000003
668804,Breaking,882,0.4053398058252427,0.3191489361702128,0.29915693392070486
668804,Fastball,1353,0.2018348623853211,0.5016611295681063,0.40941101466275653
668804,Offspeed,541,0.2894736842105263,0.3813559322033898,0.3085112258064516
668885,Breaking,387,0.34074074074074073,0.2948717948717949,0.23979632183908045
668885,Fastball,872,0.11796246648793565,0.37755102040816324,0.34737877586206894
668885,Offspeed,162,0.35384615384615387,0.12121212121212122,0.176068
668901,Breaking,379,0.3968253968253968,0.31521739130434784,0.2899401304347826
668901,Fastball,544,0.23026315789473684,0.4233576642335766,0.3181675277777778
668901,Offspeed,193,0.38461538461538464,0.43103448275862066,0.2951231034482759
668904,Breaking,685,0.3870967741935484,0.36363636363636365,0.2605581257142857
668904,Fastball,1105,0.2638146167557932,0.398406374501992,0.34250171863117873
668904,Offspeed,280,0.3958333333333333,0.234375,0.25758321212121216
668930,Breaking,792,0.2581818181818182,0.45348837209302323,0.33880021505376345
668930,Fastball,1637,0.20742637644046094,0.4967105263157895,0.36615344044321335
668930,Offspeed,473,0.2871287128712871,0.3333333333333333,0.2778603448275862
668939,Breaking,487,0.19760479041916168,0.3333333333333333,0.28779923232323235
668939,Fastball,930,0.12886597938144329,0.5233160621761658,0.3518145539906103
668939,Offspeed,330,0.2012987012987013,0.2696629213483146,0.29985347826086955
668942,Breaking,110,0.24444444444444444,0.3,0.2869658947368421
668942,Fastball,245,0.15748031496062992,0.32857142857142857,0.2162304347826087
668942,Offspeed,95,0.2777777777777778,0.2608695652173913,0.18154545454545454
668952,Breaking,371,0.35384615384615387,0.2159090909090909,0.24266946666666667
668952,Fastball,561,0.2508591065292096,0.5177304964539007,0.343528
668952,Offspeed,113,0.39655172413793105,0.08,0.2110676923076923
669003,Breaking,598,0.3969465648854962,0.4861111111111111,0.35019910526315795
669003,Fastball,1227,0.30036630036630035,0.41312741312741313,0.3759891683848797
669003,Offspeed,365,0.5316455696202531,0.21428571428571427,0.25046324324324326
669004,Breaking,199,0.3373493975903614,0.32432432432432434,0.2355239111111111
669004,Fastball,333,0.345679012345679,0.375,0.2816118947368421
669004,Offspeed,82,0.35714285714285715,0.3157894736842105,0.36841545454545455
669016,Breaking,681,0.3411764705882353,0.41317365269461076,0.2575374269005848
669016,Fastball,1155,0.17207792207792208,0.4548736462093863,0.34947673720136524
669016,Offspeed,333,0.34502923976608185,0.2553191489361702,0.2280784615384615
669065,Breaking,500,0.39097744360902253,0.5934959349593496,0.37129685714285715
669065,Fastball,1057,0.2849264705882353,0.3907563025210084,0.32181011070110704
669065,Offspeed,378,0.48372093023255813,0.46153846153846156,0.2863608421052632
669087,Breaking,46,0.56,0.0,0.13444833333333336
669087,Fastball,82,0.34782608695652173,0.3,0.14173684210526316
669127,Breaking,634,0.3344262295081967,0.4391891891891892,0.3451761282051282
669127,Fastball,942,0.25316455696202533,0.5180180180180181,0.3763503020408164
669127,Offspeed,230,0.3053435114503817,0.38333333333333336,0.245
669134,Breaking,389,0.3473053892215569,0.35526315789473684,0.2478337073170732
669134,Fastball,534,0.2037735849056604,0.4609375,0.3674322836879433
669134,Offspeed,123,0.25862068965517243,0.6111111111111112,0.368288
669208,Fastball,70,0.3055555555555556,0.09090909090909091,0.2431725
669221,Breaking,122,0.5535714285714286,0.3333333333333333,0.17619214285714285
669221,Fastball,269,0.17518248175182483,0.30303030303030304,0.308987027027027
669221,Offspeed,48,0.6153846153846154,0.0,0.15348285714285717
669224,Breaking,511,0.3674418604651163,0.2,0.18985612244897956
669224,Fastball,809,0.19338422391857507,0.4540540540540541,0.3629356697247706
669224,Offspeed,289,0.4028776978417266,0.15,0.2516009090909091
669236,Breaking,396,0.36036036036036034,0.3333333333333333,0.2511507387387388
669236,Fastball,571,0.18654434250764526,0.475177304964539,0.3154114326241135
669236,Offspeed,139,0.40540540540540543,0.24324324324324326,0.24869421052631582
669242,Breaking,335,0.3355263157894737,0.2727272727272727,0.2775335263157895
669242,Fastball,650,0.16610169491525423,0.3939393939393939,0.308846455026455
669242,Offspeed,214,0.24770642201834864,0.45614035087719296,0.3075237931034483
669257,Breaking,409,0.225,0.3448275862068966,0.2755730666666667
669257,Fastball,677,0.14915254237288136,0.4296875,0.458082614379085
669257,Offspeed,142,0.15517241379310345,0.5666666666666667,0.35983624999999997
669288,Fastball,42,0.15789473684210525,0.5,0.33122999999999997
669289,Breaking,88,0.19047619047619047,0.5909090909090909,0.3133684210526316
669289,Fastball,163,0.189873417721519,0.36585365853658536,0.324246
669326,Breaking,96,0.4583333333333333,0.13043478260869565,0.1552988888888889
669326,Fastball,182,0.35294117647058826,0.23404255319148937,0.24282604651162792
669357,Breaking,301,0.38095238095238093,0.2222222222222222,0.24768716417910444
669357,Fastball,700,0.322884012539185,0.45454545454545453,0.3489773333333333
669357,Offspeed,280,0.4840764331210191,0.13333333333333333,0.1839376923076923
669364,Breaking,652,0.23985239852398524,0.26515151515151514,0.27388150684931506
669364,Fastball,1244,0.10777385159010601,0.45084745762711864,0.3437289361702128
669364,Offspeed,453,0.29015544041450775,0.27722772277227725,0.25648
669369,Breaking,70,0.38235294117647056,0.4,0.17014285714285715
669369,Fastball,137,0.3220338983050847,0.25925925925925924,0.1672456
669369,Offspeed,43,0.391304347826087,0.16666666666666666,0.1902222222222222
669384,Fastball,101,0.1346153846153846,0.32142857142857145,0.27264560000000004
669392,Breaking,194,0.36,0.3617021276595745,0.23259125000000003
669392,Fastball,407,0.16666666666666666,0.4578313253012048,0.35692431999999996
669392,Offspeed,81,0.39215686274509803,0.3157894736842105,0.274269
669394,Breaking,872,0.4116279069767442,0.39,0.26794871028037387
669394,Fastball,1214,0.2465277777777778,0.4634146341463415,0.3605083406940063
669394,Offspeed,296,0.4624277456647399,0.4,0.2718234146341464
669397,Breaking,155,0.3188405797101449,0.1875,0.151011
669397,Fastball,408,0.19791666666666666,0.4380952380952381,0.27132545454545454
669397,Offspeed,42,0.28,0.5,0.25464285714285717
669398,Breaking,48,0.391304347826087,0.8333333333333334,0.2549166666666667
669398,Fastball,75,0.19148936170212766,0.2777777777777778,0.41976470588235293
669477,Breaking,509,0.2962962962962963,0.48872180451127817,0.33516646616541357
669477,Fastball,853,0.1437908496732026,0.44155844155844154,0.35863762343096234
669477,Offspeed,136,0.33783783783783783,0.6764705882352942,0.4010209142857143
669699,Breaking,95,0.3389830508474576,0.0967741935483871,0.18968749999999998
669699,Fastball,160,0.1875,0.4634146341463415,0.3080176744186046
669699,Offspeed,40,0.19230769230769232,1.0833333333333333,0.5275
669701,Breaking,302,0.3511450381679389,0.4444444444444444,0.22525878571428568
669701,Fastball,576,0.18796992481203006,0.32231404958677684,0.3214714108527132
669701,Offspeed,178,0.21978021978021978,0.16326530612244897,0.21826509803921573
669707,Breaking,418,0.3433734939759036,0.2345679012345679,0.2639814090909091
669707,Fastball,802,0.16445623342175067,0.3140096618357488,0.29047614611872147
669707,Offspeed,161,0.2625,0.3617021276595745,0.2986544680851064
669720,Breaking,176,0.37894736842105264,0.3958333333333333,0.2669859090909091
669720,Fastball,176,0.2916666666666667,0.43478260869565216,0.35925351351351353
669720,Offspeed,75,0.45652173913043476,0.375,0.22181250000000002
669743,Breaking,242,0.19801980198019803,0.2641509433962264,0.25465305263157895
669743,Fastball,574,0.16170212765957448,0.33,0.2975460504201681
669743,Offspeed,79,0.15151515151515152,0.35294117647058826,0.18106666666666668
669899,Breaking,65,0.08108108108108109,0.7777777777777778,0.4527433333333334
669899,Fastball,153,0.36585365853658536,0.2857142857142857,0.25089125
669911,Fastball,64,0.2,0.26666666666666666,0.3156725
670032,Breaking,294,0.2328767123287671,0.21875,0.26004594444444445
670032,Fastball,578,0.14838709677419354,0.38461538461538464,0.2975433230769231
670032,Offspeed,157,0.21794871794871795,0.21568627450980393,0.21509046153846154
670042,Breaking,347,0.48466257668711654,0.36363636363636365,0.28115183561643836
670042,Fastball,559,0.3081967213114754,0.5972222222222222,0.41026860927152314
670042,Offspeed,269,0.5031055900621118,0.2711864406779661,0.24365233333333333
670097,Breaking,60,0.2727272727272727,0.2,0.37298000000000003
670097,Fastball,186,0.3023255813953488,0.21212121212121213,0.223468
670156,Fastball,67,0.125,0.25,0.22021636363636363
670224,Breaking,58,0.39285714285714285,0.2777777777777778,0.2065625
670224,Fastball,109,0.31746031746031744,0.2,0.23098799999999997
670231,Breaking,195,0.275,0.37209302325581395,0.28711069767441855
670231,Fastball,373,0.1962025316455696,0.4342105263157895,0.34081105882352936
670231,Offspeed,84,0.38461538461538464,0.48148148148148145,0.2782331034482759
670242,Breaking,178,0.5411764705882353,0.23684210526315788,0.23805484210526318
670242,Fastball,343,0.3241758241758242,0.43661971830985913,0.3131766111111111
670242,Offspeed,96,0.5535714285714286,0.24,0.25431039999999994
670541,Breaking,691,0.2757475083056478,0.6,0.4362757225433526
670541,Fastball,1498,0.15814696485623003,0.6233333333333333,0.4808696848137537
670541,Offspeed,462,0.2096069868995633,0.5166666666666667,0.3496215503875969
670623,Breaking,923,0.2219178082191781,0.34177215189873417,0.26724760465116276
670623,Fastball,1641,0.0958904109589041,0.5154320987654321,0.3561022142857143
670623,Offspeed,378,0.2247191011235955,0.3855421686746988,0.2898879540229885
670764,Breaking,411,0.25384615384615383,0.14925373134328357,0.1925210909090909
670764,Fastball,1039,0.17418032786885246,0.36475409836065575,0.2887302238267148
670764,Offspeed,256,0.3813559322033898,0.18333333333333332,0.14804380952380952
670770,Breaking,209,0.32051282051282054,0.26666666666666666,0.22657688
670770,Fastball,652,0.13602941176470587,0.3148148148148148,0.2823874634146341
670770,Offspeed,207,0.4807692307692308,0.13333333333333333,0.1599724347826087
671056,Breaking,927,0.28292682926829266,0.375,0.31660847457627117
671056,Fastball,1612,0.13630041724617525,0.4,0.3475313280839895
671056,Offspeed,355,0.3333333333333333,0.36,0.3225703058823529
671083,Breaking,78,0.29411764705882354,0.29411764705882354,0.2814506666666666
671083,Fastball,126,0.19672131147540983,0.14285714285714285,0.3048121666666666
671083,Offspeed,40,0.5333333333333333,0.18181818181818182,0.06439999999999999
671155,Breaking,43,0.5555555555555556,0.0,0.17826444444444445
671155,Fastball,42,0.3333333333333333,0.45454545454545453,0.29930666666666667
671218,Breaking,480,0.3292181069958848,0.464,0.3471909457364341
671218,Fastball,1104,0.2737226277372263,0.3888888888888889,0.32377384126984127
671218,Offspeed,194,0.3018867924528302,0.37037037037037035,0.3111322222222222
671277,Breaking,626,0.277602523659306,0.5670731707317073,0.36959400000000003
671277,Fastball,952,0.14960629921259844,0.5434782608695652,0.3702772151898734
671277,Offspeed,485,0.24521072796934865,0.38028169014084506,0.25618140845070425
671289,Breaking,295,0.16551724137931034,0.2682926829268293,0.26864771084337347
671289,Fastball,625,0.08681672025723473,0.3448275862068966,0.33495161445783134
671289,Offspeed,106,0.20967741935483872,0.25,0.2628244
671655,Fastball,50,0.23076923076923078,0.5833333333333334,0.2595
671732,Breaking,571,0.34684684684684686,0.4375,0.30894813114754094
671732,Fastball,1329,0.22932917316692666,0.3956043956043956,0.34560500645161296
671732,Offspeed,389,0.3259668508287293,0.34444444444444444,0.28047106382978726
671739,Breaking,699,0.30536130536130535,0.5045871559633027,0.3002215090909091
671739,Fastball,1196,0.18312101910828024,0.44244604316546765,0.3646974809688581
671739,Offspeed,339,0.3188405797101449,0.47619047619047616,0.32925980582524267
671976,Breaking,511,0.26492537313432835,0.4608695652173913,0.25407006451612907
671976,Fastball,1011,0.192090395480226,0.4578313253012048,0.34595274820143884
671976,Offspeed,287,0.28313253012048195,0.3717948717948718,0.3015633766233767
672012,Breaking,40,0.2631578947368421,0.4,0.27
672012,Fastball,78,0.2,0.6,0.08057142857142859
672016,Breaking,112,0.4888888888888889,0.08333333333333333,0.11417789473684212
672016,Fastball,241,0.2542372881355932,0.2037037037037037,0.23750538461538462
672016,Offspeed,47,0.4444444444444444,0.09090909090909091,0.214938
672275,Breaking,378,0.35359116022099446,0.3409090909090909,0.28103534782608697
672275,Fastball,757,0.20844327176781002,0.35185185185185186,0.34168350282485876
672275,Offspeed,258,0.3106060606060606,0.25,0.2420710447761194
672284,Breaking,104,0.5111111111111111,0.28,0.33462521739130435
672284,Fastball,176,0.2571428571428571,0.19230769230769232,0.37892200000000004
672284,Offspeed,90,0.5098039215686274,0.3103448275862069,0.280792
672356,Breaking,223,0.49107142857142855,0.5892857142857143,0.38744113207547165
672356,Fastball,339,0.36627906976744184,0.2716049382716049,0.2142486111111111
672356,Offspeed,63,0.6341463414634146,0.16666666666666666,0.1477222222222222
672386,Breaking,368,0.22777777777777777,0.44036697247706424,0.2699792592592593
672386,Fastball,799,0.13719512195121952,0.4276315789473684,0.33299117647058823
672386,Offspeed,102,0.14,0.32142857142857145,0.3057857142857143
672515,Breaking,757,0.20846905537459284,0.42105263157894735,0.28975938853503186
672515,Fastball,1393,0.11580882352941177,0.5658914728682171,0.410616127388535
672515,Offspeed,275,0.18181818181818182,0.43478260869565216,0.31911829333333336
672580,Breaking,379,0.22962962962962963,0.38461538461538464,0.28302374999999996
672580,Fastball,860,0.11461318051575932,0.373134328358209,0.34051405405405405
672580,Offspeed,97,0.13157894736842105,0.375,0.20131818181818184
672613,Fastball,96,0.12280701754385964,0.3333333333333333,0.23555555555555557
672640,Breaking,883,0.26941747572815533,0.3761467889908257,0.27535882882882884
672640,Fastball,1327,0.10175438596491228,0.5161290322580645,0.4031745391304348
672640,Offspeed,358,0.3033175355450237,0.34234234234234234,0.19932855172413794
672695,Breaking,720,0.15151515151515152,0.3644067796610169,0.3166867153284672
672695,Fastball,1718,0.10635155096011817,0.3878787878787879,0.34601167512690356
672695,Offspeed,484,0.1277533039647577,0.36666666666666664,0.3045502255639098
672724,Breaking,480,0.4015151515151515,0.2698412698412698,0.232830752
672724,Fastball,792,0.21311475409836064,0.36,0.31346560869565215
672724,Offspeed,177,0.3867924528301887,0.375,0.22420123076923076
672761,Breaking,161,0.2,0.0967741935483871,0.24431266666666665
672761,Fastball,396,0.15343915343915343,0.38461538461538464,0.30818452830188675
672761,Offspeed,145,0.23376623376623376,0.46153846153846156,0.17898368421052635
672820,Breaking,175,0.25,0.15217391304347827,0.15863869565217392
672820,Fastball,252,0.16911764705882354,0.35714285714285715,0.31116704
672820,Offspeed,55,0.2972972972972973,0.36363636363636365,0.31657894736842107
672960,Breaking,945,0.3855421686746988,0.42857142857142855,0.29108147572815535
672960,Fastball,1469,0.2926490984743412,0.4845679012345679,0.3533753222222222
672960,Offspeed,298,0.32857142857142857,0.36507936507936506,0.3098545074626866
673237,Breaking,417,0.23628691983122363,0.3821138211382114,0.3061643548387097
673237,Fastball,610,0.19940476190476192,0.47023809523809523,0.31610316279069767
673237,Offspeed,152,0.22105263157894736,0.5614035087719298,0.31665820000000006
673357,Breaking,296,0.375,0.3225806451612903,0.27047838709677424
673357,Fastball,539,0.22142857142857142,0.475177304964539,0.35557006622516557
673357,Offspeed,126,0.38095238095238093,0.17647058823529413,0.20014
673490,Breaking,135,0.24489795918367346,0.1724137931034483,0.208992
673490,Fastball,428,0.18333333333333332,0.12941176470588237,0.22001595833333334
673490,Offspeed,49,0.25806451612903225,0.16666666666666666,0.22610615384615385
673548,Breaking,999,0.2975,0.40375586854460094,0.2749259912663755
673548,Fastball,1468,0.17537942664418213,0.4964788732394366,0.3755517233429395
673548,Offspeed,248,0.34,0.5581395348837209,0.3630718367346939
673962,Breaking,551,0.23983739837398374,0.4117647058823529,0.3262956571428572
673962,Fastball,950,0.13852813852813853,0.48672566371681414,0.3680349881422925
673962,Offspeed,167,0.27586206896551724,0.5625,0.3109974901960784
675085,Fastball,48,0.15,0.6666666666666666,0.0
675659,Fastball,54,0.30303030303030304,0.05555555555555555,0.167
675961,Breaking,290,0.3769230769230769,0.26865671641791045,0.13435957575757576
675961,Fastball,480,0.14181818181818182,0.52,0.31040613953488366
675961,Offspeed,111,0.2542372881355932,0.3225806451612903,0.227543125
676070,Fastball,42,0.35294117647058826,0.5,0.0
676356,Breaking,405,0.3541666666666667,0.37735849056603776,0.21882038095238096
676356,Fastball,785,0.1876484560570071,0.44660194174757284,0.28627885714285717
676356,Offspeed,181,0.2909090909090909,0.2978723404255319,0.23380340425531917
676369,Breaking,139,0.36,0.2692307692307692,0.3542414814814815
676369,Fastball,277,0.33774834437086093,0.581081081081081,0.3728368333333334
676369,Offspeed,77,0.5365853658536586,0.0,0.1397142857142857
676391,Breaking,609,0.23615160349854228,0.31216931216931215,0.22754283333333333
676391,Fastball,1075,0.09165302782324058,0.3987730061349693,0.27896322580645166
676391,Offspeed,258,0.21739130434782608,0.32926829268292684,0.24068309523809522
676439,Breaking,344,0.2926829268292683,0.15625,0.1995401935483871
676439,Fastball,539,0.15702479338842976,0.37398373983739835,0.35797970802919704
676439,Offspeed,163,0.38028169014084506,0.34285714285714286,0.33184358974358974
676475,Breaking,802,0.2752941176470588,0.3717277486910995,0.3365723428571429
676475,Fastball,1295,0.20974889217134415,0.5311475409836065,0.41680092592592594
676475,Offspeed,451,0.1867704280155642,0.4838709677419355,0.32686870229007636
676551,Fastball,115,0.45901639344262296,0.36363636363636365,0.30451076923076925
676572,Breaking,78,0.2962962962962963,0.1875,0.24509657142857139
676572,Fastball,143,0.3055555555555556,0.46875,0.3150048275862069
676572,Offspeed,43,0.1875,0.0,0.31626444444444446
676609,Breaking,597,0.35144927536231885,0.3356164383561644,0.23346581333333333
676609,Fastball,1109,0.2452504317789292,0.3482142857142857,0.30341260162601624
676609,Offspeed,199,0.2608695652173913,0.39622641509433965,0.2899163137254902
676694,Breaking,202,0.35714285714285715,0.21428571428571427,0.210088
676694,Fastball,310,0.13259668508287292,0.4222222222222222,0.29471268817204305
676694,Offspeed,65,0.3333333333333333,0.1111111111111111,0.1583125
676724,Breaking,407,0.3548387096774194,0.41836734693877553,0.2768216699029127
676724,Fastball,773,0.19346049046321526,0.391812865497076,0.33725319148936167
676724,Offspeed,201,0.22641509433962265,0.49019607843137253,0.3479290196078431
676914,Breaking,234,0.35714285714285715,0.04878048780487805,0.15315618181818183
676914,Fastball,445,0.32142857142857145,0.352112676056338,0.3329510344827586
676914,Offspeed,61,0.26666666666666666,0.6842105263157895,0.35335444444444447
677008,Fastball,59,0.37037037037037035,0.16666666666666666,0.085
677060,Breaking,68,0.5,0.08333333333333333,0.23864666666666667
677060,Fastball,110,0.2692307692307692,0.06666666666666667,0.23127599999999998
677347,Fastball,45,0.23809523809523808,0.0,0.309514
677587,Breaking,623,0.305019305019305,0.3181818181818182,0.2619081967213115
677587,Fastball,1215,0.14420062695924765,0.4503311258278146,0.3262363282674772
677587,Offspeed,453,0.319672131147541,0.32061068702290074,0.24530121212121214
677588,Breaking,360,0.4383561643835616,0.28378378378378377,0.21050533333333335
677588,Fastball,624,0.25471698113207547,0.44029850746268656,0.34415224161073826
677588,Offspeed,256,0.3939393939393939,0.265625,0.2633083125
677592,Breaking,136,0.43661971830985913,0.6944444444444444,0.3718317714285714
677592,Fastball,254,0.28776978417266186,0.2727272727272727,0.29027462068965515
677592,Offspeed,71,0.5128205128205128,0.55,0.17670588235294116
677594,Breaking,813,0.35766423357664234,0.32972972972972975,0.28932113705583756
677594,Fastball,1349,0.1917024320457797,0.42485549132947975,0.3562317104557641
677594,Offspeed,305,0.34705882352941175,0.5352112676056338,0.3590066486486487
677595,Breaking,79,0.5208333333333334,0.125,0.14085
677595,Fastball,95,0.17543859649122806,0.625,0.3809127692307692
677649,Breaking,775,0.34760705289672544,0.46445497630331756,0.2728457556561086
677649,Fastball,1347,0.21037463976945245,0.4064748201438849,0.3351024935064935
677649,Offspeed,246,0.2746478873239437,0.39655172413793105,0.23404677966101695
677800,Breaking,676,0.2516778523489933,0.49673202614379086,0.348507103030303
677800,Fastball,1695,0.23462986198243413,0.45896656534954405,0.3536190352303524
677800,Offspeed,404,0.2850678733031674,0.3524590163934426,0.32243597014925374
677870,Breaking,236,0.358695652173913,0.09090909090909091,0.24212924444444445
677870,Fastball,462,0.14432989690721648,0.31313131313131315,0.36197752212389384
677870,Offspeed,116,0.4126984126984127,0.29411764705882354,0.2516582352941177
677942,Breaking,321,0.3353658536585366,0.4482758620689655,0.3648442325581395
677942,Fastball,712,0.2243436754176611,0.4144736842105263,0.357476938271605
677942,Offspeed,109,0.29508196721311475,0.2727272727272727,0.284949375
677943,Fastball,61,0.3076923076923077,0.125,0.21910000000000002
677950,Breaking,159,0.313953488372093,0.20833333333333334,0.25768409523809527
677950,Fastball,232,0.23076923076923078,0.40384615384615385,0.33056984
677950,Offspeed,96,0.2982456140350877,0.6071428571428571,0.22460000000000002
677951,Breaking,816,0.32418952618453867,0.37155963302752293,0.31187684684684686
677951,Fastball,1316,0.2090032154340836,0.4787234042553192,0.41787674534161495
677951,Offspeed,217,0.21487603305785125,0.5,0.42179703030303034
677956,Breaking,122,0.515625,0.27586206896551724,0.1027504
677956,Fastball,135,0.3472222222222222,0.5588235294117647,0.26210581818181816
677956,Offspeed,62,0.475,0.0,0.13518181818181818
678009,Breaking,43,0.06666666666666667,0.7272727272727273,0.3473724444444445
678009,Fastball,115,0.1509433962264151,0.34782608695652173,0.28039764705882353
678009,Offspeed,49,0.34615384615384615,0.23076923076923078,0.14261538461538462
678011,Breaking,144,0.30158730158730157,0.3870967741935484,0.26050329411764706
678011,Fastball,400,0.20540540540540542,0.46511627906976744,0.37208529411764707
678011,Offspeed,100,0.20833333333333334,0.25,0.19315823529411763
678218,Breaking,248,0.3671875,0.4897959183673469,0.3184037192982456
678218,Fastball,633,0.17665615141955837,0.3191489361702128,0.3085838993710692
678218,Offspeed,220,0.3786407766990291,0.3404255319148936,0.2926559183673469
678246,Breaking,868,0.2184873949579832,0.42613636363636365,0.3642453401015228
678246,Fastball,1773,0.21455457967377667,0.4906166219839142,0.3819474311512416
678246,Offspeed,232,0.17647058823529413,0.4716981132075472,0.39867
678391,Breaking,350,0.2411764705882353,0.3924050632911392,0.2831005057471264
678391,Fastball,781,0.09788359788359788,0.329608938547486,0.3078778490566038
678391,Offspeed,227,0.35833333333333334,0.2033898305084746,0.23958566666666667
678489,Breaking,188,0.32432432432432434,0.2972972972972973,0.1777532972972973
678489,Fastball,513,0.25675675675675674,0.4,0.25093184615384617
678489,Offspeed,119,0.21311475409836064,0.5416666666666666,0.28814695652173916
678545,Breaking,161,0.34375,0.3142857142857143,0.2492274117647059
678545,Fastball,329,0.18823529411764706,0.37662337662337664,0.298147950617284
678545,Offspeed,90,0.2777777777777778,0.3333333333333333,0.2803753846153846
678554,Breaking,436,0.2929936305732484,0.43820224719101125,0.29022644
678554,Fastball,859,0.1384180790960452,0.5449101796407185,0.38949843478260865
678554,Offspeed,161,0.14285714285714285,0.4358974358974359,0.37032253658536585
678577,Fastball,85,0.3333333333333333,0.15,0.24830380952380954
678662,Breaking,626,0.34096692111959287,0.36416184971098264,0.26779370786516854
678662,Fastball,1106,0.23712948517940718,0.36363636363636365,0.3050771692307692
678662,Offspeed,204,0.4195804195804196,0.3389830508474576,0.20373525423728814
678882,Breaking,682,0.27525252525252525,0.5310734463276836,0.28317557303370783
678882,Fastball,1246,0.2300140252454418,0.3675496688741722,0.28923007692307695
678882,Offspeed,251,0.28187919463087246,0.5769230769230769,0.26218346666666664
679529,Breaking,899,0.40988372093023256,0.40236686390532544,0.23955375824175826
679529,Fastball,1411,0.22857142857142856,0.5182724252491694,0.3807052685714285
679529,Offspeed,358,0.4591194968553459,0.21333333333333335,0.18392693333333335
679822,Breaking,306,0.2578125,0.39473684210526316,0.3184421265822785
679822,Fastball,594,0.19718309859154928,0.5158730158730159,0.34319529411764704
679822,Offspeed,129,0.19047619047619047,0.4666666666666667,0.25693333333333335
679845,Breaking,553,0.33004926108374383,0.27927927927927926,0.256417888
679845,Fastball,916,0.07672634271099744,0.47555555555555556,0.31857635483870966
679845,Offspeed,195,0.27906976744186046,0.2222222222222222,0.2445855319148936
680474,Breaking,122,0.2926829268292683,0.28,0.27016963636363633
680474,Fastball,246,0.2222222222222222,0.4489795918367347,0.36045516981132075
680474,Offspeed,68,0.4864864864864865,0.2727272727272727,0.18761454545454545
680574,Breaking,655,0.3371212121212121,0.34355828220858897,0.26879067441860466
680574,Fastball,1202,0.23572744014732966,0.3888888888888889,0.3324979076923077
680574,Offspeed,202,0.36363636363636365,0.2641509433962264,0.18647153846153847
680636,Fastball,40,0.38461538461538464,0.6666666666666666,0.0
680664,Breaking,162,0.2926829268292683,0.6774193548387096,0.3807091764705883
680664,Fastball,312,0.21818181818181817,0.5375,0.35801076543209875
680664,Offspeed,59,0.42105263157894735,0.7058823529411765,0.3884705882352941
680700,Breaking,441,0.26066350710900477,0.2696629213483146,0.23472804395604394
680700,Fastball,846,0.12860892388451445,0.4077669902912621,0.3288218016528926
680700,Offspeed,252,0.3333333333333333,0.39215686274509803,0.3271841509433962
680716,Fastball,46,0.3125,0.4,0.31783799999999995
680718,Breaking,42,0.38461538461538464,0.16666666666666666,0.37889666666666666
680718,Fastball,119,0.203125,0.35714285714285715,0.20905699999999997
680728,Breaking,233,0.34615384615384615,0.23529411764705882,0.21980526315789473
680728,Fastball,409,0.22966507177033493,0.3829787234042553,0.3151278431372549
680728,Offspeed,142,0.38461538461538464,0.22857142857142856,0.13376470588235295
680737,Breaking,42,0.23076923076923078,0.7272727272727273,0.09044444444444445
680737,Fastball,72,0.17073170731707318,0.17647058823529413,0.2247095
680757,Breaking,598,0.14485981308411214,0.34057971014492755,0.2786009863013698
680757,Fastball,1862,0.0554675118858954,0.36764705882352944,0.35775792039801
680757,Offspeed,274,0.11666666666666667,0.28378378378378377,0.2695262337662338
680776,Breaking,648,0.4133738601823708,0.2988505747126437,0.24918420454545454
680776,Fastball,1255,0.27344992050874406,0.4227941176470588,0.3565260468227425
680776,Offspeed,412,0.3853211009174312,0.3050847457627119,0.24072822950819675
680777,Breaking,510,0.2923076923076923,0.5050505050505051,0.31607535238095236
680777,Fastball,872,0.11413043478260869,0.4619289340101523,0.35804085185185186
680777,Offspeed,189,0.20512820512820512,0.2972972972972973,0.3089442857142857
680779,Breaking,322,0.30303030303030304,0.25,0.25715866666666665
680779,Fastball,688,0.21739130434782608,0.4074074074074074,0.31758887912087913
680779,Offspeed,156,0.3493975903614458,0.09375,0.18995235294117646
680869,Breaking,524,0.3023255813953488,0.424,0.2789286875
680869,Fastball,1000,0.26326530612244897,0.5022026431718062,0.3535082105263158
680869,Offspeed,186,0.3870967741935484,0.4772727272727273,0.300486612244898
680977,Breaking,178,0.27380952380952384,0.3023255813953488,0.2634389523809524
680977,Fastball,442,0.11956521739130435,0.5217391304347826,0.3383225376344086
680977,Offspeed,71,0.2571428571428571,0.42857142857142855,0.31042636363636367
681047,Breaking,103,0.30434782608695654,0.08695652173913043,0.1294176
681047,Fastball,175,0.24285714285714285,0.2727272727272727,0.406394303030303
681082,Breaking,663,0.20521172638436483,0.3870967741935484,0.28050761445783134
681082,Fastball,1543,0.17218543046357615,0.4440677966101695,0.3593668449848025
681082,Offspeed,377,0.20454545454545456,0.29411764705882354,0.30938730769230766
681198,Breaking,761,0.2768361581920904,0.4682080924855491,0.3014579891891892
681198,Fastball,1349,0.12612612612612611,0.4459016393442623,0.3490128774928775
681198,Offspeed,362,0.23076923076923078,0.42045454545454547,0.33250718181818184
681230,Fastball,57,0.17857142857142858,0.2727272727272727,0.10600000000000001
681297,Breaking,543,0.4340425531914894,0.4,0.24950456140350877
681297,Fastball,797,0.22662889518413598,0.4090909090909091,0.403369155080214
681297,Offspeed,411,0.391304347826087,0.2441860465116279,0.21490311111111107
681351,Breaking,363,0.3526570048309179,0.3707865168539326,0.24210645161290326
681351,Fastball,547,0.19767441860465115,0.2805755395683453,0.3055440275862069
681351,Offspeed,127,0.43548387096774194,0.18181818181818182,0.17395152941176473
681393,Breaking,474,0.4444444444444444,0.32653061224489793,0.24860547747747747
681393,Fastball,822,0.20758928571428573,0.4583333333333333,0.3441437581395349
681393,Offspeed,216,0.37037037037037035,0.21739130434782608,0.2772471372549019
681481,Breaking,371,0.37058823529411766,0.24,0.21620261333333332
681481,Fastball,546,0.23272727272727273,0.43410852713178294,0.34633972519083966
681481,Offspeed,191,0.3063063063063063,0.5106382978723404,0.2787938775510204
681508,Breaking,274,0.21428571428571427,0.28888888888888886,0.3126030204081633
681508,Fastball,443,0.11413043478260869,0.5714285714285714,0.4148280317460318
681508,Offspeed,170,0.29333333333333333,0.375,0.2362681632653061
681546,Breaking,207,0.44554455445544555,0.40384615384615385,0.19183126530612246
681546,Fastball,397,0.3058252427184466,0.43037974683544306,0.29345155
681546,Offspeed,164,0.6,0.11904761904761904,0.11472500000000001
681624,Breaking,651,0.27844311377245506,0.4968944099378882,0.3031037818181818
681624,Fastball,1496,0.18115942028985507,0.43769968051118213,0.36078628080229225
681624,Offspeed,253,0.27102803738317754,0.35294117647058826,0.3339083018867924
681715,Breaking,626,0.3759124087591241,0.4788732394366197,0.3460326233766234
681715,Fastball,1118,0.2656546489563567,0.4189723320158103,0.35970708127208484
681715,Offspeed,286,0.4782608695652174,0.3888888888888889,0.26815836065573767
681807,Breaking,296,0.3181818181818182,0.2978723404255319,0.2105406530612245
681807,Fastball,523,0.24180327868852458,0.4462809917355372,0.2964802480620155
681807,Offspeed,137,0.390625,0.24,0.25932827586206897
681987,Breaking,112,0.36,0.05,0.26985247058823525
681987,Fastball,174,0.22988505747126436,0.21212121212121213,0.322789125
682177,Breaking,365,0.358695652173913,0.29545454545454547,0.22682206896551724
682177,Fastball,605,0.2619047619047619,0.373134328358209,0.3389230344827586
682177,Offspeed,195,0.4019607843137255,0.2553191489361702,0.24124500000000001
682622,Breaking,295,0.3393939393939394,0.32432432432432434,0.2639445945945946
682622,Fastball,442,0.2191780821917808,0.26548672566371684,0.2156684615384616
682622,Offspeed,86,0.32,0.6956521739130435,0.2232105263157895
682626,Breaking,589,0.4092664092664093,0.4166666666666667,0.2940862158273381
682626,Fastball,985,0.3042505592841163,0.375,0.33155630357142857
682626,Offspeed,212,0.3584905660377358,0.48,0.3546157777777777
682634,Breaking,66,0.6818181818181818,0.4,0.09554750000000001
682634,Fastball,86,0.1951219512195122,0.3181818181818182,0.2969523076923077
682641,Fastball,83,0.22916666666666666,0.21739130434782608,0.1389523076923077
682657,Breaking,410,0.27314814814814814,0.6022727272727273,0.29220518181818184
682657,Fastball,818,0.15347721822541965,0.49760765550239233,0.3359367962962963
682657,Offspeed,311,0.24623115577889448,0.36538461538461536,0.23747524752475246
682663,Breaking,315,0.3310810810810811,0.423728813559322,0.28305081249999997
682663,Fastball,561,0.24548736462093862,0.35,0.2870379869281045
682663,Offspeed,173,0.43023255813953487,0.30303030303030304,0.2921254545454546
682668,Breaking,252,0.336283185840708,0.2923076923076923,0.19493749999999999
682668,Fastball,447,0.16228070175438597,0.31092436974789917,0.3363514827586207
682668,Offspeed,126,0.3972602739726027,0.16216216216216217,0.16024324324324324
682674,Breaking,176,0.4375,0.4222222222222222,0.29432634146341463
682674,Fastball,225,0.1968503937007874,0.45,0.28219620689655167
682674,Offspeed,75,0.38095238095238093,0.5333333333333333,0.3804557142857143
682729,Fastball,73,0.3076923076923077,0.3333333333333333,0.305676
682818,Breaking,182,0.3793103448275862,0.2608695652173913,0.2137608695652174
682818,Fastball,391,0.2019704433497537,0.4125,0.3801507865168539
682818,Offspeed,133,0.2537313432835821,0.5454545454545454,0.2647502222222222
682829,Breaking,843,0.3712374581939799,0.37714285714285717,0.2714871956521739
682829,Fastball,1306,0.19294990723562153,0.578397212543554,0.4303726018808777
682829,Offspeed,543,0.37142857142857144,0.5625,0.3850491525423729
682848,Breaking,171,0.2894736842105263,0.34210526315789475,0.27296476190476193
682848,Fastball,344,0.2077922077922078,0.5945945945945946,0.39692733333333335
682848,Offspeed,102,0.3673469387755102,0.25,0.2391446153846154
682877,Breaking,134,0.36065573770491804,0.2857142857142857,0.2949836129032258
682877,Fastball,246,0.18840579710144928,0.5370370370370371,0.35014280701754386
682877,Offspeed,92,0.3829787234042553,0.16,0.16653826086956522
682927,Breaking,63,0.21951219512195122,0.23529411764705882,0.23094117647058823
682927,Fastball,152,0.15476190476190477,0.3235294117647059,0.30388210526315784
682927,Offspeed,44,0.21052631578947367,0.7777777777777778,0.44166666666666665
682928,Breaking,937,0.36610878661087864,0.4646017699115044,0.29954144855967074
682928,Fastball,1273,0.22677165354330708,0.5168539325842697,0.36272086956521743
682928,Offspeed,363,0.33658536585365856,0.5102040816326531,0.31565596039603966
682985,Breaking,635,0.3553113553113553,0.512,0.39863642105263153
682985,Fastball,1359,0.2130637636080871,0.5467128027681661,0.40815814153846164
682985,Offspeed,531,0.43873517786561267,0.2956521739130435,0.2447184
682987,Breaking,340,0.4385026737967914,0.3625,0.27885764705882354
682987,Fastball,687,0.3240223463687151,0.5037037037037037,0.38006455263157896
682987,Offspeed,213,0.49122807017543857,0.3958333333333333,0.245495
682988,Breaking,60,0.1875,0.5454545454545454,0.3908753846153846
682988,Fastball,95,0.2619047619047619,0.3157894736842105,0.3023257391304348
682997,Breaking,134,0.3114754098360656,0.32142857142857145,0.26508306666666664
682997,Fastball,248,0.31690140845070425,0.5283018867924528,0.2759681481481482
682997,Offspeed,82,0.5,0.21739130434782608,0.1745909090909091
682998,Breaking,698,0.2626582278481013,0.43859649122807015,0.3330500756756757
682998,Fastball,1572,0.29098966026587886,0.5033112582781457,0.3505414670487106
682998,Offspeed,402,0.2511013215859031,0.3949579831932773,0.3292384
683002,Breaking,821,0.3012658227848101,0.42424242424242425,0.27555903773584906
683002,Fastball,1508,0.1875,0.3961661341853035,0.34933958309859153
683002,Offspeed,509,0.24899598393574296,0.4146341463414634,0.32382268702290073
683011,Breaking,300,0.27702702702702703,0.29411764705882354,0.2484168888888889
683011,Fastball,573,0.22134387351778656,0.36363636363636365,0.33204600000000006
683011,Offspeed,100,0.34782608695652173,0.34782608695652173,0.2112173913043478
683021,Breaking,49,0.23529411764705882,0.3333333333333333,0.24203799999999998
683021,Fastball,101,0.043478260869565216,0.6470588235294118,0.35656769230769225
683083,Breaking,462,0.24083769633507854,0.21782178217821782,0.24336616822429907
683083,Fastball,1285,0.19769357495881384,0.23715415019762845,0.2909527285714286
683083,Offspeed,294,0.2692307692307692,0.2696629213483146,0.22148159090909092
683090,Fastball,40,0.42105263157894735,0.0,0.19076857142857143
683146,Breaking,559,0.3686274509803922,0.28205128205128205,0.27376612698412706
683146,Fastball,1049,0.22574626865671643,0.4406779661016949,0.3541041081081081
683146,Offspeed,351,0.39880952380952384,0.3116883116883117,0.2961131707317073
683227,Breaking,88,0.20588235294117646,0.5294117647058824,0.301404380952381
683227,Fastball,278,0.16101694915254236,0.22807017543859648,0.19573762711864406
683357,Breaking,440,0.44607843137254904,0.22772277227722773,0.2122209818181818
683357,Fastball,709,0.25742574257425743,0.48175182481751827,0.35795468354430376
683357,Offspeed,254,0.4485294117647059,0.5517241379310345,0.32200852459016394
683679,Breaking,68,0.2727272727272727,0.3333333333333333,0.20804222222222224
683679,Fastball,131,0.19736842105263158,0.5142857142857142,0.36271187878787875
683734,Breaking,480,0.29375,0.2222222222222222,0.2359448888888889
683734,Fastball,750,0.11501597444089456,0.5730994152046783,0.3767405894736842
683734,Offspeed,191,0.3,0.38636363636363635,0.32197608695652175
683737,Breaking,924,0.36857142857142855,0.43037974683544306,0.3085950918918919
683737,Fastball,1464,0.1426470588235294,0.4319526627218935,0.37254429591836735
683737,Offspeed,462,0.4413145539906103,0.21100917431192662,0.2234492307692308
683748,Breaking,244,0.26515151515151514,0.421875,0.27147782352941174
683748,Fastball,559,0.25165562913907286,0.515625,0.34742684563758386
683748,Offspeed,112,0.2647058823529412,0.6052631578947368,0.38560526315789473
683766,Breaking,231,0.38738738738738737,0.31666666666666665,0.23338842105263155
683766,Fastball,485,0.23465703971119134,0.3383458646616541,0.25348472727272725
683766,Offspeed,81,0.4489795918367347,0.25,0.14711111111111108
683953,Breaking,632,0.32599118942731276,0.3700787401574803,0.22477740145985403
683953,Fastball,1155,0.17412935323383086,0.47368421052631576,0.3428352287581699
683953,Offspeed,323,0.36363636363636365,0.3770491803278688,0.26681014925373137
685133,Breaking,325,0.2698412698412698,0.2878787878787879,0.2873411830985915
685133,Fastball,655,0.12162162162162163,0.4067796610169492,0.34169946798029555
685133,Offspeed,239,0.3652173913043478,0.43103448275862066,0.2558793103448276
686217,Breaking,374,0.1419753086419753,0.40229885057471265,0.25302022988505746
686217,Fastball,984,0.09134615384615384,0.31140350877192985,0.2886219109311741
686217,Offspeed,145,0.06153846153846154,0.23684210526315788,0.28457588888888885
686452,Breaking,165,0.3815789473684211,0.11904761904761904,0.2088550243902439
686452,Fastball,366,0.13725490196078433,0.2972972972972973,0.3076868292682927
686452,Offspeed,97,0.3333333333333333,0.34782608695652173,0.21678260869565216
686469,Breaking,594,0.21686746987951808,0.2972972972972973,0.306095305785124
686469,Fastball,1048,0.09197651663405088,0.42248062015503873,0.3438987361111111
686469,Offspeed,276,0.25757575757575757,0.5344827586206896,0.337660625
686475,Breaking,156,0.38636363636363635,0.5,0.2576863414634146
686475,Fastball,309,0.18309859154929578,0.3472222222222222,0.3135527894736842
686475,Offspeed,82,0.5454545454545454,0.35,0.26103454545454546
686527,Breaking,650,0.36082474226804123,0.47794117647058826,0.2872227692307692
686527,Fastball,960,0.17880794701986755,0.5523012552301255,0.4193122716981132
686527,Offspeed,412,0.3116279069767442,0.3944954128440367,0.31471768965517244
686555,Breaking,432,0.3,0.34177215189873417,0.262208
686555,Fastball,1306,0.15173674588665448,0.33574007220216606,0.32205398787878786
686555,Offspeed,347,0.3900709219858156,0.23076923076923078,0.21144140425531915
686611,Breaking,498,0.4675324675324675,0.35294117647058826,0.29452430188679246
686611,Fastball,953,0.19653179190751446,0.39920948616600793,0.3425409892473118
686611,Offspeed,196,0.47115384615384615,0.23529411764705882,0.21947657142857144
686668,Breaking,270,0.3888888888888889,0.2916666666666667,0.18156158730158728
686668,Fastball,458,0.21161825726141079,0.37168141592920356,0.29105225225225223
686668,Offspeed,115,0.45714285714285713,0.425,0.20734307692307688
686681,Breaking,421,0.2946859903381642,0.5568181818181818,0.32455872340425534
686681,Fastball,963,0.14453125,0.42857142857142855,0.3130090774907749
686681,Offspeed,257,0.22641509433962265,0.2891566265060241,0.2661904761904762
686765,Breaking,307,0.24545454545454545,0.26229508196721313,0.24785230303030303
686765,Fastball,594,0.15384615384615385,0.4573643410852713,0.3370180263157894
686765,Offspeed,230,0.28125,0.3333333333333333,0.3000352
686780,Breaking,269,0.31386861313868614,0.3,0.21907062686567166
686780,Fastball,489,0.19327731092436976,0.34782608695652173,0.3293642352941176
686780,Offspeed,134,0.5151515151515151,0.2,0.16076909090909092
686797,Breaking,747,0.26370757180156656,0.437125748502994,0.24803539884393067
686797,Fastball,1135,0.14677419354838708,0.5068493150684932,0.32106726451612905
686797,Offspeed,580,0.2532467532467532,0.27972027972027974,0.2159486524822695
686823,Fastball,66,0.05,0.0,0.205
686894,Breaking,130,0.38181818181818183,0.10714285714285714,0.16458080000000003
686894,Fastball,219,0.24175824175824176,0.7619047619047619,0.34057639024390246
686894,Offspeed,55,0.32,0.8666666666666667,0.4827349999999999
686948,Breaking,720,0.3447368421052632,0.4134078212290503,0.3038206666666667
686948,Fastball,1372,0.1861152141802068,0.5275862068965518,0.41874008722741435
686948,Offspeed,360,0.2512820512820513,0.4,0.34241438461538465
687093,Breaking,559,0.29553264604810997,0.4,0.25452412195121954
687093,Fastball,1011,0.16452991452991453,0.43349753694581283,0.3576815294117647
687093,Offspeed,221,0.2711864406779661,0.21666666666666667,0.2756745230769231
687221,Breaking,270,0.3643410852713178,0.671875,0.3732265507246377
687221,Fastball,572,0.29213483146067415,0.43333333333333335,0.34370581538461537
687221,Offspeed,191,0.3711340206185567,0.3191489361702128,0.27943983333333333
687231,Breaking,198,0.32222222222222224,0.35135135135135137,0.2750783783783784
687231,Fastball,375,0.1925133689839572,0.2962962962962963,0.2723766896551724
687231,Offspeed,89,0.3333333333333333,0.2,0.2182825806451613
687263,Breaking,1062,0.4497153700189753,0.3495575221238938,0.23630665020576133
687263,Fastball,1338,0.2088235294117647,0.5610561056105611,0.3943468070175439
687263,Offspeed,454,0.4366812227074236,0.23469387755102042,0.2512185945945946
687282,Breaking,106,0.4098360655737705,0.2857142857142857,0.16222727272727272
687282,Fastball,180,0.2079207920792079,0.2619047619047619,0.22560145454545452
687282,Offspeed,58,0.3888888888888889,0.3333333333333333,0.20705
687363,Breaking,219,0.3,0.24561403508771928,0.24687915789473683
687363,Fastball,438,0.1932367149758454,0.2653061224489796,0.2878944
687363,Offspeed,98,0.40540540540540543,0.21739130434782608,0.21898800000000002
687401,Breaking,520,0.2727272727272727,0.42276422764227645,0.23208311475409837
687401,Fastball,981,0.14912280701754385,0.4125560538116592,0.34319359999999993
687401,Offspeed,166,0.31645569620253167,0.23684210526315788,0.18753405405405407
687462,Breaking,534,0.21100917431192662,0.3247863247863248,0.2761374193548387
687462,Fastball,1070,0.1346578366445916,0.3722943722943723,0.3265454962962963
687462,Offspeed,254,0.19791666666666666,0.3877551020408163,0.30691960784313727
687515,Breaking,135,0.37037037037037035,0.41304347826086957,0.2551018604651163
687515,Fastball,248,0.30405405405405406,0.42857142857142855,0.272402693877551
687515,Offspeed,98,0.36065573770491804,0.11538461538461539,0.19339851851851855
687529,Breaking,126,0.5,0.20689655172413793,0.22204758620689655
687529,Fastball,227,0.21505376344086022,0.3953488372093023,0.3606749019607844
687529,Offspeed,50,0.4666666666666667,0.0,0.085
687551,Breaking,428,0.25842696629213485,0.4157303370786517,0.31099255913978496
687551,Fastball,911,0.1774193548387097,0.40487804878048783,0.35364077922077924
687551,Offspeed,270,0.3008130081300813,0.3559322033898305,0.2964753333333333
687597,Breaking,284,0.38095238095238093,0.3181818181818182,0.26376645161290324
687597,Fastball,379,0.2074468085106383,0.3372093023255814,0.25389951807228917
687597,Offspeed,110,0.45714285714285713,0.23333333333333334,0.18438444444444443
687605,Breaking,40,0.5833333333333334,0.25,0.2524732
687605,Fastball,52,0.19230769230769232,0.7142857142857143,0.348125
687637,Breaking,424,0.31543624161073824,0.3333333333333333,0.23552712500000003
687637,Fastball,836,0.20466321243523317,0.3783783783783784,0.32367533980582525
687637,Offspeed,258,0.3431372549019608,0.39622641509433965,0.2917913793103448
687749,Breaking,106,0.5161290322580645,0.28125,0.2516328275862069
687749,Fastball,226,0.22018348623853212,0.3090909090909091,0.26467576923076924
687749,Offspeed,59,0.5142857142857142,0.3157894736842105,0.15259999999999999
687859,Breaking,476,0.2733812949640288,0.47761194029850745,0.28451841134751776
687859,Fastball,940,0.23234624145785876,0.3945945945945946,0.35710921904761905
687859,Offspeed,257,0.25477707006369427,0.38636363636363635,0.28958441379310346
687952,Breaking,214,0.35294117647058826,0.391304347826087,0.26000336
687952,Fastball,484,0.23722627737226276,0.56,0.3493076296296296
687952,Offspeed,94,0.35384615384615387,0.6538461538461539,0.45895471428571427
687957,Breaking,162,0.3333333333333333,0.28125,0.25966
687957,Fastball,265,0.0873015873015873,0.35294117647058826,0.3408907179487179
687957,Offspeed,93,0.2727272727272727,0.6333333333333333,0.3040967741935484
688363,Breaking,162,0.28205128205128205,0.3157894736842105,0.15886411764705882
688363,Fastball,357,0.17575757575757575,0.4,0.2901265747126437
688363,Offspeed,132,0.2698412698412698,0.2962962962962963,0.2005925925925926
689172,Fastball,46,0.23809523809523808,0.8,0.0
689414,Breaking,602,0.1921182266009852,0.4336283185840708,0.3019809375
689414,Fastball,1122,0.05138339920948617,0.4146341463414634,0.33589781931464174
689414,Offspeed,354,0.22012578616352202,0.4318181818181818,0.29266165217391304
690022,Fastball,83,0.26666666666666666,0.6842105263157895,0.1747975
690291,Fastball,55,0.08695652173913043,0.2727272727272727,0.5047200000000001
690924,Breaking,122,0.4482758620689655,0.09375,0.08975
690924,Fastball,213,0.2608695652173913,0.5,0.29951820408163266
690976,Breaking,334,0.4051724137931034,0.25757575757575757,0.2816544109589041
690976,Fastball,632,0.19133574007220217,0.4122137404580153,0.32831217391304346
690976,Offspeed,222,0.39759036144578314,0.1836734693877551,0.24952188679245282
690984,Breaking,183,0.27102803738317754,0.23404255319148937,0.2237088163265306
690984,Fastball,395,0.2894736842105263,0.37755102040816324,0.32216563809523807
690984,Offspeed,84,0.1320754716981132,0.28125,0.3068666666666667
690993,Breaking,388,0.3381294964028777,0.47058823529411764,0.3758270804597701
690993,Fastball,913,0.13493975903614458,0.39351851851851855,0.35641750649350645
690993,Offspeed,385,0.3567567567567568,0.37755102040816324,0.24300138613861383
691002,Breaking,69,0.2647058823529412,0.5,0.36566666666666664
691002,Fastball,91,0.3958333333333333,0.6190476190476191,0.26804761904761903
691011,Breaking,222,0.3434343434343434,0.2727272727272727,0.2376456923076923
691011,Fastball,332,0.20652173913043478,0.3977272727272727,0.32334989690721644
691011,Offspeed,193,0.4411764705882353,0.12,0.17271423076923076
691016,Breaking,531,0.36231884057971014,0.5360824742268041,0.2994928
691016,Fastball,941,0.14680851063829786,0.49411764705882355,0.36104689752650176
691016,Offspeed,307,0.3161764705882353,0.2777777777777778,0.21492
691019,Breaking,206,0.42028985507246375,0.175,0.22846139130434787
691019,Fastball,334,0.3160919540229885,0.5072463768115942,0.3854664
691019,Offspeed,72,0.42857142857142855,0.1,0.22014666666666668
691023,Breaking,904,0.3788187372708758,0.4034334763948498,0.2898333891213389
691023,Fastball,1259,0.24646781789638933,0.490625,0.3654349799426934
691023,Offspeed,274,0.4722222222222222,0.582089552238806,0.38362216216216216
691026,Breaking,693,0.3007246376811594,0.32298136645962733,0.25915770454545456
691026,Fastball,1305,0.18691588785046728,0.3082706766917293,0.3242925016949153
691026,Offspeed,214,0.3473684210526316,0.30357142857142855,0.2693267796610169
691176,Breaking,180,0.24719101123595505,0.5675675675675675,0.29501978378378374
691176,Fastball,486,0.17721518987341772,0.3,0.30104147692307687
691176,Offspeed,209,0.3728813559322034,0.4642857142857143,0.2545543396226415
691181,Breaking,54,0.3684210526315789,0.375,0.250625
691181,Fastball,81,0.16666666666666666,0.6190476190476191,0.5130058333333333
691181,Offspeed,43,0.5769230769230769,0.125,0.16625
691182,Breaking,90,0.15,0.42857142857142855,0.1815970434782609
691182,Fastball,209,0.13761467889908258,0.574468085106383,0.33164000000000005
691182,Offspeed,53,0.2,0.23076923076923078,0.1914557142857143
691277,Breaking,44,0.3333333333333333,0.2727272727272727,0.1740909090909091
691277,Fastball,79,0.14705882352941177,0.16666666666666666,0.2473343157894737
691373,Breaking,82,0.4897959183673469,0.05,0.12111111111111111
691373,Fastball,114,0.29577464788732394,0.28125,0.3185618571428571
691406,Breaking,948,0.30504587155963303,0.4700854700854701,0.3107888925619835
691406,Fastball,1366,0.16946308724832215,0.5913621262458472,0.402319325443787
691406,Offspeed,417,0.3386243386243386,0.3953488372093023,0.36205943434343435
691458,Breaking,245,0.2689075630252101,0.38461538461538464,0.3579195
691458,Fastball,392,0.16203703703703703,0.3465346534653465,0.2821747407407407
691458,Offspeed,85,0.25,0.47058823529411764,0.36205882352941177
691594,Breaking,521,0.16981132075471697,0.4225352112676056,0.2317595862068966
691594,Fastball,958,0.08731808731808732,0.5,0.3331347368421053
691594,Offspeed,189,0.140625,0.38571428571428573,0.27002202898550726
691718,Breaking,876,0.30982905982905984,0.5228426395939086,0.3541547102803738
691718,Fastball,1566,0.2313937753721245,0.567398119122257,0.36721220266666665
691718,Offspeed,480,0.27099236641221375,0.6206896551724138,0.4251431746031746
691720,Breaking,688,0.42528735632183906,0.22580645161290322,0.2613748251748252
691720,Fastball,1042,0.12550607287449392,0.5381526104417671,0.37359812363636363
691720,Offspeed,215,0.3584905660377358,0.2857142857142857,0.33192122448979594
691723,Breaking,768,0.38461538461538464,0.4235294117647059,0.2582187514450867
691723,Fastball,938,0.19298245614035087,0.494949494949495,0.40407623214285715
691723,Offspeed,236,0.43636363636363634,0.43636363636363634,0.30737754385964916
691728,Breaking,63,0.3170731707317073,0.6875,0.362
691728,Fastball,194,0.4117647058823529,0.3023255813953488,0.23051591836734697
691728,Offspeed,45,0.52,0.6,0.30803454545454545
691740,Breaking,198,0.33962264150943394,0.375,0.2513215319148936
691740,Fastball,329,0.13513513513513514,0.3614457831325301,0.3149661123595506
691740,Offspeed,98,0.3559322033898305,0.5416666666666666,0.31617391304347825
691777,Breaking,388,0.398989898989899,0.25263157894736843,0.21448684536082474
691777,Fastball,640,0.24115755627009647,0.5869565217391305,0.34934075675675674
691777,Offspeed,144,0.45454545454545453,0.13157894736842105,0.23496748717948718
691781,Breaking,440,0.33014354066985646,0.46551724137931033,0.316417
691781,Fastball,736,0.2572944297082228,0.38857142857142857,0.3475743068783068
691781,Offspeed,144,0.4,0.25,0.3087278
691783,Breaking,184,0.30985915492957744,0.2222222222222222,0.20585915151515152
691783,Fastball,329,0.25308641975308643,0.5357142857142857,0.32866195348837207
691783,Offspeed,80,0.3157894736842105,0.6923076923076923,0.4635947692307693
691785,Breaking,282,0.36220472440944884,0.2857142857142857,0.22854222857142859
691785,Fastball,448,0.15510204081632653,0.3644067796610169,0.2914605309734513
691785,Offspeed,251,0.4017094017094017,0.1346153846153846,0.2213375
691788,Breaking,408,0.32085561497326204,0.3118279569892473,0.2519861782178218
691788,Fastball,611,0.14754098360655737,0.5099337748344371,0.3374481212121212
691788,Offspeed,262,0.41935483870967744,0.2711864406779661,0.23613966666666666
691858,Fastball,76,0.25,0.2222222222222222,0.16116899999999998
691907,Breaking,48,0.375,0.3333333333333333,0.236
691907,Fastball,112,0.375,0.24,0.33259
692216,Breaking,45,0.5,0.3,0.1037975
692216,Fastball,114,0.21212121212121213,0.4583333333333333,0.36098213333333334
693304,Breaking,643,0.2834890965732087,0.42168674698795183,0.3234963976608187
693304,Fastball,1347,0.18169398907103826,0.3761194029850746,0.33825868131868125
693304,Offspeed,262,0.3381294964028777,0.31666666666666665,0.268498
693307,Breaking,688,0.3161290322580645,0.4968944099378882,0.29141668292682926
693307,Fastball,1414,0.14053254437869822,0.49382716049382713,0.3902574700854701
693307,Offspeed,312,0.34806629834254144,0.2926829268292683,0.25433130232558143
693409,Fastball,66,0.09375,0.045454545454545456,0.27297181818181815
693459,Fastball,59,0.36363636363636365,0.08333333333333333,0.18487599999999998
694025,Breaking,50,0.3448275862068966,0.3125,0.14246666666666666
694025,Fastball,64,0.13157894736842105,0.4782608695652174,0.31252941176470594
694192,Breaking,725,0.3113207547169811,0.3860759493670886,0.2843915527950311
694192,Fastball,1253,0.22833333333333333,0.5205479452054794,0.37595299378881986
694192,Offspeed,242,0.2391304347826087,0.5131578947368421,0.3071152631578947
694197,Breaking,139,0.39285714285714285,0.37037037037037035,0.22726758620689652
694197,Fastball,283,0.1678832116788321,0.2857142857142857,0.322865023255814
694197,Offspeed,89,0.24242424242424243,0.21052631578947367,0.226769
694203,Breaking,350,0.2918918918918919,0.2727272727272727,0.24656484210526314
694203,Fastball,638,0.2073170731707317,0.3841059602649007,0.29583707006369425
694203,Offspeed,133,0.4235294117647059,0.2926829268292683,0.17836586046511632
694208,Breaking,418,0.33649289099526064,0.3163265306122449,0.26947425742574255
694208,Fastball,722,0.2579787234042553,0.41358024691358025,0.299767816091954
694208,Offspeed,264,0.25806451612903225,0.3235294117647059,0.3002798873239437
694212,Breaking,533,0.3935018050541516,0.3277310924369748,0.2761036615384616
694212,Fastball,736,0.24736842105263157,0.43820224719101125,0.34285100529100526
694212,Offspeed,255,0.29285714285714287,0.5454545454545454,0.3294751578947368
694249,Breaking,418,0.37640449438202245,0.4805194805194805,0.2709254117647059
694249,Fastball,753,0.17567567567567569,0.47540983606557374,0.32465540000000004
694249,Offspeed,282,0.31125827814569534,0.4657534246575342,0.3332064935064935
694362,Breaking,178,0.37209302325581395,0.3541666666666667,0.22977816666666664
694362,Fastball,325,0.14666666666666667,0.3875,0.3302591904761905
694362,Offspeed,52,0.34782608695652173,0.4666666666666667,0.18233625
694371,Breaking,218,0.37894736842105264,0.0975609756097561,0.22292266666666669
694371,Fastball,292,0.13333333333333333,0.47297297297297297,0.3571834146341463
694371,Offspeed,64,0.4642857142857143,0.46153846153846156,0.2529557142857143
694374,Breaking,497,0.37272727272727274,0.3333333333333333,0.25276282828282826
694374,Fastball,793,0.1970074812967581,0.375,0.344318391959799
694374,Offspeed,165,0.4157303370786517,0.6,0.3400595
694376,Breaking,166,0.3048780487804878,0.275,0.27543942857142856
694376,Fastball,262,0.2204724409448819,0.4090909090909091,0.30111156250000004
694376,Offspeed,56,0.5172413793103449,0.21052631578947367,0.06633333333333333
694377,Breaking,154,0.2830188679245283,0.2222222222222222,0.21857377777777778
694377,Fastball,294,0.18452380952380953,0.3283582089552239,0.3401943384615384
694377,Offspeed,98,0.30612244897959184,0.21428571428571427,0.22774999999999998
694378,Breaking,216,0.21238938053097345,0.48,0.32670692307692306
694378,Fastball,488,0.19852941176470587,0.33980582524271846,0.3282056842105263
694378,Offspeed,165,0.22772277227722773,0.3148148148148148,0.24702555555555558
694384,Breaking,485,0.2651162790697674,0.42990654205607476,0.3190742564102564
694384,Fastball,973,0.08413461538461539,0.3739130434782609,0.3595748015564202
694384,Offspeed,296,0.2537313432835821,0.3125,0.2691642253521127
694388,Breaking,184,0.3707865168539326,0.2857142857142857,0.2367134736842105
694388,Fastball,268,0.25925925925925924,0.36065573770491804,0.3240534375
694388,Offspeed,89,0.3684210526315789,0.2777777777777778,0.31335999999999997
694410,Breaking,83,0.2222222222222222,0.25,0.4061414545454545
694410,Fastball,126,0.10909090909090909,0.4482758620689655,0.20572896551724135
694497,Breaking,495,0.4021164021164021,0.2653061224489796,0.24031544444444444
694497,Fastball,1002,0.20823798627002288,0.35,0.3162238387096774
694497,Offspeed,388,0.39622641509433965,0.2375,0.22085103448275858
694514,Breaking,79,0.4358974358974359,0.17647058823529413,0.23900419999999997
694514,Fastball,177,0.20652173913043478,0.43478260869565216,0.32398984
694514,Offspeed,54,0.4782608695652174,0.4,0.25472999999999996
694671,Breaking,565,0.27099236641221375,0.5181818181818182,0.3394470322580645
694671,Fastball,1130,0.2,0.39147286821705424,0.3240931567944251
694671,Offspeed,247,0.40336134453781514,0.41509433962264153,0.24935927272727273
694673,Breaking,163,0.2727272727272727,0.3783783783783784,0.24874684210526316
694673,Fastball,310,0.17391304347826086,0.3384615384615385,0.2956988235294118
694673,Offspeed,125,0.3230769230769231,0.32142857142857145,0.24073724137931032
694728,Breaking,320,0.39344262295081966,0.2459016393442623,0.17978896551724136
694728,Fastball,586,0.3192982456140351,0.46875,0.3413157352941177
694728,Offspeed,118,0.4827586206896552,0.08823529411764706,0.08883942857142858
694876,Fastball,53,0.14285714285714285,0.1,0.24054923076923077
695020,Fastball,78,0.30303030303030304,0.3125,0.3722073333333333
695238,Breaking,43,0.14285714285714285,0.125,0.25007599999999996
695238,Fastball,95,0.08108108108108109,0.3888888888888889,0.38838639999999996
695257,Breaking,81,0.35294117647058826,0.25925925925925924,0.1457676
695257,Fastball,133,0.3684210526315789,0.21875,0.1868152
695336,Breaking,213,0.3389830508474576,0.35714285714285715,0.2878445614035087
695336,Fastball,474,0.24675324675324675,0.3723404255319149,0.31480702912621356
695336,Offspeed,52,0.2962962962962963,0.4117647058823529,0.37195571428571433
695391,Breaking,58,0.2962962962962963,0.2727272727272727,0.31156239999999996
695391,Fastball,98,0.2608695652173913,0.16666666666666666,0.22287538461538461
695490,Breaking,182,0.40404040404040403,0.2222222222222222,0.211624
695490,Fastball,282,0.15432098765432098,0.2463768115942029,0.3367061081081081
695490,Offspeed,119,0.35064935064935066,0.3142857142857143,0.2799817647058823
695491,Breaking,143,0.38028169014084506,0.6,0.37073066666666665
695491,Fastball,188,0.3177570093457944,0.46296296296296297,0.29231294915254236
695491,Offspeed,51,0.40625,0.5,0.20074999999999998
695506,Breaking,673,0.36065573770491804,0.5363128491620112,0.3604995721925134
695506,Fastball,948,0.23745173745173745,0.4583333333333333,0.3646393076923077
695506,Offspeed,353,0.31746031746031744,0.4782608695652174,0.32042498969072164
695508,Breaking,67,0.43333333333333335,0.1875,0.25816070588235296
695508,Fastball,154,0.3142857142857143,0.41935483870967744,0.18395647058823528
695578,Breaking,942,0.4273255813953488,0.44148936170212766,0.3509428792270531
695578,Fastball,1311,0.18962075848303392,0.5808823529411765,0.45579677419354836
695578,Offspeed,447,0.3872832369942196,0.33783783783783783,0.34854738461538465
695600,Breaking,753,0.3194444444444444,0.40425531914893614,0.29592382352941177
695600,Fastball,1410,0.297029702970297,0.4907749077490775,0.32619288745980707
695600,Offspeed,368,0.2484472049689441,0.46835443037974683,0.34323858823529413
695657,Breaking,791,0.4607329842931937,0.27741935483870966,0.24992305325443787
695657,Fastball,1416,0.31989247311827956,0.4331395348837209,0.3144254623655914
695657,Offspeed,320,0.4166666666666667,0.46987951807228917,0.30368209302325583
695670,Breaking,159,0.3103448275862069,0.45161290322580644,0.2817688235294118
695670,Fastball,303,0.20300751879699247,0.32142857142857145,0.32394547058823525
695670,Offspeed,61,0.3548387096774194,0.16666666666666666,0.10166666666666668
695681,Breaking,168,0.4268292682926829,0.23255813953488372,0.16523255813953489
695681,Fastball,361,0.24607329842931938,0.36,0.3169930120481928
695681,Offspeed,55,0.56,0.0,0.13554575
695720,Breaking,223,0.3275862068965517,0.20689655172413793,0.2604561403508772
695720,Fastball,429,0.16883116883116883,0.3611111111111111,0.33817339449541284
695720,Offspeed,81,0.3,0.42857142857142855,0.18523076923076925
695731,Breaking,376,0.33532934131736525,0.2857142857142857,0.3136752183908046
695731,Fastball,684,0.2596685082872928,0.4645161290322581,0.374932306010929
695731,Offspeed,330,0.3588235294117647,0.21176470588235294,0.2339902272727273
695734,Breaking,726,0.2617801047120419,0.4690721649484536,0.3087759191919192
695734,Fastball,1297,0.20952380952380953,0.4452296819787986,0.35480388349514563
695734,Offspeed,417,0.2757201646090535,0.35714285714285715,0.2842240287769784
696030,Breaking,202,0.2524271844660194,0.2727272727272727,0.32248167272727274
696030,Fastball,535,0.15,0.308411214953271,0.3332778305084746
696030,Offspeed,130,0.1375,0.37037037037037035,0.21938385454545456
696100,Breaking,782,0.4261904761904762,0.535,0.2771648780487805
696100,Fastball,1147,0.26198083067092653,0.6090225563909775,0.3781966077738516
696100,Offspeed,292,0.39156626506024095,0.3142857142857143,0.24010894736842106
696135,Breaking,107,0.29508196721311475,0.3333333333333333,0.25615642857142856
696135,Fastball,180,0.32323232323232326,0.3888888888888889,0.269585
696135,Offspeed,52,0.6521739130434783,0.0,0.018
696285,Breaking,544,0.288135593220339,0.3,0.2697330074074074
696285,Fastball,1038,0.1489841986455982,0.4262948207171315,0.34395537906137186
696285,Offspeed,199,0.3069306930693069,0.391304347826087,0.2785856666666667
699013,Breaking,360,0.4094488188976378,0.5076923076923077,0.3466582716049383
699013,Fastball,720,0.3685897435897436,0.6296296296296297,0.3669856100628931
699013,Offspeed,185,0.5180722891566265,0.1,0.18098434782608694
699024,Breaking,132,0.40625,0.36363636363636365,0.3271469565217391
699024,Fastball,195,0.14285714285714285,0.5172413793103449,0.340051475409836
699024,Offspeed,45,0.2857142857142857,0.25,0.30464461538461535
699115,Breaking,52,0.4827586206896552,0.18181818181818182,0.24703166666666668
699115,Fastball,108,0.2833333333333333,0.375,0.2949626086956522
699302,Breaking,166,0.31521739130434784,0.35555555555555557,0.19268355555555558
699302,Fastball,278,0.22297297297297297,0.47761194029850745,0.28319266666666665
699302,Offspeed,103,0.34375,0.36666666666666664,0.27546387096774194
699393,Breaking,273,0.2578125,0.3442622950819672,0.2620725333333333
699393,Fastball,520,0.15555555555555556,0.44,0.3101686764705882
699393,Offspeed,209,0.2803738317757009,0.34545454545454546,0.23586034482758617
699625,Breaking,162,0.4393939393939394,0.5,0.2574325263157895
699625,Fastball,301,0.2360248447204969,0.2911392405063291,0.3213253953488372
699625,Offspeed,102,0.5370370370370371,0.23809523809523808,0.25519833333333336
699912,Breaking,283,0.2971014492753623,0.375,0.2699722222222223
699912,Fastball,451,0.1507537688442211,0.375,0.3257511452991453
699912,Offspeed,128,0.46551724137931033,0.14814814814814814,0.12396296296296296
700246,Breaking,64,0.4857142857142857,0.5,0.22963636363636367
700246,Fastball,93,0.1568627450980392,0.19047619047619047,0.262788
700250,Breaking,952,0.32186732186732187,0.4540540540540541,0.3407444093023256
700250,Fastball,1314,0.18134715025906736,0.6204620462046204,0.4222960705882353
700250,Offspeed,462,0.31840796019900497,0.40594059405940597,0.31254095238095236
700337,Breaking,172,0.27941176470588236,0.2857142857142857,0.263276375
700337,Fastball,579,0.22077922077922077,0.23846153846153847,0.289806
700337,Offspeed,147,0.16666666666666666,0.24444444444444444,0.2611081818181818
700932,Breaking,465,0.3769633507853403,0.37894736842105264,0.25998656310679613
700932,Fastball,841,0.2567237163814181,0.46285714285714286,0.3625406041666667
700932,Offspeed,230,0.3697478991596639,0.18032786885245902,0.20083413793103447
701162,Breaking,146,0.30303030303030304,0.4358974358974359,0.2575838095238095
701162,Fastball,295,0.17424242424242425,0.3333333333333333,0.37152646913580245
701162,Offspeed,92,0.55,0.7333333333333333,0.21262499999999998
701305,Breaking,102,0.425,0.08695652173913043,0.13039083333333332
701305,Fastball,205,0.3465346534653465,0.4666666666666667,0.3146133333333333
701350,Breaking,322,0.3902439024390244,0.2647058823529412,0.30012707692307694
701350,Fastball,519,0.17,0.5221238938053098,0.407834214876033
701350,Offspeed,161,0.44776119402985076,0.275,0.23154205128205127
701358,Breaking,826,0.40307692307692305,0.4264705882352941,0.3092396137931035
701358,Fastball,1256,0.20520231213872833,0.37623762376237624,0.3364597824773414
701358,Offspeed,296,0.4785714285714286,0.358974358974359,0.2376648780487805
701398,Breaking,1045,0.25,0.40540540540540543,0.29865722123893806
701398,Fastball,1482,0.2822164948453608,0.5161290322580645,0.373120064171123
701398,Offspeed,304,0.2896551724137931,0.4189189189189189,0.33628220512820517
701538,Breaking,684,0.3010204081632653,0.44,0.3227214143646409
701538,Fastball,1455,0.2687116564417178,0.45645645645645644,0.3722614899713467
701538,Offspeed,451,0.26877470355731226,0.3416666666666667,0.29997
701675,Breaking,461,0.2074688796680498,0.3722627737226277,0.25021095652173914
701675,Fastball,1054,0.18057921635434412,0.3480392156862745,0.30237078026905834
701675,Offspeed,315,0.24102564102564103,0.4019607843137255,0.28724247058823527
701678,Breaking,427,0.2722772277227723,0.38738738738738737,0.2693667796610169
701678,Fastball,806,0.25815217391304346,0.4602272727272727,0.33421680000000004
701678,Offspeed,138,0.3150684931506849,0.41025641025641024,0.2565595
701762,Breaking,513,0.40487804878048783,0.6122448979591837,0.3817095636363636
701762,Fastball,1047,0.32346723044397463,0.4623115577889447,0.3919949958158996
701762,Offspeed,344,0.4405594405594406,0.35294117647058826,0.305464
701785,Breaking,158,0.3424657534246575,0.23333333333333334,0.25671
701785,Fastball,228,0.17355371900826447,0.4827586206896552,0.3293315076923077
701785,Offspeed,88,0.3,0.4166666666666667,0.2658695652173913
701807,Breaking,776,0.2631578947368421,0.3333333333333333,0.2939817142857143
701807,Fastball,1559,0.16124469589816123,0.4818181818181818,0.3831763777777778
701807,Offspeed,372,0.31155778894472363,0.4,0.2728068518518519
701852,Breaking,178,0.391304347826087,0.1111111111111111,0.23352111111111112
701852,Fastball,383,0.24870466321243523,0.3953488372093023,0.32343320000000003
701852,Offspeed,78,0.34285714285714286,0.23529411764705882,0.3412505263157895
702176,Breaking,112,0.20512820512820512,0.5,0.32890470588235293
702176,Fastball,233,0.12727272727272726,0.35185185185185186,0.3865754385964913
702176,Offspeed,48,0.1724137931034483,0.3684210526315789,0.3128621052631579
702222,Breaking,394,0.19523809523809524,0.3697478991596639,0.26759749593495935
702222,Fastball,1126,0.17094017094017094,0.36666666666666664,0.292458736
702222,Offspeed,213,0.2076923076923077,0.2948717948717949,0.2843094871794872
702284,Breaking,661,0.2773722627737226,0.3904109589041096,0.29648628571428576
702284,Fastball,1459,0.16486486486486487,0.4011627906976744,0.3379364043715847
702284,Offspeed,361,0.20108695652173914,0.34951456310679613,0.2676906666666667
702332,Breaking,622,0.2076923076923077,0.38405797101449274,0.26077264788732396
702332,Fastball,1334,0.12241653418124006,0.38153846153846155,0.3125702136986302
702332,Offspeed,268,0.29927007299270075,0.2833333333333333,0.24424896774193547
702616,Breaking,359,0.33540372670807456,0.1951219512195122,0.24880478260869565
702616,Fastball,763,0.23076923076923078,0.39766081871345027,0.31653200000000004
702616,Offspeed,217,0.28448275862068967,0.3770491803278688,0.2734663492063492
703155,Breaking,83,0.4117647058823529,0.6,0.31048909090909094
703155,Fastball,134,0.44,0.4444444444444444,0.32037103448275867
703197,Fastball,69,0.21621621621621623,0.6923076923076923,0.4561
703492,Breaking,49,0.4,0.3076923076923077,0.25969230769230767
703492,Fastball,105,0.27906976744186046,0.23809523809523808,0.2989170769230769
703520,Breaking,171,0.17333333333333334,0.6052631578947368,0.30453846153846154
703520,Fastball,462,0.11290322580645161,0.3804347826086957,0.33357948623853206
703520,Offspeed,86,0.2608695652173913,0.3076923076923077,0.21244
703601,Breaking,178,0.3333333333333333,0.5952380952380952,0.3330768181818182
703601,Fastball,481,0.1085972850678733,0.44954128440366975,0.324415968
703601,Offspeed,82,0.22727272727272727,0.04,0.27043075862068966
703607,Breaking,501,0.44583333333333336,0.4107142857142857,0.3323755666666667
703607,Fastball,1059,0.2665441176470588,0.4,0.3229341258741259
703607,Offspeed,215,0.4117647058823529,0.40384615384615385,0.2688998545454545
800050,Breaking,646,0.20689655172413793,0.48936170212765956,0.3309847682119206
800050,Fastball,1194,0.12,0.549645390070922,0.3697941968253968
800050,Offspeed,371,0.1780821917808219,0.23809523809523808,0.2903941860465116
800325,Breaking,241,0.1958762886597938,0.2,0.2551233898305085
800325,Fastball,523,0.15948275862068967,0.34782608695652173,0.3061728135593221
800325,Offspeed,151,0.1864406779661017,0.2962962962962963,0.30351625
800543,Breaking,61,0.4375,0.5,0.36246999999999996
800543,Fastball,88,0.10256410256410256,0.47619047619047616,0.44596689655172417
801126,Breaking,73,0.4827586206896552,0.13636363636363635,0.2074890909090909
801126,Fastball,202,0.2826086956521739,0.4,0.28037945945945947
801126,Offspeed,69,0.4857142857142857,0.13333333333333333,0.14192307692307693
801501,Breaking,46,0.3076923076923077,0.08333333333333333,0.16379846153846156
801501,Fastball,86,0.06451612903225806,0.07142857142857142,0.28869555555555554
802139,Breaking,722,0.21374045801526717,0.3013698630136986,0.3102535
802139,Fastball,1432,0.19626168224299065,0.4123076923076923,0.3794423422459893
802139,Offspeed,335,0.22302158273381295,0.23684210526315788,0.2665214683544304
802415,Breaking,471,0.20855614973262032,0.4117647058823529,0.25152210526315794
802415,Fastball,1265,0.054878048780487805,0.36989795918367346,0.2675488669950739
802415,Offspeed,259,0.2248062015503876,0.22666666666666666,0.25966853333333334
803011,Breaking,542,0.1625615763546798,0.2909090909090909,0.29196
803011,Fastball,1341,0.1305785123966942,0.4682274247491639,0.3818629828571428
803011,Offspeed,316,0.1935483870967742,0.2602739726027397,0.26859610810810813
804606,Breaking,447,0.34763948497854075,0.29906542056074764,0.26706067289719626
804606,Fastball,732,0.24324324324324326,0.4817073170731707,0.35868813483146067
804606,Offspeed,180,0.3877551020408163,0.26666666666666666,0.2309631818181818
804668,Breaking,212,0.3253012048192771,0.7441860465116279,0.4207404081632653
804668,Fastball,369,0.2784090909090909,0.45348837209302323,0.35561415730337076
804668,Offspeed,84,0.425,0.35,0.20701999999999998
805249,Breaking,46,0.42105263157894735,0.1,0.2407142857142857
805249,Fastball,106,0.2857142857142857,0.48148148148148145,0.2611332307692308
805300,Breaking,589,0.29004329004329005,0.3360655737704918,0.2822755912408759
805300,Fastball,1518,0.09886547811993517,0.3333333333333333,0.32064
805300,Offspeed,296,0.3656716417910448,0.4852941176470588,0.33575978666666667
805346,Fastball,49,0.4090909090909091,0.3333333333333333,0.16036363636363637
805347,Breaking,115,0.28888888888888886,0.2608695652173913,0.13117391304347822
805347,Fastball,270,0.1271186440677966,0.296875,0.3333858028169014
805347,Offspeed,79,0.24390243902439024,0.32,0.21112000000000003
805367,Breaking,735,0.2413793103448276,0.375,0.22679049101796409
805367,Fastball,1688,0.15529753265602322,0.4430769230769231,0.3380717024793388
805367,Offspeed,313,0.2934131736526946,0.46464646464646464,0.2875135841584158
805672,Fastball,40,0.5714285714285714,0.3333333333333333,0.3974828571428572
805779,Breaking,337,0.1569767441860465,0.25333333333333335,0.2540626315789474
805779,Fastball,722,0.1308641975308642,0.45588235294117646,0.30981483495145634
805779,Offspeed,120,0.20512820512820512,0.2830188679245283,0.2168
805805,Breaking,118,0.25,0.28,0.2907688888888889
805805,Fastball,159,0.25925925925925924,0.5675675675675675,0.3647733023255814
805805,Offspeed,51,0.20689655172413793,0.16666666666666666,0.2115
805808,Breaking,868,0.23355263157894737,0.375,0.2808966233766234
805808,Fastball,1541,0.10013717421124829,0.47282608695652173,0.3986386481481482
805808,Offspeed,487,0.2731707317073171,0.3238095238095238,0.2937087719298246
805811,Breaking,681,0.39344262295081966,0.42727272727272725,0.31860515625
805811,Fastball,941,0.16997792494481237,0.5,0.3882364566929134
805811,Offspeed,284,0.416,0.3492063492063492,0.3248971428571429
805904,Breaking,89,0.48717948717948717,0.47619047619047616,0.2694705882352941
805904,Fastball,148,0.44776119402985076,0.36363636363636365,0.3642493333333333
805904,Offspeed,65,0.4583333333333333,0.36363636363636365,0.09844444444444445
805999,Breaking,577,0.35826771653543305,0.3178294573643411,0.2768601428571429
805999,Fastball,1020,0.14712153518123666,0.4336283185840708,0.36638024427480914
805999,Offspeed,310,0.3710691823899371,0.3076923076923077,0.2304920512820513
806068,Breaking,285,0.35664335664335667,0.2727272727272727,0.20733044776119403
806068,Fastball,566,0.33116883116883117,0.3870967741935484,0.26340355882352945
806068,Offspeed,138,0.32,0.3888888888888889,0.2639291891891892
806146,Breaking,172,0.21621621621621623,0.4666666666666667,0.29493106382978723
806146,Fastball,416,0.25980392156862747,0.44086021505376344,0.3061471764705882
806146,Offspeed,69,0.36666666666666664,0.06666666666666667,0.25175866666666663
806198,Breaking,335,0.2482758620689655,0.5,0.3542763636363636
806198,Fastball,628,0.18315018315018314,0.328125,0.3262753142857143
806198,Offspeed,112,0.2535211267605634,0.2857142857142857,0.165455
806367,Breaking,134,0.2127659574468085,0.375,0.29931640000000004
806367,Fastball,290,0.08333333333333333,0.3142857142857143,0.3363433170731707
806367,Offspeed,58,0.20833333333333334,0.2222222222222222,0.2219
806956,Breaking,53,0.3333333333333333,0.09090909090909091,0.19319833333333333
806956,Fastball,73,0.14285714285714285,0.68,0.268125
807712,Breaking,732,0.22483221476510068,0.3575757575757576,0.25958504545454547
807712,Fastball,1342,0.11428571428571428,0.4793650793650794,0.35981913661202186
807712,Offspeed,270,0.2956521739130435,0.26229508196721313,0.2533371515151515
807713,Breaking,322,0.2033898305084746,0.3392857142857143,0.27580078571428573
807713,Fastball,466,0.20600858369098712,0.4716981132075472,0.31767909090909097
807713,Offspeed,87,0.2708333333333333,0.34615384615384615,0.23047155555555554
807726,Breaking,86,0.28205128205128205,0.1,0.22391900000000003
807726,Fastball,181,0.20388349514563106,0.2894736842105263,0.40407823255813957
807727,Breaking,83,0.27906976744186046,0.13043478260869565,0.22471217391304352
807727,Fastball,250,0.18333333333333332,0.4423076923076923,0.30980857142857143
807727,Offspeed,64,0.25,0.3333333333333333,0.25822727272727275
807747,Fastball,69,0.14705882352941177,0.25,0.27831578947368424
807799,Breaking,276,0.2616822429906542,0.328125,0.25464450793650795
807799,Fastball,659,0.09375,0.4171779141104294,0.3318852954545454
807799,Offspeed,209,0.23333333333333334,0.4423076923076923,0.3498375
808959,Breaking,924,0.4623955431754875,0.38461538461538464,0.3189253197969543
808959,Fastball,1193,0.37623762376237624,0.5338983050847458,0.3894480732600733
808959,Offspeed,358,0.4897959183673469,0.4918032786885246,0.2783684057971014
808975,Breaking,142,0.26153846153846155,0.2857142857142857,0.27165117647058823
808975,Fastball,317,0.20666666666666667,0.5172413793103449,0.4041806779661017
808975,Offspeed,126,0.38461538461538464,0.08333333333333333,0.1777433333333333
808982,Breaking,648,0.13725490196078433,0.4311377245508982,0.28795387428571423
808982,Fastball,1280,0.12046204620462046,0.39814814814814814,0.3225110348837209
808982,Offspeed,238,0.12280701754385964,0.43859649122807015,0.34412947368421054
810938,Breaking,358,0.30935251798561153,0.2891566265060241,0.2420681012658228
810938,Fastball,697,0.09120521172638436,0.38961038961038963,0.32022272392638035
810938,Offspeed,131,0.2878787878787879,0.21621621621621623,0.24179405405405405
811965,Breaking,92,0.24,0.6666666666666666,0.3231428571428571
811965,Fastball,150,0.14102564102564102,0.38235294117647056,0.30396157575757576
813841,Breaking,157,0.4,0.3225806451612903,0.19429032258064516
813841,Fastball,395,0.35648148148148145,0.4329896907216495,0.2896549056603773
813841,Offspeed,67,0.4411764705882353,0.3157894736842105,0.21096900000000002
814154,Fastball,70,0.5454545454545454,0.0,0.06348909090909091
814430,Breaking,55,0.24242424242424243,0.3076923076923077,0.32388375
814430,Fastball,153,0.24719101123595505,0.3783783783783784,0.29329609756097563
814430,Offspeed,57,0.3888888888888889,0.2631578947368421,0.2875676
814439,Breaking,411,0.44508670520231214,0.5,0.2615874666666667
814439,Fastball,588,0.1803921568627451,0.34375,0.3585788767123288
814439,Offspeed,145,0.45588235294117646,0.23255813953488372,0.15976120930232557
815873,Breaking,112,0.3953488372093023,0.3181818181818182,0.20306928
815873,Fastball,133,0.189873417721519,0.3225806451612903,0.33486322580645156
815873,Offspeed,54,0.3793103448275862,0.3,0.23088888888888892
823550,Breaking,120,0.34545454545454546,0.24,0.2163369230769231
823550,Fastball,402,0.18674698795180722,0.25,0.26029723404255317
823550,Offspeed,94,0.22727272727272727,0.13636363636363635,0.24632333333333334
828599,Breaking,55,0.5,0.0,0.320678
828599,Fastball,124,0.3384615384615385,0.5806451612903226,0.25707437499999997
828599,Offspeed,46,0.47619047619047616,0.5454545454545454,0.35954545454545456
