pitcher,pitch_type,pitch_name,family,pitches,usage,whiff,putaway,velo
434378,FF,4-Seam FB,Fastball,152,0.4794952681388013,0.19480519480519481,0.19230769230769232,93.14802631578948
434378,SL,Slider,Breaking,67,0.2113564668769716,0.32558139534883723,0.2857142857142857,87.25074626865671
434378,CU,Curveball,Breaking,47,0.14826498422712933,0.21052631578947367,0.25,78.30212765957447
434378,CH,Changeup,Offspeed,38,0.11987381703470032,0.3333333333333333,0.42857142857142855,83.25526315789472
445276,FC,Cutter,Fastball,626,0.8204456094364351,0.24916943521594684,0.23300970873786409,92.45399361022363
445276,SL,Slider,Breaking,83,0.10878112712975098,0.3409090909090909,0.3076923076923077,84.29518072289157
445276,SI,Sinker,Fastball,54,0.07077326343381389,0.3,0.35,93.71666666666668
453286,FF,4-Seam FB,Fastball,730,0.4758800521512386,0.1880108991825613,0.13333333333333333,92.96561643835615
453286,SL,Slider,Breaking,261,0.17014341590612778,0.2740740740740741,0.21739130434782608,85.3057471264368
453286,CH,Changeup,Offspeed,240,0.15645371577574968,0.17857142857142858,0.15789473684210525,83.89291666666666
453286,CU,Curveball,Breaking,220,0.14341590612777053,0.2647058823529412,0.2558139534883721,74.43545454545455
453286,FC,Cutter,Fastball,83,0.05410691003911343,0.17307692307692307,0.06666666666666667,87.70120481927711
455119,FC,Cutter,Fastball,118,0.4097222222222222,0.2542372881355932,0.1875,91.37033898305086
455119,FF,4-Seam FB,Fastball,76,0.2638888888888889,0.21951219512195122,0.15789473684210525,94.43815789473685
455119,SI,Sinker,Fastball,33,0.11458333333333333,0.05263157894736842,0.0,93.87272727272727
455119,FS,Splitter,Offspeed,32,0.1111111111111111,0.15,0.25,87.734375
471911,CH,Changeup,Offspeed,76,0.3089430894308943,0.21428571428571427,0.11764705882352941,85.72894736842106
471911,SI,Sinker,Fastball,67,0.27235772357723576,0.13333333333333333,0.14285714285714285,90.82089552238804
471911,FC,Cutter,Fastball,38,0.15447154471544716,0.1,0.0,89.47368421052632
471911,SL,Slider,Breaking,34,0.13821138211382114,0.32,0.42857142857142855,86.23235294117647
471911,FF,4-Seam FB,Fastball,31,0.12601626016260162,0.15,0.0,91.76129032258065
472610,SI,Sinker,Fastball,135,0.47038327526132406,0.08695652173913043,0.14285714285714285,94.88148148148149
472610,FS,Splitter,Offspeed,83,0.289198606271777,0.34146341463414637,0.16666666666666666,87.61445783132531
472610,ST,Sweeper,Breaking,64,0.2229965156794425,0.3142857142857143,0.07692307692307693,81.81562499999998
476594,FC,Cutter,Fastball,176,0.3142857142857143,0.20987654320987653,0.14285714285714285,91.10113636363636
476594,FF,4-Seam FB,Fastball,134,0.2392857142857143,0.3,0.28,95.77089552238806
476594,SI,Sinker,Fastball,125,0.22321428571428573,0.10344827586206896,0.0,94.11679999999997
476594,ST,Sweeper,Breaking,68,0.12142857142857143,0.2608695652173913,0.125,80.91029411764707
476594,CH,Changeup,Offspeed,48,0.08571428571428572,0.4230769230769231,0.36363636363636365,80.91666666666667
489446,FF,4-Seam FB,Fastball,483,0.65625,0.2595419847328244,0.29906542056074764,90.80786749482401
489446,FS,Splitter,Offspeed,238,0.3233695652173913,0.3305084745762712,0.3076923076923077,84.38697478991595
500743,EP,EP,Other,43,0.8113207547169812,0.05,0.0,47.18837209302326
500779,FF,4-Seam FB,Fastball,258,0.29553264604810997,0.19402985074626866,0.14285714285714285,89.75736434108528
500779,SI,Sinker,Fastball,177,0.2027491408934708,0.0958904109589041,0.058823529411764705,89.79435028248588
500779,CH,Changeup,Offspeed,172,0.1970217640320733,0.3026315789473684,0.17391304347826086,85.02558139534885
500779,CU,Curveball,Breaking,134,0.15349369988545247,0.2028985507246377,0.07692307692307693,78.88880597014925
500779,SV,Slurve,Breaking,132,0.15120274914089346,0.2711864406779661,0.21212121212121213,80.03333333333333
518585,FS,Splitter,Offspeed,496,0.5145228215767634,0.524,0.4621212121212121,79.99697580645162
518585,FF,4-Seam FB,Fastball,305,0.3163900414937759,0.12931034482758622,0.0,93.15868852459018
518585,ST,Sweeper,Breaking,131,0.1358921161825726,0.38636363636363635,0.0,82.1763358778626
518876,FF,4-Seam FB,Fastball,747,0.2757475083056478,0.14285714285714285,0.09,92.11472556894243
518876,CH,Changeup,Offspeed,746,0.2753783684016242,0.3028169014084507,0.2833333333333333,88.46273458445042
518876,FC,Cutter,Fastball,372,0.13732004429678848,0.1282051282051282,0.17647058823529413,90.93951612903226
518876,CU,Curveball,Breaking,310,0.11443337024732374,0.21428571428571427,0.20408163265306123,82.44870967741934
518876,SL,Slider,Breaking,273,0.10077519379844961,0.3357664233576642,0.2545454545454545,86.25128205128206
518876,SI,Sinker,Fastball,256,0.09449981543004798,0.08461538461538462,0.05714285714285714,92.31484375000001
518886,FF,4-Seam FB,Fastball,530,0.6511056511056511,0.23684210526315788,0.23157894736842105,93.57075471698113
518886,ST,Sweeper,Breaking,111,0.13636363636363635,0.34615384615384615,0.3333333333333333,85.51171171171173
518886,KC,Knuckle-Curve,Breaking,83,0.10196560196560196,0.1,0.1111111111111111,83.95180722891567
518886,SI,Sinker,Fastball,62,0.07616707616707617,0.10714285714285714,0.14285714285714285,93.82258064516128
519141,FF,4-Seam FB,Fastball,377,0.7292069632495164,0.18592964824120603,0.1836734693877551,92.19018567639256
519141,KC,Knuckle-Curve,Breaking,140,0.27079303675048355,0.16666666666666666,0.12121212121212122,84.28928571428571
519242,FF,4-Seam FB,Fastball,1167,0.4093300596282006,0.27741935483870966,0.27049180327868855,96.05372750642674
519242,SL,Slider,Breaking,1146,0.4019642230796212,0.39344262295081966,0.3538961038961039,79.62774869109947
519242,CH,Changeup,Offspeed,302,0.10592774465099965,0.29012345679012347,0.13043478260869565,88.35000000000001
519242,SI,Sinker,Fastball,236,0.08277797264117853,0.09482758620689655,0.1111111111111111,95.48135593220339
527048,SI,Sinker,Fastball,814,0.35268630849220106,0.0728476821192053,0.047058823529411764,89.19692874692873
527048,CH,Changeup,Offspeed,714,0.3093587521663778,0.33248730964467005,0.29012345679012347,81.71820728291317
527048,FC,Cutter,Fastball,510,0.22097053726169844,0.1691542288557214,0.17307692307692307,85.02450980392157
527048,CU,Curveball,Breaking,166,0.07192374350086655,0.22033898305084745,0.0,76.79337349397589
527048,FF,4-Seam FB,Fastball,104,0.045060658578856154,0.13513513513513514,0.25,89.93942307692308
542888,FF,4-Seam FB,Fastball,203,0.3048048048048048,0.21929824561403508,0.23636363636363636,93.4743842364532
542888,ST,Sweeper,Breaking,190,0.2852852852852853,0.3116883116883117,0.3548387096774194,84.41263157894736
542888,FC,Cutter,Fastball,155,0.23273273273273273,0.23595505617977527,0.21739130434782608,90.01096774193549
542888,SI,Sinker,Fastball,118,0.17717717717717718,0.18181818181818182,0.11764705882352941,93.6983050847458
543037,FF,4-Seam FB,Fastball,967,0.4936191934660541,0.20867768595041322,0.22727272727272727,96.78314374353673
543037,SL,Slider,Breaking,389,0.19857069933639612,0.263681592039801,0.3142857142857143,89.45835475578406
543037,KC,Knuckle-Curve,Breaking,277,0.14139867279224094,0.20689655172413793,0.23809523809523808,83.31119133574009
543037,CH,Changeup,Offspeed,249,0.12710566615620214,0.22131147540983606,0.25,86.00281124497992
543037,SI,Sinker,Fastball,70,0.03573251659009699,0.06060606060606061,0.0,96.02000000000001
543056,FC,Cutter,Fastball,158,0.37089201877934275,0.21739130434782608,0.125,85.17594936708862
543056,SI,Sinker,Fastball,119,0.2793427230046948,0.1,0.0,89.9529411764706
543056,ST,Sweeper,Breaking,75,0.176056338028169,0.3076923076923077,0.21739130434782608,80.97066666666667
543056,FF,4-Seam FB,Fastball,46,0.107981220657277,0.1111111111111111,0.2,89.89782608695653
543135,FS,Splitter,Offspeed,840,0.3723404255319149,0.32040816326530613,0.3193717277486911,88.40726190476191
543135,CU,Curveball,Breaking,500,0.22163120567375885,0.38493723849372385,0.297029702970297,76.2962
543135,FC,Cutter,Fastball,427,0.18927304964539007,0.2524271844660194,0.23333333333333334,90.27096018735362
543135,FF,4-Seam FB,Fastball,314,0.13918439716312056,0.2125984251968504,0.3333333333333333,94.38566878980892
543135,SI,Sinker,Fastball,157,0.06959219858156028,0.10204081632653061,0.2222222222222222,93.4751592356688
543238,FF,4-Seam FB,Fastball,120,0.6,0.14516129032258066,0.09090909090909091,95.66749999999999
543238,SL,Slider,Breaking,68,0.34,0.40540540540540543,0.23529411764705882,86.05588235294118
543243,SI,Sinker,Fastball,603,0.22399702823179793,0.16666666666666666,0.1368421052631579,91.987728026534
543243,ST,Sweeper,Breaking,544,0.20208023774145617,0.38782051282051283,0.3875598086124402,84.81838235294119
543243,FC,Cutter,Fastball,489,0.18164933135215452,0.14754098360655737,0.11538461538461539,88.34683026584868
543243,FF,4-Seam FB,Fastball,473,0.17570579494799404,0.12682926829268293,0.16666666666666666,91.53276955602537
543243,CU,Curveball,Breaking,428,0.1589895988112927,0.3016759776536313,0.2765957446808511,79.64999999999999
543243,CH,Changeup,Offspeed,151,0.05609212481426449,0.23333333333333334,0.375,86.24238410596026
543309,EP,EP,Other,45,0.8823529411764706,0.0,0.0,41.14666666666667
543510,EP,EP,Other,55,0.9649122807017544,0.08333333333333333,0.0,37.99636363636363
544150,FF,4-Seam FB,Fastball,559,0.5349282296650718,0.23381294964028776,0.26881720430107525,93.52128801431127
544150,FC,Cutter,Fastball,222,0.21244019138755982,0.2689075630252101,0.32,85.56216216216218
544150,CH,Changeup,Offspeed,164,0.1569377990430622,0.21428571428571427,0.125,84.86585365853658
544150,CU,Curveball,Breaking,97,0.09282296650717703,0.25,0.3157894736842105,77.69484536082474
547179,SI,Sinker,Fastball,505,0.20420541852001617,0.1031390134529148,0.016666666666666666,93.41168316831684
547179,CH,Changeup,Offspeed,498,0.20137484836231298,0.2798165137614679,0.22105263157894736,84.64999999999999
547179,FF,4-Seam FB,Fastball,460,0.18600889607763849,0.09523809523809523,0.10679611650485436,94.04543478260871
547179,FC,Cutter,Fastball,353,0.14274160938131825,0.13548387096774195,0.12,90.1498583569405
547179,CU,Curveball,Breaking,264,0.10675293166194905,0.23214285714285715,0.2,82.70606060606062
547179,ST,Sweeper,Breaking,203,0.08208653457339264,0.32954545454545453,0.32142857142857145,82.67241379310344
547179,SL,Slider,Breaking,189,0.07642539425798625,0.22916666666666666,0.3076923076923077,86.30052910052909
547184,ST,Sweeper,Breaking,80,0.47619047619047616,0.3157894736842105,0.23076923076923078,83.825
547184,SL,Slider,Breaking,43,0.25595238095238093,0.17647058823529413,0.0,89.96744186046512
547184,FF,4-Seam FB,Fastball,33,0.19642857142857142,0.3333333333333333,0.375,95.77575757575758
547973,FF,4-Seam FB,Fastball,339,0.37458563535911604,0.19753086419753085,0.20588235294117646,96.8858407079646
547973,SI,Sinker,Fastball,284,0.3138121546961326,0.3151515151515151,0.3253012048192771,97.98345070422535
547973,SL,Slider,Breaking,168,0.1856353591160221,0.47297297297297297,0.4722222222222222,85.89880952380952
547973,FS,Splitter,Offspeed,114,0.12596685082872927,0.42028985507246375,0.40476190476190477,90.13070175438598
548384,ST,Sweeper,Breaking,313,0.36018411967779057,0.2138364779874214,0.20588235294117646,80.82747603833866
548384,FC,Cutter,Fastball,254,0.29228998849252014,0.29411764705882354,0.4117647058823529,86.7511811023622
548384,SI,Sinker,Fastball,190,0.2186421173762946,0.11475409836065574,0.07692307692307693,90.29684210526317
548384,CH,Changeup,Offspeed,112,0.12888377445339472,0.26,0.3,84.40714285714284
552640,SL,Slider,Breaking,343,0.48241912798874825,0.3507853403141361,0.32989690721649484,88.86239067055395
552640,SI,Sinker,Fastball,281,0.3952180028129395,0.11510791366906475,0.09523809523809523,94.92740213523132
552640,FF,4-Seam FB,Fastball,87,0.12236286919831224,0.09803921568627451,0.16666666666666666,94.1919540229885
554430,FF,4-Seam FB,Fastball,970,0.3570114096429886,0.2954091816367265,0.26288659793814434,95.21917525773196
554430,FS,Splitter,Offspeed,448,0.16488774383511226,0.4497991967871486,0.38392857142857145,87.43437500000002
554430,SI,Sinker,Fastball,417,0.1534781008465219,0.10648148148148148,0.05555555555555555,94.79952038369305
554430,ST,Sweeper,Breaking,357,0.13139492086860508,0.3732394366197183,0.3090909090909091,81.35014005602241
554430,FC,Cutter,Fastball,290,0.10673536989326463,0.22297297297297297,0.3,90.9493103448276
554430,CU,Curveball,Breaking,235,0.08649245491350754,0.44954128440366975,0.3815789473684211,80.0272340425532
571510,FF,4-Seam FB,Fastball,925,0.4400570884871551,0.15182186234817813,0.13157894736842105,92.87286486486485
571510,CH,Changeup,Offspeed,586,0.2787821122740247,0.2708333333333333,0.22058823529411764,78.82201365187714
571510,SL,Slider,Breaking,301,0.14319695528068507,0.3779527559055118,0.4027777777777778,83.19335548172756
571510,CU,Curveball,Breaking,257,0.12226450999048526,0.23333333333333334,0.2222222222222222,73.13657587548637
571510,SI,Sinker,Fastball,33,0.01569933396764986,0.15789473684210525,0.0,92.06060606060606
571578,SL,Slider,Breaking,387,0.27407932011331443,0.37142857142857144,0.37662337662337664,79.01912144702843
571578,SI,Sinker,Fastball,383,0.27124645892351273,0.0913978494623656,0.0847457627118644,91.3762402088773
571578,CH,Changeup,Offspeed,247,0.17492917847025496,0.2897196261682243,0.20588235294117646,78.37004048582996
571578,FC,Cutter,Fastball,214,0.15155807365439095,0.13793103448275862,0.037037037037037035,86.26682242990654
571578,FF,4-Seam FB,Fastball,159,0.11260623229461757,0.125,0.18421052631578946,91.26415094339623
571882,FC,Cutter,Fastball,58,0.3741935483870968,0.13043478260869565,0.2222222222222222,89.89310344827587
571882,SL,Slider,Breaking,49,0.3161290322580645,0.2857142857142857,0.2222222222222222,85.97346938775512
571927,SI,Sinker,Fastball,707,0.4992937853107345,0.1834862385321101,0.09900990099009901,93.62956152758134
571927,CH,Changeup,Offspeed,403,0.2846045197740113,0.23423423423423423,0.23008849557522124,83.0518610421836
571927,CU,Curveball,Breaking,185,0.1306497175141243,0.27692307692307694,0.3333333333333333,78.78324324324323
571927,SL,Slider,Breaking,118,0.08333333333333333,0.203125,0.04,82.63474576271184
571945,FF,4-Seam FB,Fastball,463,0.2424083769633508,0.14285714285714285,0.11428571428571428,93.16544276457884
571945,SI,Sinker,Fastball,445,0.23298429319371727,0.0992063492063492,0.07692307692307693,92.80202247191012
571945,SL,Slider,Breaking,442,0.23141361256544501,0.16908212560386474,0.15254237288135594,87.83710407239819
571945,CU,Curveball,Breaking,289,0.15130890052356022,0.21978021978021978,0.21052631578947367,76.74878892733564
571945,CH,Changeup,Offspeed,162,0.08481675392670157,0.13513513513513514,0.038461538461538464,85.56913580246913
571945,ST,Sweeper,Breaking,107,0.05602094240837696,0.21739130434782608,0.17391304347826086,82.00280373831777
571948,SI,Sinker,Fastball,274,0.3903133903133903,0.16806722689075632,0.08333333333333333,86.8412408759124
571948,ST,Sweeper,Breaking,193,0.27492877492877493,0.2375,0.15789473684210525,78.20362694300518
571948,CH,Changeup,Offspeed,128,0.18233618233618235,0.19672131147540983,0.18181818181818182,80.46015625000001
571948,FF,4-Seam FB,Fastball,107,0.15242165242165243,0.15384615384615385,0.17142857142857143,87.08130841121496
572143,FF,4-Seam FB,Fastball,134,0.42948717948717946,0.25,0.2903225806451613,93.93208955223882
572143,CU,Curveball,Breaking,75,0.2403846153846154,0.2631578947368421,0.3125,82.19066666666667
572143,FC,Cutter,Fastball,68,0.21794871794871795,0.13333333333333333,0.16666666666666666,87.86029411764703
572143,CH,Changeup,Offspeed,31,0.09935897435897435,0.23076923076923078,0.16666666666666666,84.51612903225804
572955,CU,Curveball,Breaking,558,0.6262626262626263,0.2537878787878788,0.19387755102040816,86.54605734767024
572955,FF,4-Seam FB,Fastball,325,0.36475869809203143,0.2152777777777778,0.19696969696969696,95.73353846153847
573009,SI,Sinker,Fastball,205,0.4823529411764706,0.043010752688172046,0.07692307692307693,88.24243902439024
573009,CU,Curveball,Breaking,111,0.2611764705882353,0.2549019607843137,0.3157894736842105,80.05045045045046
573009,CH,Changeup,Offspeed,109,0.2564705882352941,0.29411764705882354,0.3225806451612903,80.44954128440365
573124,ST,Sweeper,Breaking,550,0.48845470692717585,0.22545454545454546,0.15517241379310345,77.86690909090909
573124,SI,Sinker,Fastball,403,0.35790408525754885,0.125,0.18333333333333332,92.01563275434243
573124,FC,Cutter,Fastball,166,0.14742451154529307,0.15384615384615385,0.16666666666666666,88.07831325301204
573204,FF,4-Seam FB,Fastball,339,0.38876146788990823,0.23316062176165803,0.21951219512195122,93.29292035398231
573204,CU,Curveball,Breaking,220,0.25229357798165136,0.2857142857142857,0.33962264150943394,76.33772727272729
573204,SL,Slider,Breaking,185,0.2121559633027523,0.3673469387755102,0.25,87.52432432432431
573204,ST,Sweeper,Breaking,126,0.1444954128440367,0.3114754098360656,0.3181818181818182,80.26190476190477
579328,FF,4-Seam FB,Fastball,487,0.4051580698835274,0.1859504132231405,0.16494845360824742,95.45954825462013
579328,SL,Slider,Breaking,305,0.25374376039933444,0.25316455696202533,0.2982456140350877,87.36918032786886
579328,FS,Splitter,Offspeed,208,0.17304492512479203,0.32967032967032966,0.39473684210526316,86.55576923076923
579328,CU,Curveball,Breaking,136,0.11314475873544093,0.21212121212121213,0.25,79.87720588235294
579328,FC,Cutter,Fastball,66,0.05490848585690516,0.3103448275862069,0.16666666666666666,90.2621212121212
592094,SL,Slider,Breaking,233,0.37886178861788616,0.37593984962406013,0.175,84.55021459227468
592094,CH,Changeup,Offspeed,197,0.3203252032520325,0.30927835051546393,0.16279069767441862,88.13756345177666
592094,FF,4-Seam FB,Fastball,144,0.23414634146341465,0.11267605633802817,0.07142857142857142,93.4659722222222
592094,ST,Sweeper,Breaking,41,0.06666666666666667,0.16666666666666666,0.2222222222222222,78.11707317073171
592155,FC,Cutter,Fastball,274,0.43285939968404424,0.3026315789473684,0.24,88.16861313868614
592155,FF,4-Seam FB,Fastball,274,0.43285939968404424,0.23333333333333334,0.26,95.6868613138686
592155,ST,Sweeper,Breaking,69,0.10900473933649289,0.4864864864864865,0.5384615384615384,81.88260869565215
592332,FF,4-Seam FB,Fastball,1591,0.5074960127591707,0.14878048780487804,0.12578616352201258,93.84563167818982
592332,FS,Splitter,Offspeed,1229,0.39202551834130783,0.42700156985871274,0.32234432234432236,83.99056143205858
592332,SL,Slider,Breaking,256,0.08165869218500797,0.36082474226804123,0.32,84.006640625
592332,CH,Changeup,Offspeed,35,0.011164274322169059,0.1875,0.2,83.9342857142857
592454,CH,Changeup,Offspeed,128,0.6153846153846154,0.20833333333333334,0.2,88.02656250000001
592454,FF,4-Seam FB,Fastball,64,0.3076923076923077,0.16129032258064516,0.0,93.728125
592662,FF,4-Seam FB,Fastball,977,0.3252330226364847,0.20668058455114824,0.20588235294117646,93.20337768679633
592662,SL,Slider,Breaking,714,0.23768308921438083,0.3470031545741325,0.35106382978723405,86.07801120448178
592662,CH,Changeup,Offspeed,540,0.17976031957390146,0.2490842490842491,0.2647058823529412,86.18444444444444
592662,SI,Sinker,Fastball,437,0.14547270306258323,0.0989010989010989,0.1111111111111111,92.62814645308924
592662,KC,Knuckle-Curve,Breaking,336,0.1118508655126498,0.38235294117647056,0.3148148148148148,79.59761904761905
592773,FF,4-Seam FB,Fastball,565,0.5131698455949137,0.26158940397350994,0.21428571428571427,98.01309734513275
592773,SL,Slider,Breaking,252,0.22888283378746593,0.4174757281553398,0.23076923076923078,88.53730158730158
592773,FS,Splitter,Offspeed,178,0.16167120799273388,0.3170731707317073,0.3541666666666667,89.96460674157302
592773,SI,Sinker,Fastball,103,0.09355131698455948,0.19230769230769232,0.25,96.9252427184466
592779,FF,4-Seam FB,Fastball,141,0.36910994764397903,0.3611111111111111,0.34375,95.86170212765957
592779,ST,Sweeper,Breaking,95,0.2486910994764398,0.3333333333333333,0.2777777777777778,83.83052631578947
592779,CH,Changeup,Offspeed,57,0.14921465968586387,0.2413793103448276,0.3333333333333333,89.27719298245614
592779,SI,Sinker,Fastball,55,0.14397905759162305,0.13793103448275862,0.0,94.65090909090908
592779,FC,Cutter,Fastball,34,0.08900523560209424,0.15789473684210525,0.5,92.21470588235293
592791,FF,4-Seam FB,Fastball,442,0.27781269641734757,0.20603015075376885,0.22580645161290322,91.77466063348416
592791,FC,Cutter,Fastball,297,0.18667504714016342,0.2366412213740458,0.25,86.27946127946127
592791,ST,Sweeper,Breaking,253,0.15901948460087995,0.34507042253521125,0.39436619718309857,80.1600790513834
592791,CH,Changeup,Offspeed,250,0.1571338780641106,0.3053435114503817,0.2653061224489796,84.4352
592791,CU,Curveball,Breaking,175,0.10999371464487744,0.2692307692307692,0.15,79.08171428571428
592791,SI,Sinker,Fastball,158,0.09930861093651791,0.140625,0.08333333333333333,91.87215189873417
592836,FS,Splitter,Offspeed,110,0.22727272727272727,0.17647058823529413,0.2,86.8
592836,SI,Sinker,Fastball,109,0.22520661157024793,0.16666666666666666,0.0,91.74954128440368
592836,FC,Cutter,Fastball,96,0.19834710743801653,0.22448979591836735,0.25,86.53333333333335
592836,SL,Slider,Breaking,66,0.13636363636363635,0.1875,0.18181818181818182,80.7560606060606
592836,CU,Curveball,Breaking,57,0.11776859504132231,0.20833333333333334,0.25,74.3298245614035
592836,FF,4-Seam FB,Fastball,46,0.09504132231404959,0.07692307692307693,0.0,91.82608695652173
592866,FF,4-Seam FB,Fastball,202,0.39299610894941633,0.25225225225225223,0.24561403508771928,89.81138613861386
592866,ST,Sweeper,Breaking,136,0.26459143968871596,0.35384615384615387,0.36363636363636365,78.42573529411766
592866,SI,Sinker,Fastball,83,0.1614785992217899,0.14285714285714285,0.1,88.42650602409638
592866,CH,Changeup,Offspeed,59,0.11478599221789883,0.42857142857142855,0.42857142857142855,81.32033898305085
592866,SL,Slider,Breaking,34,0.06614785992217899,0.125,0.0,82.69411764705883
593958,FF,4-Seam FB,Fastball,1225,0.3994131072709488,0.2159090909090909,0.19434628975265017,92.05477551020408
593958,CH,Changeup,Offspeed,811,0.26442777958917507,0.28502415458937197,0.23333333333333334,85.39136868064118
593958,FC,Cutter,Fastball,411,0.13400717313335506,0.1715686274509804,0.12,88.88248175182481
593958,CU,Curveball,Breaking,375,0.12226931855233127,0.22666666666666666,0.17777777777777778,79.55066666666667
593958,SI,Sinker,Fastball,244,0.07955656993805021,0.06896551724137931,0.06451612903225806,91.56352459016394
593974,SI,Sinker,Fastball,529,0.4205087440381558,0.15185185185185185,0.12987012987012986,96.01890359168242
593974,CH,Changeup,Offspeed,432,0.34340222575516693,0.32388663967611336,0.29347826086956524,89.50393518518518
593974,SL,Slider,Breaking,183,0.14546899841017488,0.2857142857142857,0.28,89.30983606557378
593974,FF,4-Seam FB,Fastball,114,0.09062003179650238,0.08163265306122448,0.05555555555555555,96.35526315789474
594027,SI,Sinker,Fastball,528,0.8421052631578947,0.23432343234323433,0.21296296296296297,100.16534090909092
594027,SL,Slider,Breaking,66,0.10526315789473684,0.28205128205128205,0.20833333333333334,91.4121212121212
594580,SI,Sinker,Fastball,404,0.35783879539415414,0.1270718232044199,0.11363636363636363,91.46311881188119
594580,ST,Sweeper,Breaking,401,0.35518157661647476,0.375,0.30303030303030304,81.22294264339152
594580,CH,Changeup,Offspeed,192,0.17006200177147918,0.27631578947368424,0.22857142857142856,84.49583333333334
594580,FF,4-Seam FB,Fastball,132,0.11691762621789194,0.14492753623188406,0.125,92.60530303030303
594798,FF,4-Seam FB,Fastball,1152,0.4212065813528336,0.2535885167464115,0.24568965517241378,97.33576388888889
594798,SL,Slider,Breaking,937,0.34259597806215725,0.4024144869215292,0.3534136546184739,91.35570971184632
594798,CH,Changeup,Offspeed,373,0.13638025594149908,0.4573170731707317,0.3793103448275862,89.73083109919571
594798,CU,Curveball,Breaking,182,0.06654478976234003,0.391304347826087,0.4444444444444444,80.8587912087912
594798,SI,Sinker,Fastball,91,0.033272394881170016,0.15517241379310345,0.14285714285714285,96.56263736263737
594835,FF,4-Seam FB,Fastball,52,0.25870646766169153,0.25,0.2,90.29615384615386
594835,CH,Changeup,Offspeed,47,0.23383084577114427,0.15384615384615385,0.0625,81.38297872340425
594835,FC,Cutter,Fastball,40,0.19900497512437812,0.23529411764705882,0.0,87.6
594835,SV,Slurve,Breaking,40,0.19900497512437812,0.14285714285714285,0.125,81.5925
595014,ST,Sweeper,Breaking,218,0.4007352941176471,0.3978494623655914,0.3541666666666667,83.97201834862385
595014,SI,Sinker,Fastball,196,0.3602941176470588,0.17204301075268819,0.21052631578947367,95.13571428571427
595014,FF,4-Seam FB,Fastball,66,0.1213235294117647,0.1891891891891892,0.11764705882352941,94.77878787878787
595014,FC,Cutter,Fastball,62,0.11397058823529412,0.2,0.25,91.34193548387098
595345,SL,Slider,Breaking,755,0.6651982378854625,0.35049019607843135,0.2823529411764706,80.75973509933775
595345,FF,4-Seam FB,Fastball,321,0.2828193832599119,0.2,0.20833333333333334,91.03894080996885
595345,SI,Sinker,Fastball,57,0.050220264317180616,0.05263157894736842,0.0,90.37192982456142
595978,FA,Fastball,Fastball,34,0.6181818181818182,0.1111111111111111,0.3333333333333333,70.5794117647059
596001,ST,Sweeper,Breaking,368,0.42494226327944573,0.2,0.1794871794871795,82.06902173913043
596001,CH,Changeup,Offspeed,176,0.20323325635103925,0.1956521739130435,0.17647058823529413,86.80056818181818
596001,FF,4-Seam FB,Fastball,166,0.19168591224018475,0.2727272727272727,0.2857142857142857,92.35060240963855
596001,SI,Sinker,Fastball,156,0.18013856812933027,0.10256410256410256,0.16666666666666666,91.92628205128206
596117,EP,EP,Other,40,0.8695652173913043,0.0,0.0,41.260000000000005
596133,FF,4-Seam FB,Fastball,487,0.5099476439790576,0.2217573221757322,0.23404255319148937,95.25605749486652
596133,CH,Changeup,Offspeed,322,0.33717277486910996,0.400990099009901,0.32941176470588235,88.0192546583851
596133,FC,Cutter,Fastball,144,0.15078534031413612,0.2786885245901639,0.2,90.45763888888888
601713,FF,4-Seam FB,Fastball,370,0.5174825174825175,0.21311475409836064,0.23529411764705882,94.03513513513514
601713,CU,Curveball,Breaking,156,0.21818181818181817,0.21818181818181817,0.1111111111111111,79.28589743589744
601713,FC,Cutter,Fastball,94,0.13146853146853146,0.1346153846153846,0.1,91.18404255319146
601713,ST,Sweeper,Breaking,81,0.11328671328671329,0.38095238095238093,0.37037037037037035,81.80987654320988
605130,ST,Sweeper,Breaking,215,0.35073409461663946,0.32558139534883723,0.13793103448275862,79.16232558139535
605130,CU,Curveball,Breaking,206,0.3360522022838499,0.44761904761904764,0.41304347826086957,76.21407766990292
605130,SI,Sinker,Fastball,91,0.14845024469820556,0.1875,0.0,89.12307692307694
605130,FF,4-Seam FB,Fastball,78,0.1272430668841762,0.10344827586206896,0.25,88.99102564102563
605135,SI,Sinker,Fastball,679,0.3660377358490566,0.12540192926045016,0.1232876712328767,92.2340206185567
605135,CU,Curveball,Breaking,392,0.21132075471698114,0.29473684210526313,0.23157894736842105,71.25994897959183
605135,FC,Cutter,Fastball,373,0.20107816711590296,0.23118279569892472,0.21428571428571427,89.88123324396783
605135,FF,4-Seam FB,Fastball,153,0.08247978436657682,0.16666666666666666,0.08333333333333333,92.35490196078432
605135,ST,Sweeper,Breaking,112,0.06037735849056604,0.2978723404255319,0.2692307692307692,73.3125
605135,CH,Changeup,Offspeed,96,0.05175202156334232,0.22580645161290322,0.2,85.19895833333334
605135,SL,Slider,Breaking,50,0.026954177897574125,0.047619047619047616,0.0,81.054
605154,SL,Slider,Breaking,63,0.3888888888888889,0.2,0.1111111111111111,84.75396825396827
605154,FF,4-Seam FB,Fastball,56,0.345679012345679,0.11538461538461539,0.0,92.57857142857142
605182,FF,4-Seam FB,Fastball,40,0.45977011494252873,0.38095238095238093,0.25,95.93499999999999
605218,FF,4-Seam FB,Fastball,53,0.5353535353535354,0.5714285714285714,0.6666666666666666,92.45283018867924
605218,CU,Curveball,Breaking,30,0.30303030303030304,0.38461538461538464,0.42857142857142855,79.80333333333331
605242,FC,Cutter,Fastball,119,0.3953488372093023,0.35185185185185186,0.18181818181818182,88.3689075630252
605242,ST,Sweeper,Breaking,76,0.25249169435215946,0.4166666666666667,0.38095238095238093,81.34342105263157
605242,CH,Changeup,Offspeed,35,0.11627906976744186,0.4444444444444444,0.3,87.60857142857142
605242,FF,4-Seam FB,Fastball,31,0.10299003322259136,0.2857142857142857,0.14285714285714285,93.04516129032257
605280,SI,Sinker,Fastball,789,0.48915065096094235,0.12087912087912088,0.11428571428571428,93.0515842839037
605280,ST,Sweeper,Breaking,296,0.18350898946063235,0.2897196261682243,0.24193548387096775,81.23412162162163
605280,CH,Changeup,Offspeed,230,0.1425914445133292,0.31666666666666665,0.2878787878787879,87.97652173913043
605280,FC,Cutter,Fastball,170,0.10539367637941724,0.39759036144578314,0.3333333333333333,85.9735294117647
605280,CU,Curveball,Breaking,111,0.06881587104773713,0.2765957446808511,0.3125,81.10630630630632
605288,SI,Sinker,Fastball,837,0.4626865671641791,0.09562841530054644,0.08695652173913043,94.87658303464757
605288,FF,4-Seam FB,Fastball,379,0.20950801547816472,0.1875,0.20588235294117646,95.7250659630607
605288,CH,Changeup,Offspeed,282,0.1558872305140962,0.3684210526315789,0.3582089552238806,85.31560283687944
605288,SL,Slider,Breaking,186,0.10281923714759536,0.16091954022988506,0.28,88.40752688172043
605288,CU,Curveball,Breaking,125,0.06909894969596463,0.2564102564102564,0.16666666666666666,82.24239999999999
605400,KC,Knuckle-Curve,Breaking,1011,0.33006856023506365,0.41132075471698115,0.3754646840148699,78.35845697329377
605400,FF,4-Seam FB,Fastball,733,0.23930786810316684,0.1362126245847176,0.08602150537634409,92.26780354706685
605400,SI,Sinker,Fastball,561,0.1831537708129285,0.11737089201877934,0.13414634146341464,91.59358288770053
605400,CH,Changeup,Offspeed,502,0.16389160953313744,0.25877192982456143,0.24561403508771928,85.61155378486056
605400,FC,Cutter,Fastball,235,0.07672216780933726,0.256198347107438,0.35,86.21531914893617
605447,SL,Slider,Breaking,394,0.569364161849711,0.328125,0.3103448275862069,83.92436548223351
605447,FF,4-Seam FB,Fastball,284,0.41040462427745666,0.211864406779661,0.2037037037037037,93.75739436619718
605452,SL,Slider,Breaking,69,0.28991596638655465,0.21621621621621623,0.07142857142857142,89.22898550724636
605452,SI,Sinker,Fastball,63,0.2647058823529412,0.16129032258064516,0.0,95.34920634920636
605452,FF,4-Seam FB,Fastball,45,0.18907563025210083,0.2916666666666667,0.2222222222222222,95.28222222222222
605452,FS,Splitter,Offspeed,45,0.18907563025210083,0.4782608695652174,0.16666666666666666,90.36444444444444
605483,FF,4-Seam FB,Fastball,367,0.49527665317139,0.2303370786516854,0.2835820895522388,96.03623978201635
605483,CU,Curveball,Breaking,162,0.21862348178137653,0.4307692307692308,0.3333333333333333,79.9246913580247
605483,CH,Changeup,Offspeed,132,0.17813765182186234,0.4470588235294118,0.17391304347826086,84.78863636363637
605483,SL,Slider,Breaking,80,0.10796221322537113,0.525,0.3125,88.84125
605488,FF,4-Seam FB,Fastball,1121,0.4346645986816596,0.15169660678642716,0.13679245283018868,91.33889384478144
605488,CH,Changeup,Offspeed,636,0.2466072120977123,0.3587570621468927,0.2642857142857143,79.51509433962264
605488,SL,Slider,Breaking,554,0.21481194261341605,0.2384937238493724,0.23529411764705882,84.18158844765344
605488,ST,Sweeper,Breaking,156,0.06048856145792943,0.13559322033898305,0.25,77.4147435897436
605488,FC,Cutter,Fastball,112,0.04342768514928267,0.14634146341463414,0.25,87.625
605540,FF,4-Seam FB,Fastball,304,0.43366619115549215,0.25301204819277107,0.3108108108108108,91.80657894736841
605540,CH,Changeup,Offspeed,149,0.21255349500713266,0.4266666666666667,0.36666666666666664,82.35637583892618
605540,SI,Sinker,Fastball,128,0.1825962910128388,0.1044776119402985,0.041666666666666664,92.40624999999999
605540,FC,Cutter,Fastball,80,0.11412268188302425,0.05714285714285714,0.0,88.49000000000001
605540,CU,Curveball,Breaking,34,0.04850213980028531,0.18181818181818182,0.16666666666666666,75.94411764705882
606303,ST,Sweeper,Breaking,97,0.4597156398104265,0.26666666666666666,0.25,84.15567010309279
606303,FF,4-Seam FB,Fastball,78,0.3696682464454976,0.3170731707317073,0.5,94.1128205128205
606965,CH,Changeup,Offspeed,59,0.44029850746268656,0.26666666666666666,0.2857142857142857,82.61864406779661
606965,FF,4-Seam FB,Fastball,53,0.39552238805970147,0.09090909090909091,0.125,92.86603773584903
606996,SI,Sinker,Fastball,354,0.31920649233543735,0.15441176470588236,0.13513513513513514,93.65197740112995
606996,ST,Sweeper,Breaking,280,0.25247971145175835,0.23622047244094488,0.19642857142857142,83.17392857142856
606996,FS,Splitter,Offspeed,222,0.20018034265103696,0.37962962962962965,0.28,85.42927927927926
606996,SL,Slider,Breaking,156,0.1406672678088368,0.20588235294117646,0.1111111111111111,89.1576923076923
606996,FF,4-Seam FB,Fastball,97,0.08746618575293057,0.05,0.045454545454545456,94.01546391752578
607067,FF,4-Seam FB,Fastball,976,0.41338415925455313,0.15021459227467812,0.15723270440251572,93.84375
607067,CH,Changeup,Offspeed,427,0.180855569673867,0.27699530516431925,0.21686746987951808,87.73559718969555
607067,SL,Slider,Breaking,257,0.10885218127911901,0.29850746268656714,0.30666666666666664,86.2373540856031
607067,ST,Sweeper,Breaking,207,0.08767471410419314,0.2872340425531915,0.2727272727272727,82.89855072463769
607067,SI,Sinker,Fastball,202,0.08555696738670054,0.07368421052631578,0.08695652173913043,92.5831683168317
607067,FC,Cutter,Fastball,153,0.06480304955527319,0.2028985507246377,0.14285714285714285,87.35620915032679
607067,CU,Curveball,Breaking,139,0.058873358746293944,0.19444444444444445,0.09090909090909091,80.05827338129495
607074,FF,4-Seam FB,Fastball,661,0.45966620305980527,0.24115755627009647,0.15,94.34523449319214
607074,SL,Slider,Breaking,366,0.2545201668984701,0.38857142857142857,0.39,86.1379781420765
607074,CH,Changeup,Offspeed,209,0.14534075104311545,0.3867924528301887,0.275,85.23971291866027
607074,SI,Sinker,Fastball,178,0.12378303198887343,0.21978021978021978,0.2916666666666667,93.36235955056179
607192,FF,4-Seam FB,Fastball,458,0.34802431610942247,0.171875,0.25806451612903225,95.49366812227073
607192,KC,Knuckle-Curve,Breaking,299,0.22720364741641338,0.515625,0.5128205128205128,80.661872909699
607192,SI,Sinker,Fastball,262,0.19908814589665655,0.23404255319148937,0.23809523809523808,95.77290076335878
607192,SL,Slider,Breaking,234,0.1778115501519757,0.4074074074074074,0.41379310344827586,89.77905982905985
607192,CU,Curveball,Breaking,63,0.047872340425531915,0.6538461538461539,0.64,83.75396825396827
607200,ST,Sweeper,Breaking,974,0.38743038981702466,0.23042505592841164,0.20833333333333334,82.19733059548254
607200,SI,Sinker,Fastball,774,0.30787589498806683,0.125,0.1388888888888889,94.07144702842376
607200,FC,Cutter,Fastball,457,0.18178202068416865,0.14953271028037382,0.14035087719298245,91.29759299781182
607200,CH,Changeup,Offspeed,278,0.1105807478122514,0.2608695652173913,0.2972972972972973,88.80143884892087
607200,FF,4-Seam FB,Fastball,31,0.012330946698488464,0.14285714285714285,0.16666666666666666,94.4
607259,SI,Sinker,Fastball,833,0.31105302464525764,0.09273182957393483,0.08450704225352113,92.36986794717888
607259,CH,Changeup,Offspeed,689,0.25728155339805825,0.29829545454545453,0.24489795918367346,78.22931785195937
607259,FC,Cutter,Fastball,589,0.21994025392083644,0.12316715542521994,0.1111111111111111,89.13005093378608
607259,FF,4-Seam FB,Fastball,344,0.128454070201643,0.16666666666666666,0.17391304347826086,92.67674418604652
607259,CU,Curveball,Breaking,113,0.042195668409260645,0.15384615384615385,0.0,79.92654867256635
607259,SL,Slider,Breaking,108,0.040328603435399554,0.22,0.0,85.11018518518519
607455,SL,Slider,Breaking,263,0.4109375,0.4067796610169492,0.4153846153846154,84.52053231939163
607455,FF,4-Seam FB,Fastball,174,0.271875,0.14473684210526316,0.15384615384615385,94.5316091954023
607455,SI,Sinker,Fastball,164,0.25625,0.1506849315068493,0.16666666666666666,94.61646341463415
607455,CH,Changeup,Offspeed,39,0.0609375,0.375,0.0,87.25897435897436
607481,SI,Sinker,Fastball,132,0.37393767705382436,0.1111111111111111,0.14285714285714285,90.31363636363636
607481,CU,Curveball,Breaking,77,0.21813031161473087,0.1794871794871795,0.15,80.14805194805194
607481,ST,Sweeper,Breaking,72,0.20396600566572237,0.3333333333333333,0.2222222222222222,80.54444444444442
607481,FC,Cutter,Fastball,42,0.11898016997167139,0.2962962962962963,0.14285714285714285,87.6047619047619
607481,FF,4-Seam FB,Fastball,30,0.08498583569405099,0.1111111111111111,0.25,90.68666666666667
607536,FF,4-Seam FB,Fastball,528,0.23466666666666666,0.12550607287449392,0.10309278350515463,91.34488636363638
607536,KC,Knuckle-Curve,Breaking,497,0.22088888888888888,0.3333333333333333,0.3333333333333333,82.4605633802817
607536,FC,Cutter,Fastball,469,0.20844444444444443,0.18106995884773663,0.18518518518518517,87.67014925373135
607536,CH,Changeup,Offspeed,307,0.13644444444444445,0.2236024844720497,0.2,86.1869706840391
607536,ST,Sweeper,Breaking,225,0.1,0.31746031746031744,0.3389830508474576,82.71155555555555
607536,SI,Sinker,Fastball,224,0.09955555555555555,0.12962962962962962,0.1,91.13303571428573
607625,SI,Sinker,Fastball,579,0.19693877551020408,0.12048192771084337,0.16129032258064516,91.42953367875647
607625,FF,4-Seam FB,Fastball,487,0.16564625850340137,0.1485148514851485,0.1625,91.67597535934293
607625,FC,Cutter,Fastball,466,0.15850340136054422,0.242914979757085,0.20909090909090908,89.8324034334764
607625,CU,Curveball,Breaking,438,0.1489795918367347,0.2198952879581152,0.1978021978021978,77.29794520547945
607625,ST,Sweeper,Breaking,331,0.11258503401360544,0.16129032258064516,0.19148936170212766,79.1679758308157
607625,SL,Slider,Breaking,270,0.09183673469387756,0.2222222222222222,0.24444444444444444,84.32703703703703
607625,CH,Changeup,Offspeed,262,0.0891156462585034,0.15702479338842976,0.125,85.11793893129772
607625,CS,CS,Breaking,64,0.021768707482993196,0.3333333333333333,0.23529411764705882,69.2125
607625,SV,Slurve,Breaking,43,0.014625850340136054,0.21052631578947367,0.2857142857142857,77.38604651162791
608032,FF,4-Seam FB,Fastball,50,0.5376344086021505,0.1875,0.2,89.934
608331,FC,Cutter,Fastball,418,0.22293333333333334,0.26540284360189575,0.3709677419354839,91.84952153110049
608331,SI,Sinker,Fastball,374,0.19946666666666665,0.18994413407821228,0.16326530612244897,93.0938502673797
608331,FF,4-Seam FB,Fastball,337,0.17973333333333333,0.17391304347826086,0.2,94.83471810089021
608331,CU,Curveball,Breaking,250,0.13333333333333333,0.28125,0.2553191489361702,73.6592
608331,ST,Sweeper,Breaking,244,0.13013333333333332,0.29411764705882354,0.24390243902439024,79.85942622950822
608331,CH,Changeup,Offspeed,231,0.1232,0.2857142857142857,0.25,85.51471861471862
608337,FF,4-Seam FB,Fastball,229,0.41560798548094374,0.16666666666666666,0.14285714285714285,90.79912663755458
608337,CH,Changeup,Offspeed,191,0.3466424682395644,0.2441860465116279,0.17857142857142858,78.9869109947644
608337,SL,Slider,Breaking,94,0.1705989110707804,0.4857142857142857,0.4166666666666667,83.1659574468085
608337,CU,Curveball,Breaking,37,0.06715063520871144,0.07142857142857142,0.0,76.88108108108108
608371,FF,4-Seam FB,Fastball,91,0.457286432160804,0.075,0.0,94.22857142857141
608371,SL,Slider,Breaking,49,0.24623115577889448,0.36363636363636365,0.25,85.8142857142857
608371,ST,Sweeper,Breaking,39,0.19597989949748743,0.5,0.4,85.19743589743591
608372,FS,Splitter,Offspeed,555,0.21038665655799849,0.3249097472924188,0.2767857142857143,86.88936936936936
608372,FF,4-Seam FB,Fastball,546,0.20697498104624715,0.1684981684981685,0.16521739130434782,92.57399267399268
608372,SI,Sinker,Fastball,491,0.18612585291887793,0.07725321888412018,0.057971014492753624,92.50264765784115
608372,FC,Cutter,Fastball,295,0.11182714177407127,0.19310344827586207,0.23809523809523808,89.02949152542372
608372,ST,Sweeper,Breaking,292,0.1106899166034875,0.19327731092436976,0.09090909090909091,83.74520547945205
608372,SL,Slider,Breaking,246,0.0932524639878696,0.19642857142857142,0.22641509433962265,85.41138211382115
608372,CU,Curveball,Breaking,213,0.08074298711144806,0.20212765957446807,0.18181818181818182,79.84741784037557
608379,FF,4-Seam FB,Fastball,878,0.2751488561579442,0.20898876404494382,0.19886363636363635,93.14362186788155
608379,CH,Changeup,Offspeed,792,0.2481980570354121,0.27790432801822323,0.2780487804878049,80.65151515151516
608379,FC,Cutter,Fastball,476,0.14916953932936383,0.15611814345991562,0.15555555555555556,89.42920168067228
608379,SI,Sinker,Fastball,449,0.14070824193042933,0.11981566820276497,0.15853658536585366,93.16124721603563
608379,CU,Curveball,Breaking,310,0.09714822939517392,0.2553191489361702,0.23076923076923078,75.90096774193547
608379,SL,Slider,Breaking,286,0.08962707615167659,0.29838709677419356,0.23809523809523808,84.80979020979021
608566,FF,4-Seam FB,Fastball,398,0.3695450324976787,0.1534090909090909,0.12857142857142856,94.7040201005025
608566,KC,Knuckle-Curve,Breaking,368,0.34168987929433614,0.34210526315789475,0.3,85.53451086956521
608566,SI,Sinker,Fastball,153,0.14206128133704735,0.08536585365853659,0.15384615384615385,94.15555555555555
608566,SL,Slider,Breaking,125,0.11606313834726091,0.2878787878787879,0.2727272727272727,87.88239999999999
608566,CH,Changeup,Offspeed,33,0.03064066852367688,0.0,0.0,86.96363636363635
608650,FF,4-Seam FB,Fastball,202,0.5611111111111111,0.2549019607843137,0.17073170731707318,93.77425742574258
608650,CH,Changeup,Offspeed,78,0.21666666666666667,0.2916666666666667,0.18181818181818182,84.32820512820513
608650,FC,Cutter,Fastball,33,0.09166666666666666,0.18181818181818182,0.0,86.10909090909091
608650,ST,Sweeper,Breaking,30,0.08333333333333333,0.25,0.2222222222222222,80.45
608718,SI,Sinker,Fastball,548,0.3437892095357591,0.1222707423580786,0.06382978723404255,89.02025547445255
608718,CH,Changeup,Offspeed,429,0.2691342534504391,0.33668341708542715,0.19753086419753085,76.55757575757575
608718,FF,4-Seam FB,Fastball,411,0.2578419071518193,0.23963133640552994,0.20202020202020202,87.74282238442824
608718,SL,Slider,Breaking,206,0.12923462986198245,0.3146067415730337,0.2777777777777778,78.00728155339807
608723,FF,4-Seam FB,Fastball,53,0.24651162790697675,0.08695652173913043,0.16666666666666666,92.11320754716982
608723,FC,Cutter,Fastball,51,0.2372093023255814,0.17857142857142858,0.0,87.4137254901961
608723,ST,Sweeper,Breaking,40,0.18604651162790697,0.14285714285714285,0.0,80.09
608723,CU,Curveball,Breaking,34,0.15813953488372093,0.2857142857142857,0.0,74.48235294117647
615698,SI,Sinker,Fastball,421,0.2505952380952381,0.15315315315315314,0.1323529411764706,93.958432304038
615698,FF,4-Seam FB,Fastball,413,0.24583333333333332,0.2751322751322751,0.2716049382716049,93.80096852300241
615698,FS,Splitter,Offspeed,382,0.22738095238095238,0.25,0.2911392405063291,84.63115183246073
615698,FC,Cutter,Fastball,332,0.1976190476190476,0.1390728476821192,0.14634146341463414,88.69006024096385
615698,CU,Curveball,Breaking,72,0.04285714285714286,0.07407407407407407,0.125,79.1611111111111
615698,SL,Slider,Breaking,60,0.03571428571428571,0.045454545454545456,0.14285714285714285,85.85666666666665
621016,SI,Sinker,Fastball,174,0.35655737704918034,0.17721518987341772,0.21052631578947367,91.99252873563216
621016,FF,4-Seam FB,Fastball,160,0.32786885245901637,0.3,0.19230769230769232,91.844375
621016,ST,Sweeper,Breaking,126,0.2581967213114754,0.3684210526315789,0.32,82.82777777777778
621053,FF,4-Seam FB,Fastball,135,0.46075085324232085,0.2676056338028169,0.3076923076923077,95.45185185185186
621053,ST,Sweeper,Breaking,62,0.21160409556313994,0.4444444444444444,0.5,84.1274193548387
621074,FF,4-Seam FB,Fastball,254,0.327741935483871,0.22137404580152673,0.2037037037037037,96.15118110236222
621074,CU,Curveball,Breaking,241,0.3109677419354839,0.3706896551724138,0.34782608695652173,82.2539419087137
621074,FC,Cutter,Fastball,169,0.21806451612903227,0.18421052631578946,0.2857142857142857,89.63905325443787
621074,SI,Sinker,Fastball,95,0.12258064516129032,0.18181818181818182,0.3333333333333333,95.76
621097,FF,4-Seam FB,Fastball,286,0.41210374639769454,0.19078947368421054,0.13793103448275862,92.90594405594405
621097,FC,Cutter,Fastball,230,0.3314121037463977,0.2604166666666667,0.2631578947368421,86.79434782608695
621097,CH,Changeup,Offspeed,136,0.19596541786743515,0.4090909090909091,0.4594594594594595,84.4595588235294
621097,CU,Curveball,Breaking,42,0.06051873198847262,0.36363636363636365,0.0,76.41666666666667
621107,FC,Cutter,Fastball,34,0.2361111111111111,0.23529411764705882,0.0,88.54411764705883
621107,CU,Curveball,Breaking,30,0.20833333333333334,0.6666666666666666,0.5,78.64333333333333
621111,FC,Cutter,Fastball,660,0.2389572773352643,0.17684887459807075,0.23076923076923078,90.39363636363638
621111,FF,4-Seam FB,Fastball,564,0.20419985517740769,0.14220183486238533,0.12048192771084337,93.93386524822695
621111,SI,Sinker,Fastball,526,0.19044170890658943,0.11219512195121951,0.08333333333333333,94.20057034220532
621111,SL,Slider,Breaking,289,0.10463432295438088,0.2236024844720497,0.2753623188405797,87.06782006920415
621111,CH,Changeup,Offspeed,279,0.10101375814627082,0.3008130081300813,0.27450980392156865,89.07706093189964
621111,KC,Knuckle-Curve,Breaking,243,0.08797972483707459,0.325,0.3333333333333333,78.00699588477364
621111,ST,Sweeper,Breaking,201,0.07277335264301231,0.26605504587155965,0.288135593220339,82.35522388059702
621112,SI,Sinker,Fastball,440,0.3424124513618677,0.11413043478260869,0.09615384615384616,94.24477272727272
621112,CH,Changeup,Offspeed,273,0.21245136186770427,0.29605263157894735,0.3541666666666667,87.47765567765568
621112,FC,Cutter,Fastball,246,0.19143968871595332,0.1623931623931624,0.25,91.78373983739839
621112,CU,Curveball,Breaking,184,0.1431906614785992,0.40540540540540543,0.4411764705882353,81.08423913043478
621112,ST,Sweeper,Breaking,94,0.07315175097276265,0.32608695652173914,0.2916666666666667,83.76808510638298
621112,FF,4-Seam FB,Fastball,35,0.027237354085603113,0.09090909090909091,0.3333333333333333,94.70000000000002
621121,FC,Cutter,Fastball,236,0.2773207990599295,0.21428571428571427,0.3181818181818182,89.0072033898305
621121,SI,Sinker,Fastball,186,0.21856639247943596,0.1388888888888889,0.0,91.30215053763439
621121,ST,Sweeper,Breaking,142,0.16686251468860164,0.2982456140350877,0.3235294117647059,82.26971830985914
621121,CH,Changeup,Offspeed,132,0.15511163337250294,0.4074074074074074,0.23529411764705882,85.50303030303029
621121,KC,Knuckle-Curve,Breaking,120,0.1410105757931845,0.4576271186440678,0.3939393939393939,81.615
621121,FF,4-Seam FB,Fastball,35,0.041128084606345476,0.26666666666666666,0.0,91.82857142857142
621139,FS,Splitter,Offspeed,30,0.5454545454545454,0.4,0.2857142857142857,81.92666666666668
621237,SI,Sinker,Fastball,747,0.631979695431472,0.19941348973607037,0.21978021978021978,97.85957161981257
621237,FC,Cutter,Fastball,384,0.3248730964467005,0.39444444444444443,0.36,91.45625
621242,FF,4-Seam FB,Fastball,234,0.5571428571428572,0.21505376344086022,0.25,96.46923076923078
621242,SL,Slider,Breaking,184,0.4380952380952381,0.3125,0.2391304347826087,89.28695652173913
621345,FC,Cutter,Fastball,373,0.55096011816839,0.2621359223300971,0.34328358208955223,89.01394101876674
621345,FF,4-Seam FB,Fastball,187,0.276218611521418,0.20212765957446807,0.24324324324324326,93.46791443850267
621345,CH,Changeup,Offspeed,87,0.12850812407680945,0.19047619047619047,0.26666666666666666,86.47816091954024
621345,SI,Sinker,Fastball,30,0.04431314623338257,0.15384615384615385,0.16666666666666666,93.39333333333335
621366,SL,Slider,Breaking,146,0.37055837563451777,0.4268292682926829,0.4230769230769231,86.0958904109589
621366,SI,Sinker,Fastball,134,0.3401015228426396,0.11320754716981132,0.16666666666666666,93.50447761194029
621366,FS,Splitter,Offspeed,56,0.14213197969543148,0.2727272727272727,0.08333333333333333,83.01607142857142
621366,ST,Sweeper,Breaking,36,0.09137055837563451,0.35714285714285715,0.16666666666666666,80.77500000000002
621381,FF,4-Seam FB,Fastball,262,0.3748211731044349,0.2463768115942029,0.14516129032258066,91.27290076335878
621381,SL,Slider,Breaking,197,0.28183118741058655,0.3103448275862069,0.2702702702702703,81.18730964467005
621381,SI,Sinker,Fastball,106,0.15164520743919885,0.0851063829787234,0.0,91.43301886792453
621381,CH,Changeup,Offspeed,76,0.10872675250357654,0.18604651162790697,0.09375,82.24736842105263
621381,FC,Cutter,Fastball,58,0.08297567954220315,0.25,0.25,87.5
621383,SL,Slider,Breaking,250,0.3561253561253561,0.208,0.21212121212121213,86.8248
621383,ST,Sweeper,Breaking,156,0.2222222222222222,0.28169014084507044,0.27586206896551724,81.49743589743589
621383,FF,4-Seam FB,Fastball,150,0.21367521367521367,0.28735632183908044,0.32653061224489793,91.95066666666666
621383,SI,Sinker,Fastball,111,0.1581196581196581,0.10416666666666667,0.0,91.2099099099099
621383,CH,Changeup,Offspeed,35,0.04985754985754986,0.3125,0.42857142857142855,83.58
622088,ST,Sweeper,Breaking,488,0.5109947643979058,0.33480176211453744,0.24742268041237114,83.80409836065573
622088,FC,Cutter,Fastball,176,0.18429319371727748,0.24050632911392406,0.2631578947368421,90.31931818181819
622088,CU,Curveball,Breaking,112,0.11727748691099477,0.13953488372093023,0.047619047619047616,81.72321428571429
622088,SI,Sinker,Fastball,109,0.11413612565445026,0.2708333333333333,0.5,93.79541284403669
622088,FF,4-Seam FB,Fastball,56,0.05863874345549738,0.22857142857142856,0.24,94.8375
622491,FF,4-Seam FB,Fastball,1055,0.419984076433121,0.26610169491525426,0.2139917695473251,95.1642654028436
622491,SL,Slider,Breaking,613,0.24402866242038215,0.27335640138408307,0.20512820512820512,85.48678629690048
622491,SI,Sinker,Fastball,470,0.18710191082802546,0.11555555555555555,0.09090909090909091,95.33744680851063
622491,CH,Changeup,Offspeed,367,0.1460987261146497,0.2436548223350254,0.1527777777777778,87.37166212534059
622554,FF,4-Seam FB,Fastball,489,0.43007915567282323,0.24696356275303644,0.1875,97.28200408997955
622554,ST,Sweeper,Breaking,317,0.27880386983289357,0.32061068702290074,0.2631578947368421,85.10567823343848
622554,SI,Sinker,Fastball,187,0.1644678979771328,0.12790697674418605,0.14285714285714285,97.60374331550803
622554,FS,Splitter,Offspeed,128,0.11257695690413369,0.5409836065573771,0.4418604651162791,85.87812499999998
622608,FC,Cutter,Fastball,396,0.3341772151898734,0.25806451612903225,0.21666666666666667,92.26313131313131
622608,FF,4-Seam FB,Fastball,363,0.30632911392405066,0.28095238095238095,0.2549019607843137,97.33608815426997
622608,SI,Sinker,Fastball,250,0.2109704641350211,0.1297709923664122,0.14705882352941177,96.7528
622608,CU,Curveball,Breaking,100,0.08438818565400844,0.29411764705882354,0.3,83.521
622608,CH,Changeup,Offspeed,53,0.04472573839662447,0.1,0.0,90.76037735849053
622663,ST,Sweeper,Breaking,288,0.24721030042918454,0.32,0.30434782608695654,84.90416666666667
622663,SI,Sinker,Fastball,271,0.23261802575107296,0.15503875968992248,0.11428571428571428,96.31734317343174
622663,FF,4-Seam FB,Fastball,250,0.2145922746781116,0.25196850393700787,0.19117647058823528,96.80839999999999
622663,FC,Cutter,Fastball,244,0.2094420600858369,0.17886178861788618,0.14285714285714285,94.1467213114754
622663,CH,Changeup,Offspeed,74,0.06351931330472103,0.24,0.2,86.97972972972973
622663,SL,Slider,Breaking,38,0.03261802575107296,0.375,0.46153846153846156,86.85000000000001
622694,FF,4-Seam FB,Fastball,81,0.37327188940092165,0.1951219512195122,0.11764705882352941,92.20987654320987
622694,ST,Sweeper,Breaking,78,0.35944700460829493,0.3939393939393939,0.26666666666666666,79.47820512820512
622694,CH,Changeup,Offspeed,50,0.2304147465437788,0.36363636363636365,0.5714285714285714,83.604
622761,FA,Fastball,Fastball,41,1.0,0.05263157894736842,0.0,65.60975609756098
623149,FF,4-Seam FB,Fastball,510,0.5555555555555556,0.22377622377622378,0.2032520325203252,91.32745098039216
623149,ST,Sweeper,Breaking,390,0.42483660130718953,0.3279569892473118,0.28,82.82
623168,EP,EP,Other,38,0.59375,0.0,0.0,47.626315789473686
623211,SI,Sinker,Fastball,522,0.4943181818181818,0.18930041152263374,0.22727272727272727,96.16839080459769
623211,CH,Changeup,Offspeed,421,0.39867424242424243,0.33796296296296297,0.2523364485981308,90.84513064133017
623211,FF,4-Seam FB,Fastball,77,0.07291666666666667,0.17391304347826086,0.18181818181818182,96.7987012987013
623211,FC,Cutter,Fastball,30,0.028409090909090908,0.3333333333333333,0.2,91.17333333333335
623352,SI,Sinker,Fastball,458,0.6459802538787024,0.277992277992278,0.2831858407079646,95.12205240174671
623352,SL,Slider,Breaking,251,0.3540197461212976,0.4566929133858268,0.3469387755102041,84.50557768924303
623433,FF,4-Seam FB,Fastball,40,0.6451612903225806,0.23076923076923078,0.1111111111111111,94.66
623437,SI,Sinker,Fastball,191,0.40987124463519314,0.12658227848101267,0.20833333333333334,93.57905759162306
623437,FC,Cutter,Fastball,120,0.2575107296137339,0.1896551724137931,0.1,91.46666666666667
623437,ST,Sweeper,Breaking,96,0.20600858369098712,0.17647058823529413,0.16666666666666666,81.76458333333333
623437,CH,Changeup,Offspeed,58,0.12446351931330472,0.22580645161290322,0.35714285714285715,86.2051724137931
623454,FF,4-Seam FB,Fastball,734,0.4041850220264317,0.18798955613577023,0.2,95.30681198910081
623454,CH,Changeup,Offspeed,561,0.30892070484581496,0.3612040133779264,0.29770992366412213,89.82869875222815
623454,CU,Curveball,Breaking,401,0.22081497797356828,0.32857142857142857,0.3492063492063492,80.07506234413965
623454,SL,Slider,Breaking,92,0.05066079295154185,0.26,0.3333333333333333,88.01521739130435
623465,FF,4-Seam FB,Fastball,191,0.4515366430260047,0.26595744680851063,0.3157894736842105,96.86492146596859
623465,ST,Sweeper,Breaking,157,0.37115839243498816,0.34328358208955223,0.2619047619047619,86.24585987261146
623465,FC,Cutter,Fastball,43,0.1016548463356974,0.17857142857142858,0.0,92.42093023255813
623465,SI,Sinker,Fastball,32,0.07565011820330969,0.11764705882352941,0.25,96.6375
623474,SL,Slider,Breaking,326,0.3253493013972056,0.3057324840764331,0.21621621621621623,85.88680981595091
623474,ST,Sweeper,Breaking,276,0.2754491017964072,0.27631578947368424,0.25,78.2054347826087
623474,SI,Sinker,Fastball,230,0.22954091816367264,0.10843373493975904,0.1111111111111111,90.82000000000001
623474,CH,Changeup,Offspeed,85,0.08483033932135728,0.2,0.0,85.31764705882352
623474,FF,4-Seam FB,Fastball,85,0.08483033932135728,0.1956521739130435,0.20930232558139536,92.00941176470589
624133,SI,Sinker,Fastball,598,0.2437831227068895,0.12962962962962962,0.08571428571428572,90.25367892976588
624133,FF,4-Seam FB,Fastball,551,0.22462291072156543,0.1642512077294686,0.14285714285714285,91.46805807622503
624133,FC,Cutter,Fastball,463,0.18874847125968203,0.1375,0.15555555555555556,87.83390928725703
624133,CU,Curveball,Breaking,408,0.1663269465960049,0.375,0.4044943820224719,75.64240196078431
624133,CH,Changeup,Offspeed,308,0.12556053811659193,0.2653061224489796,0.16666666666666666,81.02435064935065
624133,SL,Slider,Breaking,125,0.050958010599266204,0.45614035087719296,0.3939393939393939,78.9312
624431,EP,EP,Other,67,0.536,0.07692307692307693,0.5,38.61940298507463
624431,KN,Knuckleball,Breaking,49,0.392,0.05263157894736842,0.0,54.67959183673469
624522,FF,4-Seam FB,Fastball,59,0.28095238095238095,0.17647058823529413,0.15384615384615385,92.36440677966101
624522,FC,Cutter,Fastball,53,0.2523809523809524,0.2903225806451613,0.2,88.40566037735847
624522,SI,Sinker,Fastball,46,0.21904761904761905,0.13636363636363635,0.3333333333333333,92.16304347826089
625643,FF,4-Seam FB,Fastball,813,0.534516765285996,0.1548223350253807,0.16923076923076924,93.81340713407134
625643,SL,Slider,Breaking,467,0.30703484549638393,0.3197969543147208,0.30952380952380953,83.78715203426124
625643,CU,Curveball,Breaking,172,0.11308349769888232,0.225,0.1951219512195122,74.22325581395347
625643,CH,Changeup,Offspeed,69,0.045364891518737675,0.45454545454545453,0.5,83.74492753623187
628452,FF,4-Seam FB,Fastball,358,0.3668032786885246,0.2393617021276596,0.20238095238095238,94.30893854748604
628452,CH,Changeup,Offspeed,349,0.35758196721311475,0.41284403669724773,0.391304347826087,88.36991404011461
628452,SI,Sinker,Fastball,190,0.19467213114754098,0.13513513513513514,0.0,94.34842105263156
628452,SL,Slider,Breaking,79,0.08094262295081968,0.2857142857142857,0.3888888888888889,82.64177215189873
640448,FF,4-Seam FB,Fastball,557,0.5157407407407407,0.17391304347826086,0.15294117647058825,96.19461400359067
640448,FS,Splitter,Offspeed,342,0.31666666666666665,0.32335329341317365,0.26666666666666666,87.15116959064328
640448,SL,Slider,Breaking,181,0.1675925925925926,0.3655913978494624,0.21428571428571427,85.52541436464088
640451,FF,4-Seam FB,Fastball,54,0.47368421052631576,0.125,0.08333333333333333,96.95740740740744
640451,FS,Splitter,Offspeed,35,0.30701754385964913,0.4,0.23076923076923078,88.98285714285713
640454,SI,Sinker,Fastball,95,0.45893719806763283,0.24390243902439024,0.2,89.5357894736842
640454,ST,Sweeper,Breaking,94,0.45410628019323673,0.3333333333333333,0.3684210526315789,82.13510638297873
640455,FF,4-Seam FB,Fastball,983,0.3862475442043222,0.23529411764705882,0.21338912133891214,91.23184130213632
640455,ST,Sweeper,Breaking,769,0.30216110019646364,0.3016759776536313,0.29069767441860467,75.7107932379714
640455,SI,Sinker,Fastball,478,0.18781925343811395,0.07456140350877193,0.13725490196078433,90.28744769874477
640455,FC,Cutter,Fastball,204,0.08015717092337918,0.2727272727272727,0.2,84.65196078431373
640455,CH,Changeup,Offspeed,111,0.04361493123772102,0.15,0.14285714285714285,83.99909909909911
641302,CH,Changeup,Offspeed,284,0.2341302555647156,0.2684563758389262,0.29310344827586204,84.73802816901409
641302,FC,Cutter,Fastball,256,0.2110469909315746,0.17894736842105263,0.17647058823529413,88.265625
641302,SI,Sinker,Fastball,232,0.1912613355317395,0.049019607843137254,0.05555555555555555,91.38405172413792
641302,ST,Sweeper,Breaking,223,0.1838417147568013,0.25,0.125,80.2390134529148
641302,FF,4-Seam FB,Fastball,217,0.17889530090684255,0.2549019607843137,0.21052631578947367,91.9373271889401
641312,SL,Slider,Breaking,135,0.2922077922077922,0.2786885245901639,0.3333333333333333,89.03407407407407
641312,FF,4-Seam FB,Fastball,120,0.2597402597402597,0.21153846153846154,0.2222222222222222,93.20416666666667
641312,CH,Changeup,Offspeed,114,0.24675324675324675,0.2962962962962963,0.26666666666666666,86.69824561403509
641312,ST,Sweeper,Breaking,58,0.12554112554112554,0.2857142857142857,0.2857142857142857,81.95344827586207
641312,SI,Sinker,Fastball,35,0.07575757575757576,0.09090909090909091,0.0,93.73428571428572
641329,FF,4-Seam FB,Fastball,535,0.5265748031496063,0.23183391003460208,0.2018348623853211,96.29757009345794
641329,CH,Changeup,Offspeed,439,0.43208661417322836,0.32286995515695066,0.297029702970297,85.16765375854216
641329,SL,Slider,Breaking,42,0.04133858267716536,0.23809523809523808,0.2857142857142857,87.79761904761905
641401,FF,4-Seam FB,Fastball,160,0.47619047619047616,0.2857142857142857,0.3793103448275862,94.5325
641401,CH,Changeup,Offspeed,132,0.39285714285714285,0.23809523809523808,0.29411764705882354,83.86515151515151
641401,FC,Cutter,Fastball,35,0.10416666666666667,0.4,0.0,87.73142857142857
641585,FC,Cutter,Fastball,44,0.2619047619047619,0.18518518518518517,0.25,86.81818181818183
641585,CU,Curveball,Breaking,37,0.22023809523809523,0.23529411764705882,0.16666666666666666,76.15945945945946
641585,FF,4-Seam FB,Fastball,32,0.19047619047619047,0.0,0.0,92.25937499999999
641656,SL,Slider,Breaking,62,0.5961538461538461,0.3333333333333333,0.25,86.70161290322581
641743,ST,Sweeper,Breaking,684,0.23217922606924643,0.3303964757709251,0.2898550724637681,82.6608187134503
641743,FF,4-Seam FB,Fastball,646,0.21928038017651053,0.1926605504587156,0.20394736842105263,95.862693498452
641743,SI,Sinker,Fastball,529,0.1795655125594026,0.16666666666666666,0.17647058823529413,95.27618147448017
641743,FC,Cutter,Fastball,500,0.1697216564833673,0.17254901960784313,0.10714285714285714,91.596
641743,CH,Changeup,Offspeed,417,0.1415478615071283,0.32653061224489793,0.24324324324324326,86.06834532374101
641743,SL,Slider,Breaking,170,0.05770536320434488,0.2631578947368421,0.28205128205128205,86.29235294117647
641745,FF,4-Seam FB,Fastball,180,0.32432432432432434,0.2,0.18518518518518517,96.9761111111111
641745,SL,Slider,Breaking,123,0.22162162162162163,0.24561403508771928,0.36,87.00813008130083
641745,SI,Sinker,Fastball,108,0.1945945945945946,0.16,0.13333333333333333,96.77037037037037
641745,CH,Changeup,Offspeed,77,0.13873873873873874,0.35294117647058826,0.35294117647058826,92.7961038961039
641745,ST,Sweeper,Breaking,67,0.12072072072072072,0.22857142857142856,0.3,85.66716417910449
641755,SL,Slider,Breaking,621,0.6634615384615384,0.2857142857142857,0.2222222222222222,87.1024154589372
641755,CU,Curveball,Breaking,156,0.16666666666666666,0.2608695652173913,0.225,83.04743589743589
641755,FF,4-Seam FB,Fastball,145,0.15491452991452992,0.13636363636363635,0.1,94.35241379310345
641778,FF,4-Seam FB,Fastball,759,0.418412348401323,0.19953051643192488,0.16568047337278108,91.10039525691701
641778,FC,Cutter,Fastball,415,0.22877618522601983,0.19913419913419914,0.16455696202531644,87.60746987951809
641778,CH,Changeup,Offspeed,269,0.14829106945975745,0.1487603305785124,0.08333333333333333,84.63048327137545
641778,CU,Curveball,Breaking,223,0.12293274531422271,0.17647058823529413,0.08571428571428572,75.90986547085201
641778,SL,Slider,Breaking,148,0.08158765159867695,0.13924050632911392,0.058823529411764705,82.8087837837838
641793,SL,Slider,Breaking,576,0.2822146006859383,0.19217081850533807,0.19047619047619047,88.11024305555556
641793,FF,4-Seam FB,Fastball,517,0.25330720235178833,0.14624505928853754,0.1836734693877551,91.62495164410059
641793,FS,Splitter,Offspeed,477,0.23370896619304263,0.18106995884773663,0.16964285714285715,84.03752620545072
641793,SI,Sinker,Fastball,292,0.14306712395884372,0.11585365853658537,0.12195121951219512,91.34109589041095
641793,ST,Sweeper,Breaking,177,0.08672219500244978,0.1780821917808219,0.1388888888888889,79.24632768361582
641816,FF,4-Seam FB,Fastball,1213,0.475499803998432,0.22105263157894736,0.25925925925925924,92.81995053586151
641816,FS,Splitter,Offspeed,783,0.30693845550764404,0.27078891257995735,0.2545454545454545,86.3353767560664
641816,FC,Cutter,Fastball,371,0.1454331634653077,0.1518987341772152,0.24,87.72021563342317
641816,SL,Slider,Breaking,167,0.06546452371618973,0.23809523809523808,0.2962962962962963,84.83293413173652
641835,SI,Sinker,Fastball,653,0.564390665514261,0.19205298013245034,0.14736842105263157,94.1926493108729
641835,SL,Slider,Breaking,352,0.30423509075194466,0.2635135135135135,0.2537313432835821,87.29176136363637
641835,FF,4-Seam FB,Fastball,129,0.111495246326707,0.2923076923076923,0.2926829268292683,94.44186046511628
641927,CH,Changeup,Offspeed,747,0.33378016085790885,0.20157068062827224,0.1554054054054054,82.63520749665328
641927,FF,4-Seam FB,Fastball,697,0.31143878462913316,0.14942528735632185,0.13392857142857142,88.09282639885222
641927,SL,Slider,Breaking,399,0.17828418230563003,0.14814814814814814,0.2,82.4937343358396
641927,ST,Sweeper,Breaking,277,0.12377122430741734,0.4318181818181818,0.4,76.06317689530685
641927,SI,Sinker,Fastball,81,0.036193029490616625,0.12195121951219512,0.0,88.82716049382717
641927,CU,Curveball,Breaking,37,0.01653261840929401,0.1,0.0,72.95405405405404
641941,FF,4-Seam FB,Fastball,445,0.625,0.20077220077220076,0.26373626373626374,94.83797752808988
641941,FC,Cutter,Fastball,137,0.19241573033707865,0.37037037037037035,0.26666666666666666,85.82627737226278
641941,FS,Splitter,Offspeed,129,0.18117977528089887,0.3793103448275862,0.3225806451612903,82.6798449612403
642048,ST,Sweeper,Breaking,118,0.3224043715846995,0.4098360655737705,0.30434782608695654,82.11271186440679
642048,SL,Slider,Breaking,92,0.25136612021857924,0.40476190476190477,0.2,87.07934782608696
642048,SI,Sinker,Fastball,66,0.18032786885245902,0.2,0.2222222222222222,92.26363636363635
642048,FF,4-Seam FB,Fastball,54,0.14754098360655737,0.30434782608695654,0.46153846153846156,92.51666666666667
642048,CH,Changeup,Offspeed,36,0.09836065573770492,0.5263157894736842,0.6666666666666666,86.25555555555557
642100,FF,4-Seam FB,Fastball,288,0.401673640167364,0.3179190751445087,0.3020833333333333,95.41493055555556
642100,SI,Sinker,Fastball,234,0.3263598326359833,0.11304347826086956,0.2,95.0559829059829
642100,SL,Slider,Breaking,189,0.26359832635983266,0.27058823529411763,0.2631578947368421,84.22751322751323
642121,FF,4-Seam FB,Fastball,426,0.43962848297213625,0.21008403361344538,0.23170731707317074,92.25352112676056
642121,CH,Changeup,Offspeed,374,0.38596491228070173,0.36312849162011174,0.37662337662337664,83.60668449197861
642121,FC,Cutter,Fastball,132,0.13622291021671826,0.2318840579710145,0.3,87.49545454545455
642121,ST,Sweeper,Breaking,36,0.03715170278637771,0.25,0.3,83.07777777777778
642152,SI,Sinker,Fastball,63,0.29439252336448596,0.08,0.16666666666666666,95.18412698412699
642152,FC,Cutter,Fastball,62,0.2897196261682243,0.2857142857142857,0.5,91.71774193548387
642152,ST,Sweeper,Breaking,40,0.18691588785046728,0.6923076923076923,0.4,79.61749999999999
642152,CH,Changeup,Offspeed,31,0.14485981308411214,0.38461538461538464,0.2,86.60967741935485
642207,FF,4-Seam FB,Fastball,405,0.5225806451612903,0.3,0.24,93.84592592592594
642207,CH,Changeup,Offspeed,356,0.4593548387096774,0.39,0.34782608695652173,83.81685393258427
642215,EP,EP,Other,44,0.7457627118644068,0.045454545454545456,0.0,46.02272727272727
642232,FC,Cutter,Fastball,330,0.28695652173913044,0.18543046357615894,0.12244897959183673,84.87969696969697
642232,CH,Changeup,Offspeed,262,0.22782608695652173,0.3221476510067114,0.20689655172413793,77.61679389312978
642232,ST,Sweeper,Breaking,222,0.19304347826086957,0.4158415841584158,0.2391304347826087,71.63648648648649
642232,FF,4-Seam FB,Fastball,182,0.1582608695652174,0.16901408450704225,0.10256410256410256,87.36648351648351
642232,SI,Sinker,Fastball,154,0.13391304347826086,0.03896103896103896,0.058823529411764705,86.74155844155845
642376,SI,Sinker,Fastball,162,0.44141689373297005,0.18309859154929578,0.07692307692307693,97.56913580246913
642376,FF,4-Seam FB,Fastball,94,0.2561307901907357,0.3469387755102041,0.3076923076923077,97.34148936170209
642376,SL,Slider,Breaking,73,0.1989100817438692,0.5161290322580645,0.4,86.35068493150685
642376,CH,Changeup,Offspeed,37,0.1008174386920981,0.7368421052631579,0.8,88.57837837837837
642397,SI,Sinker,Fastball,464,0.3902439024390244,0.1016949152542373,0.0,96.40775862068965
642397,SL,Slider,Breaking,340,0.28595458368376786,0.445859872611465,0.3950617283950617,83.57029411764707
642397,FF,4-Seam FB,Fastball,191,0.16063919259882253,0.14942528735632185,0.13953488372093023,97.04921465968587
642397,ST,Sweeper,Breaking,183,0.15391084945332212,0.4444444444444444,0.42857142857142855,82.66666666666667
642528,SI,Sinker,Fastball,348,0.34285714285714286,0.16230366492146597,0.18867924528301888,97.86494252873563
642528,CH,Changeup,Offspeed,277,0.2729064039408867,0.3375,0.3333333333333333,91.00613718411553
642528,FF,4-Seam FB,Fastball,171,0.1684729064039409,0.18604651162790697,0.2,97.61520467836257
642528,CU,Curveball,Breaking,153,0.15073891625615762,0.2753623188405797,0.16666666666666666,89.43529411764705
642528,FC,Cutter,Fastball,66,0.06502463054187192,0.22857142857142856,0.125,95.86515151515152
642546,SL,Slider,Breaking,216,0.4595744680851064,0.3655913978494624,0.2631578947368421,88.8550925925926
642546,SI,Sinker,Fastball,173,0.3680851063829787,0.0963855421686747,0.047619047619047616,96.95549132947977
642546,FF,4-Seam FB,Fastball,71,0.15106382978723404,0.125,0.13333333333333333,97.3112676056338
642547,FF,4-Seam FB,Fastball,1568,0.5299087529570801,0.22427440633245382,0.19305019305019305,94.34604591836735
642547,CH,Changeup,Offspeed,693,0.2342007434944238,0.2894736842105263,0.265625,87.37864357864358
642547,CU,Curveball,Breaking,383,0.12943562014193985,0.3076923076923077,0.2823529411764706,79.49451697127938
642547,ST,Sweeper,Breaking,169,0.057113889827644475,0.25,0.21052631578947367,82.3792899408284
642547,SL,Slider,Breaking,118,0.03987833727610679,0.48717948717948717,0.45454545454545453,83.12711864406779
642701,SL,Slider,Breaking,344,0.35796045785639957,0.36,0.26582278481012656,85.40872093023255
642701,FF,4-Seam FB,Fastball,259,0.2695109261186264,0.1796875,0.2037037037037037,94.02779922779924
642701,CH,Changeup,Offspeed,137,0.1425598335067638,0.2878787878787879,0.14285714285714285,87.8963503649635
642701,SI,Sinker,Fastball,119,0.12382934443288242,0.10714285714285714,0.09090909090909091,93.85546218487397
642701,FC,Cutter,Fastball,102,0.10613943808532779,0.22448979591836735,0.16666666666666666,89.84117647058822
642759,FF,4-Seam FB,Fastball,50,0.5813953488372093,0.16,0.0,96.336
642759,CH,Changeup,Offspeed,36,0.4186046511627907,0.6666666666666666,0.42857142857142855,86.50833333333334
643377,ST,Sweeper,Breaking,433,0.2508690614136732,0.3546511627906977,0.3508771929824561,87.52424942263279
643377,SI,Sinker,Fastball,391,0.22653534183082272,0.11917098445595854,0.05263157894736842,95.30588235294117
643377,CH,Changeup,Offspeed,389,0.2253765932792584,0.4188034188034188,0.44565217391304346,90.84652956298201
643377,FF,4-Seam FB,Fastball,312,0.18076477404403243,0.2692307692307692,0.2318840579710145,95.89711538461539
643377,CU,Curveball,Breaking,151,0.08748551564310544,0.43636363636363634,0.46153846153846156,84.90728476821192
643377,FC,Cutter,Fastball,50,0.028968713789107765,0.125,0.0,92.80000000000001
643410,FS,Splitter,Offspeed,190,0.3150912106135987,0.44642857142857145,0.4507042253521127,84.3036842105263
643410,SI,Sinker,Fastball,164,0.27197346600331673,0.1111111111111111,0.0,92.15975609756099
643410,CU,Curveball,Breaking,116,0.19237147595356552,0.3541666666666667,0.23076923076923078,73.9206896551724
643410,FF,4-Seam FB,Fastball,74,0.12271973466003316,0.09375,0.058823529411764705,92.2527027027027
643410,FC,Cutter,Fastball,54,0.08955223880597014,0.29411764705882354,0.3333333333333333,89.6
643511,SI,Sinker,Fastball,773,0.7593320235756386,0.11970074812967581,0.10526315789473684,83.22406209573091
643511,SL,Slider,Breaking,245,0.2406679764243615,0.23423423423423423,0.19672131147540983,73.53183673469387
645261,SI,Sinker,Fastball,903,0.26189095127610207,0.11688311688311688,0.13095238095238096,97.26710963455149
645261,CH,Changeup,Offspeed,704,0.20417633410672853,0.2817258883248731,0.2585034013605442,90.77784090909091
645261,FF,4-Seam FB,Fastball,627,0.1818445475638051,0.20634920634920634,0.18253968253968253,97.41339712918659
645261,FC,Cutter,Fastball,511,0.14820185614849188,0.24390243902439024,0.2857142857142857,89.90371819960862
645261,ST,Sweeper,Breaking,307,0.08903712296983758,0.24822695035460993,0.24193548387096775,84.09185667752442
645261,SL,Slider,Breaking,255,0.07395591647331787,0.25196850393700787,0.21311475409836064,84.89333333333335
645261,CU,Curveball,Breaking,141,0.04089327146171694,0.17543859649122806,0.0,82.78794326241133
646241,FF,4-Seam FB,Fastball,288,0.41379310344827586,0.26811594202898553,0.2692307692307692,94.14756944444444
646241,CH,Changeup,Offspeed,153,0.21982758620689655,0.3194444444444444,0.35714285714285715,87.62483660130718
646241,FC,Cutter,Fastball,109,0.15660919540229884,0.3103448275862069,0.3181818181818182,85.57339449541283
646241,SI,Sinker,Fastball,99,0.14224137931034483,0.058823529411764705,0.16666666666666666,94.1070707070707
646241,SL,Slider,Breaking,47,0.06752873563218391,0.23076923076923078,0.25,80.29148936170213
647315,SI,Sinker,Fastball,106,0.5988700564971752,0.10416666666666667,0.08333333333333333,96.32358490566038
647315,SL,Slider,Breaking,49,0.2768361581920904,0.23529411764705882,0.2,86.38163265306122
647336,SV,Slurve,Breaking,644,0.323943661971831,0.3707482993197279,0.3493975903614458,80.58944099378881
647336,FF,4-Seam FB,Fastball,639,0.32142857142857145,0.17522658610271905,0.1953125,93.58982785602502
647336,CH,Changeup,Offspeed,241,0.12122736418511067,0.20689655172413793,0.21428571428571427,85.91078838174273
647336,FC,Cutter,Fastball,237,0.11921529175050302,0.20512820512820512,0.3684210526315789,89.05569620253164
647336,SI,Sinker,Fastball,213,0.10714285714285714,0.125,0.05555555555555555,93.36525821596246
650556,SL,Slider,Breaking,539,0.4443528441879637,0.3881278538812785,0.35454545454545455,86.5743970315399
650556,FF,4-Seam FB,Fastball,531,0.437757625721352,0.2798165137614679,0.41975308641975306,95.7406779661017
650556,FC,Cutter,Fastball,139,0.1145919208573784,0.34328358208955223,0.2857142857142857,93.11223021582734
650633,SI,Sinker,Fastball,897,0.28305459135373934,0.1652892561983471,0.1885245901639344,93.21583054626534
650633,CH,Changeup,Offspeed,819,0.25844114862732726,0.2727272727272727,0.2641509433962264,86.49499389499388
650633,FF,4-Seam FB,Fastball,637,0.20100978226569896,0.2773972602739726,0.2624113475177305,94.2844583987441
650633,ST,Sweeper,Breaking,611,0.19280530135689491,0.28076923076923077,0.23595505617977527,82.18412438625205
650633,SL,Slider,Breaking,205,0.06468917639633955,0.2413793103448276,0.2571428571428571,85.52731707317072
650644,FC,Cutter,Fastball,752,0.3758120939530235,0.25203252032520324,0.2288135593220339,88.1287234042553
650644,CU,Curveball,Breaking,509,0.2543728135932034,0.23902439024390243,0.21359223300970873,77.4139489194499
650644,SI,Sinker,Fastball,319,0.15942028985507245,0.13986013986013987,0.17391304347826086,91.57210031347962
650644,FF,4-Seam FB,Fastball,216,0.10794602698650675,0.15178571428571427,0.14,91.54953703703704
650644,FS,Splitter,Offspeed,143,0.07146426786606697,0.25,0.21739130434782608,84.88601398601399
650644,SL,Slider,Breaking,62,0.030984507746126936,0.22580645161290322,0.23076923076923078,82.60161290322583
650911,SI,Sinker,Fastball,1484,0.4464500601684717,0.1188118811881188,0.10869565217391304,95.0964959568733
650911,CH,Changeup,Offspeed,1219,0.3667268351383875,0.4624624624624625,0.43223443223443225,87.05537325676784
650911,SL,Slider,Breaking,621,0.18682310469314078,0.41914191419141916,0.3875968992248062,86.34589371980677
650960,FC,Cutter,Fastball,155,0.32978723404255317,0.2073170731707317,0.09523809523809523,89.88516129032257
650960,ST,Sweeper,Breaking,122,0.25957446808510637,0.35384615384615387,0.3488372093023256,81.52213114754097
650960,FF,4-Seam FB,Fastball,73,0.15531914893617021,0.13333333333333333,0.125,95.0013698630137
650960,SI,Sinker,Fastball,70,0.14893617021276595,0.175,0.1875,93.32714285714286
650960,CH,Changeup,Offspeed,49,0.10425531914893617,0.13333333333333333,0.07142857142857142,88.40612244897959
655889,SL,Slider,Breaking,65,0.47101449275362317,0.25,0.3333333333333333,88.91538461538462
655889,SI,Sinker,Fastball,51,0.3695652173913043,0.3333333333333333,0.6666666666666666,96.17647058823532
656212,FF,4-Seam FB,Fastball,67,0.3333333333333333,0.07692307692307693,0.3333333333333333,89.34477611940298
656212,SI,Sinker,Fastball,43,0.21393034825870647,0.047619047619047616,0.0,89.18139534883721
656212,SL,Slider,Breaking,42,0.208955223880597,0.35294117647058826,0.2857142857142857,83.57142857142857
656212,CH,Changeup,Offspeed,36,0.1791044776119403,0.2222222222222222,0.3333333333333333,82.35277777777777
656222,FF,4-Seam FB,Fastball,224,0.5067873303167421,0.14035087719298245,0.2,93.37589285714286
656222,CH,Changeup,Offspeed,174,0.3936651583710407,0.35365853658536583,0.29411764705882354,87.88333333333333
656222,FC,Cutter,Fastball,44,0.09954751131221719,0.23076923076923078,0.5,81.82954545454545
656234,ST,Sweeper,Breaking,277,0.38472222222222224,0.3557692307692308,0.28888888888888886,84.24404332129963
656234,SI,Sinker,Fastball,232,0.32222222222222224,0.2,0.125,94.65172413793103
656234,FF,4-Seam FB,Fastball,121,0.16805555555555557,0.30158730158730157,0.3225806451612903,93.48016528925622
656234,CU,Curveball,Breaking,84,0.11666666666666667,0.23529411764705882,0.2222222222222222,80.95952380952382
656240,FC,Cutter,Fastball,199,0.3235772357723577,0.26495726495726496,0.25,89.44522613065325
656240,FF,4-Seam FB,Fastball,158,0.25691056910569104,0.18055555555555555,0.17647058823529413,95.63481012658228
656240,SL,Slider,Breaking,154,0.25040650406504067,0.3695652173913043,0.34615384615384615,85.01948051948051
656240,SI,Sinker,Fastball,61,0.0991869918699187,0.09375,0.0,94.75081967213114
656240,FS,Splitter,Offspeed,43,0.06991869918699187,0.125,0.14285714285714285,86.73023255813952
656271,FF,4-Seam FB,Fastball,517,0.40708661417322833,0.2612244897959184,0.24770642201834864,96.18123791102514
656271,SL,Slider,Breaking,353,0.27795275590551183,0.4,0.3684210526315789,86.44079320113315
656271,CH,Changeup,Offspeed,223,0.17559055118110237,0.2782608695652174,0.1794871794871795,87.56278026905828
656271,SI,Sinker,Fastball,177,0.13937007874015747,0.13580246913580246,0.11764705882352941,93.48813559322032
656288,CH,Changeup,Offspeed,386,0.25,0.24056603773584906,0.2571428571428571,90.32564766839377
656288,FF,4-Seam FB,Fastball,377,0.24417098445595856,0.2125,0.21311475409836064,94.60450928381964
656288,SL,Slider,Breaking,366,0.23704663212435234,0.3696969696969697,0.39344262295081966,87.96174863387978
656288,SI,Sinker,Fastball,152,0.09844559585492228,0.05,0.0,93.84013157894738
656288,KC,Knuckle-Curve,Breaking,133,0.086139896373057,0.3103448275862069,0.3103448275862069,82.10676691729324
656288,FC,Cutter,Fastball,85,0.05505181347150259,0.24242424242424243,0.0,90.17529411764707
656288,ST,Sweeper,Breaking,45,0.029145077720207253,0.3,0.42857142857142855,86.31333333333335
656302,FF,4-Seam FB,Fastball,1091,0.3663532572196105,0.2504708097928437,0.28378378378378377,96.82740604949588
656302,SL,Slider,Breaking,895,0.3005372733378106,0.44282744282744285,0.43564356435643564,88.68703910614525
656302,CH,Changeup,Offspeed,343,0.11517797179314976,0.48854961832061067,0.45098039215686275,81.5997084548105
656302,KC,Knuckle-Curve,Breaking,300,0.10073875083948959,0.2857142857142857,0.42105263157894735,81.67833333333333
656302,SI,Sinker,Fastball,240,0.08059100067159167,0.1504424778761062,0.13333333333333333,95.82916666666667
656302,ST,Sweeper,Breaking,109,0.036601746138347886,0.22857142857142856,0.1,83.48623853211011
656427,FF,4-Seam FB,Fastball,887,0.4900552486187845,0.1952941176470588,0.1695906432748538,92.71668545659527
656427,SL,Slider,Breaking,442,0.24419889502762432,0.33658536585365856,0.3037974683544304,85.06153846153846
656427,KC,Knuckle-Curve,Breaking,342,0.18895027624309393,0.3815789473684211,0.33783783783783783,78.05497076023391
656427,SI,Sinker,Fastball,79,0.04364640883977901,0.23076923076923078,0.0,90.92658227848099
656427,CH,Changeup,Offspeed,60,0.03314917127071823,0.29411764705882354,0.0,85.62500000000001
656457,SI,Sinker,Fastball,58,0.41134751773049644,0.03125,0.0,89.71724137931035
656457,ST,Sweeper,Breaking,50,0.3546099290780142,0.47619047619047616,0.3,79.182
656464,SL,Slider,Breaking,546,0.4789473684210526,0.420863309352518,0.4205607476635514,85.66300366300366
656464,FF,4-Seam FB,Fastball,527,0.46228070175438596,0.19011406844106463,0.16326530612244897,95.68747628083491
656464,SI,Sinker,Fastball,62,0.054385964912280704,0.0967741935483871,0.0,95.08064516129033
656492,FC,Cutter,Fastball,932,0.320164891789763,0.1965648854961832,0.1830065359477124,88.51480686695278
656492,FF,4-Seam FB,Fastball,480,0.16489178976296806,0.20540540540540542,0.18811881188118812,91.53958333333334
656492,ST,Sweeper,Breaking,438,0.15046375815870836,0.31840796019900497,0.28888888888888886,80.3244292237443
656492,CH,Changeup,Offspeed,335,0.11508072827207146,0.3291139240506329,0.2978723404255319,82.57641791044776
656492,SI,Sinker,Fastball,297,0.10202679491583648,0.15789473684210525,0.07692307692307693,91.41952861952862
656492,CU,Curveball,Breaking,259,0.08897286155960152,0.23529411764705882,0.23529411764705882,77.86370656370656
656492,FS,Splitter,Offspeed,170,0.05839917554105119,0.2727272727272727,0.24691358024691357,81.37294117647058
656529,FF,4-Seam FB,Fastball,231,0.33624454148471616,0.27722772277227725,0.21621621621621623,94.491341991342
656529,SI,Sinker,Fastball,184,0.2678311499272198,0.19230769230769232,0.29411764705882354,94.05163043478261
656529,SL,Slider,Breaking,155,0.22561863173216884,0.2857142857142857,0.14814814814814814,87.86
656529,CU,Curveball,Breaking,117,0.1703056768558952,0.39473684210526316,0.42105263157894735,80.47350427350426
656546,SL,Slider,Breaking,545,0.44672131147540983,0.5075757575757576,0.4224137931034483,86.5137614678899
656546,FF,4-Seam FB,Fastball,380,0.3114754098360656,0.25,0.2222222222222222,96.35342105263159
656546,FS,Splitter,Offspeed,241,0.19754098360655736,0.33070866141732286,0.23809523809523808,89.41701244813278
656546,SI,Sinker,Fastball,54,0.04426229508196721,0.25,0.6666666666666666,96.0740740740741
656550,SL,Slider,Breaking,897,0.3605305466237942,0.39872068230277186,0.36,85.38338907469341
656550,FF,4-Seam FB,Fastball,694,0.27893890675241156,0.1580547112462006,0.1346153846153846,94.2135446685879
656550,SI,Sinker,Fastball,309,0.12419614147909967,0.12878787878787878,0.0,93.22621359223301
656550,FC,Cutter,Fastball,214,0.0860128617363344,0.14432989690721648,0.0,92.12009345794391
656550,CU,Curveball,Breaking,195,0.07837620578778134,0.35294117647058826,0.3953488372093023,82.91948717948719
656550,CH,Changeup,Offspeed,179,0.07194533762057878,0.25316455696202533,0.20833333333333334,89.32625698324023
656605,FF,4-Seam FB,Fastball,658,0.3219178082191781,0.1728395061728395,0.13392857142857142,93.32644376899697
656605,SI,Sinker,Fastball,365,0.17857142857142858,0.15,0.12903225806451613,92.32054794520548
656605,ST,Sweeper,Breaking,334,0.1634050880626223,0.25748502994011974,0.2608695652173913,81.97455089820359
656605,CH,Changeup,Offspeed,183,0.08953033268101761,0.24705882352941178,0.3,88.74918032786887
656605,CU,Curveball,Breaking,182,0.08904109589041095,0.375,0.4838709677419355,77.8010989010989
656605,SL,Slider,Breaking,177,0.08659491193737769,0.21505376344086022,0.20689655172413793,87.17118644067796
656605,FC,Cutter,Fastball,145,0.07093933463796477,0.20512820512820512,0.16666666666666666,89.64827586206897
656638,SL,Slider,Breaking,375,0.31512605042016806,0.38,0.2441860465116279,87.91706666666667
656638,SI,Sinker,Fastball,275,0.23109243697478993,0.18691588785046728,0.30434782608695654,95.69854545454545
656638,CH,Changeup,Offspeed,258,0.21680672268907564,0.2975206611570248,0.2982456140350877,90.65
656638,FC,Cutter,Fastball,151,0.126890756302521,0.13846153846153847,0.0,92.08013245033112
656638,FF,4-Seam FB,Fastball,130,0.1092436974789916,0.16393442622950818,0.16666666666666666,95.89538461538463
656641,FF,4-Seam FB,Fastball,664,0.5496688741721855,0.22343324250681199,0.2052980132450331,94.71807228915664
656641,CH,Changeup,Offspeed,243,0.201158940397351,0.47794117647058826,0.39215686274509803,85.9559670781893
656641,SL,Slider,Breaking,210,0.173841059602649,0.41,0.21212121212121213,85.53476190476192
656641,CU,Curveball,Breaking,91,0.07533112582781457,0.41379310344827586,0.43478260869565216,80.37912087912088
656686,FF,4-Seam FB,Fastball,88,0.5238095238095238,0.3,0.21428571428571427,94.8625
656686,CU,Curveball,Breaking,33,0.19642857142857142,0.5,0.0,85.83030303030303
656716,FA,Fastball,Fastball,33,0.5789473684210527,0.25,0.0,47.29090909090909
656730,FF,4-Seam FB,Fastball,585,0.6428571428571429,0.21221864951768488,0.26,97.91247863247864
656730,KC,Knuckle-Curve,Breaking,325,0.35714285714285715,0.4777777777777778,0.4691358024691358,87.96153846153847
656756,SI,Sinker,Fastball,161,0.3888888888888889,0.09523809523809523,0.043478260869565216,90.57639751552794
656756,SL,Slider,Breaking,70,0.16908212560386474,0.34782608695652173,0.4,82.98571428571428
656756,CU,Curveball,Breaking,66,0.15942028985507245,0.34782608695652173,0.2,76.83636363636364
656756,FF,4-Seam FB,Fastball,66,0.15942028985507245,0.08333333333333333,0.05263157894736842,90.40151515151516
656756,CH,Changeup,Offspeed,51,0.12318840579710146,0.5185185185185185,0.5,81.5843137254902
656786,FF,4-Seam FB,Fastball,41,0.23295454545454544,0.17647058823529413,0.0,91.96829268292683
656786,ST,Sweeper,Breaking,40,0.22727272727272727,0.13636363636363635,0.0,82.12750000000001
656786,FC,Cutter,Fastball,35,0.19886363636363635,0.21428571428571427,1.0,88.36
656786,CU,Curveball,Breaking,30,0.17045454545454544,0.25,0.0,82.48333333333335
656794,FF,4-Seam FB,Fastball,607,0.39035369774919615,0.27639751552795033,0.2740740740740741,94.88682042833608
656794,SV,Slurve,Breaking,484,0.3112540192926045,0.3028571428571429,0.22093023255813954,82.87913223140495
656794,SI,Sinker,Fastball,328,0.21093247588424438,0.11688311688311688,0.10810810810810811,93.52103658536586
656794,CU,Curveball,Breaking,66,0.04244372990353698,0.2,0.24,80.78939393939395
656794,CH,Changeup,Offspeed,42,0.027009646302250803,0.047619047619047616,0.0,86.7547619047619
656848,FF,4-Seam FB,Fastball,710,0.613126079447323,0.2679900744416873,0.2346368715083799,97.95676056338027
656848,SL,Slider,Breaking,309,0.266839378238342,0.3984375,0.35294117647058826,87.69741100323624
656848,CH,Changeup,Offspeed,137,0.11830742659758203,0.2830188679245283,0.16666666666666666,89.68102189781021
656849,SI,Sinker,Fastball,788,0.2974707436768592,0.15273775216138327,0.13636363636363635,92.08324873096447
656849,FF,4-Seam FB,Fastball,656,0.24764061910154775,0.2088607594936709,0.24324324324324326,92.49649390243903
656849,SL,Slider,Breaking,583,0.22008305020762553,0.2993421052631579,0.29931972789115646,86.36277873070325
656849,CH,Changeup,Offspeed,346,0.13061532653831634,0.2289156626506024,0.2,85.63959537572255
656849,CU,Curveball,Breaking,276,0.10419026047565119,0.3106796116504854,0.425531914893617,80.38260869565217
656876,FC,Cutter,Fastball,794,0.2894640904119577,0.25476190476190474,0.26119402985074625,89.93337531486145
656876,FF,4-Seam FB,Fastball,773,0.2818082391542107,0.25790754257907544,0.26666666666666666,95.79016817593791
656876,SI,Sinker,Fastball,654,0.23842508202697776,0.16891891891891891,0.16,95.21788990825688
656876,CH,Changeup,Offspeed,355,0.12942034269048486,0.35638297872340424,0.3333333333333333,89.63830985915493
656876,CU,Curveball,Breaking,96,0.034998177178271965,0.24,0.375,80.11458333333333
656876,ST,Sweeper,Breaking,71,0.025884068538096973,0.15789473684210525,0.10526315789473684,84.46901408450704
656945,SL,Slider,Breaking,516,0.5053868756121449,0.4166666666666667,0.33620689655172414,89.37383720930231
656945,FF,4-Seam FB,Fastball,500,0.48971596474045054,0.2896551724137931,0.2743362831858407,96.883
656986,SL,Slider,Breaking,368,0.673992673992674,0.3670212765957447,0.3218390804597701,85.49755434782608
656986,FF,4-Seam FB,Fastball,134,0.2454212454212454,0.16129032258064516,0.0,94.03582089552238
656986,SI,Sinker,Fastball,44,0.08058608058608059,0.2631578947368421,0.5,93.08181818181819
657044,SI,Sinker,Fastball,450,0.6206896551724138,0.1619047619047619,0.18181818181818182,89.23066666666668
657044,SL,Slider,Breaking,236,0.3255172413793103,0.2459016393442623,0.21666666666666667,77.81313559322035
657044,FF,4-Seam FB,Fastball,39,0.05379310344827586,0.1875,0.18181818181818182,91.18974358974359
657097,FF,4-Seam FB,Fastball,509,0.4280908326324643,0.26104417670682734,0.25225225225225223,94.1746561886051
657097,CH,Changeup,Offspeed,458,0.38519764507989906,0.40569395017793597,0.3103448275862069,85.59672489082969
657097,SL,Slider,Breaking,101,0.08494533221194281,0.27906976744186046,0.18181818181818182,85.57524752475248
657097,CU,Curveball,Breaking,87,0.07317073170731707,0.10526315789473684,0.0,81.78735632183908
657097,ST,Sweeper,Breaking,34,0.028595458368376788,0.5555555555555556,0.0,82.52941176470587
657265,SI,Sinker,Fastball,126,0.42,0.14035087719298245,0.0,92.31825396825397
657265,CU,Curveball,Breaking,72,0.24,0.2222222222222222,0.17647058823529413,81.44999999999999
657265,ST,Sweeper,Breaking,40,0.13333333333333333,0.2857142857142857,0.6666666666666666,81.115
657265,FF,4-Seam FB,Fastball,33,0.11,0.21052631578947367,0.18181818181818182,92.61818181818182
657277,SI,Sinker,Fastball,757,0.2940947940947941,0.12536443148688048,0.12195121951219512,92.01809775429327
657277,CH,Changeup,Offspeed,619,0.24048174048174048,0.27714285714285714,0.2543352601156069,85.78400646203555
657277,ST,Sweeper,Breaking,521,0.2024087024087024,0.24858757062146894,0.2727272727272727,84.14740882917467
657277,FF,4-Seam FB,Fastball,342,0.13286713286713286,0.25268817204301075,0.20754716981132076,92.25029239766081
657277,FC,Cutter,Fastball,335,0.13014763014763014,0.19318181818181818,0.1891891891891892,89.82537313432836
657424,SL,Slider,Breaking,240,0.4436229205175601,0.24545454545454545,0.15789473684210525,84.32916666666667
657424,FF,4-Seam FB,Fastball,179,0.33086876155268025,0.25555555555555554,0.25806451612903225,92.23016759776537
657424,CH,Changeup,Offspeed,81,0.14972273567467653,0.20588235294117646,0.26666666666666666,85.1395061728395
657424,SI,Sinker,Fastball,41,0.07578558225508318,0.22727272727272727,0.09090909090909091,92.91707317073171
657514,SI,Sinker,Fastball,439,0.4076137418755803,0.15384615384615385,0.15254237288135594,90.30478359908885
657514,CU,Curveball,Breaking,360,0.3342618384401114,0.34965034965034963,0.3787878787878788,77.75416666666666
657514,FC,Cutter,Fastball,126,0.116991643454039,0.23728813559322035,0.0,85.73809523809526
657514,CH,Changeup,Offspeed,85,0.07892293407613742,0.3157894736842105,0.2857142857142857,80.2329411764706
657514,FF,4-Seam FB,Fastball,58,0.05385329619312906,0.16129032258064516,0.1111111111111111,90.5551724137931
657571,SI,Sinker,Fastball,196,0.33447098976109213,0.18072289156626506,0.14705882352941177,92.27244897959184
657571,FC,Cutter,Fastball,150,0.25597269624573377,0.22972972972972974,0.24,87.494
657571,FF,4-Seam FB,Fastball,146,0.24914675767918087,0.1267605633802817,0.08333333333333333,92.24931506849313
657571,SV,Slurve,Breaking,94,0.16040955631399317,0.2926829268292683,0.2,80.05106382978722
657612,SI,Sinker,Fastball,694,0.8193624557260921,0.0997229916897507,0.08264462809917356,88.34510086455332
657612,SL,Slider,Breaking,100,0.1180637544273908,0.35135135135135137,0.5,76.006
657612,FF,4-Seam FB,Fastball,53,0.06257378984651712,0.2608695652173913,0.3125,89.18490566037737
657649,SI,Sinker,Fastball,109,0.49099099099099097,0.15555555555555556,0.10526315789473684,94.10183486238533
657649,FC,Cutter,Fastball,59,0.26576576576576577,0.19047619047619047,0.0,90.51016949152543
657649,CH,Changeup,Offspeed,34,0.15315315315315314,0.375,0.16666666666666666,83.5764705882353
657746,FF,4-Seam FB,Fastball,1127,0.43886292834890966,0.2504288164665523,0.2222222222222222,93.42315882874888
657746,ST,Sweeper,Breaking,409,0.15926791277258567,0.37,0.33766233766233766,80.29853300733495
657746,FS,Splitter,Offspeed,308,0.11993769470404984,0.2361111111111111,0.19607843137254902,87.81136363636364
657746,KC,Knuckle-Curve,Breaking,288,0.11214953271028037,0.2953020134228188,0.2803738317757009,78.9829861111111
657746,SI,Sinker,Fastball,253,0.0985202492211838,0.078125,0.02631578947368421,93.02648221343874
657746,SL,Slider,Breaking,183,0.07126168224299065,0.2619047619047619,0.15384615384615385,86.20437158469946
657756,FF,4-Seam FB,Fastball,263,0.5166994106090373,0.18181818181818182,0.13333333333333333,93.56007604562737
657756,CH,Changeup,Offspeed,108,0.21218074656188604,0.18181818181818182,0.15,82.98796296296298
657756,SL,Slider,Breaking,82,0.16110019646365423,0.23076923076923078,0.125,82.93048780487806
657756,FC,Cutter,Fastball,56,0.1100196463654224,0.34615384615384615,0.0,86.90357142857144
660271,FF,4-Seam FB,Fastball,652,0.4399460188933873,0.2742857142857143,0.296,97.98174846625766
660271,ST,Sweeper,Breaking,420,0.2834008097165992,0.3723404255319149,0.3717948717948718,84.86928571428571
660271,CU,Curveball,Breaking,157,0.10593792172739541,0.4594594594594595,0.47619047619047616,75.32420382165606
660271,FS,Splitter,Offspeed,136,0.09176788124156546,0.359375,0.3,88.59485294117647
660271,SI,Sinker,Fastball,93,0.06275303643724696,0.24390243902439024,0.3333333333333333,96.16666666666667
660604,CH,Changeup,Offspeed,183,0.3727087576374745,0.35454545454545455,0.28846153846153844,80.81584699453552
660604,FF,4-Seam FB,Fastball,168,0.3421588594704684,0.0898876404494382,0.15151515151515152,92.92261904761905
660604,SL,Slider,Breaking,81,0.164969450101833,0.35294117647058826,0.46153846153846156,84.54074074074076
660604,CU,Curveball,Breaking,59,0.12016293279022404,0.07692307692307693,0.0,73.17796610169492
660710,FA,Fastball,Fastball,35,0.7777777777777778,0.10526315789473684,0.0,74.06857142857145
660761,FF,4-Seam FB,Fastball,433,0.35933609958506224,0.23529411764705882,0.2463768115942029,92.68868360277136
660761,SL,Slider,Breaking,307,0.25477178423236513,0.2765957446808511,0.2857142857142857,81.71628664495114
660761,CH,Changeup,Offspeed,304,0.25228215767634854,0.3850574712643678,0.2926829268292683,82.94802631578946
660761,SI,Sinker,Fastball,120,0.0995850622406639,0.1016949152542373,0.0,91.5325
660761,ST,Sweeper,Breaking,33,0.027385892116182572,0.3076923076923077,0.36363636363636365,78.11515151515151
660787,SI,Sinker,Fastball,231,0.5732009925558312,0.11965811965811966,0.05263157894736842,95.27402597402599
660787,CH,Changeup,Offspeed,98,0.24317617866004962,0.2708333333333333,0.2857142857142857,87.58877551020409
660787,FF,4-Seam FB,Fastball,49,0.12158808933002481,0.13636363636363635,0.16666666666666666,94.85918367346939
660825,SI,Sinker,Fastball,704,0.6153846153846154,0.15384615384615385,0.15517241379310345,95.71931818181817
660825,ST,Sweeper,Breaking,389,0.34003496503496505,0.34911242603550297,0.31343283582089554,83.57300771208227
660844,EP,EP,Other,31,1.0,0.0,0.0,39.035483870967745
660853,FF,4-Seam FB,Fastball,511,0.43900343642611683,0.17,0.16030534351145037,95.03326810176125
660853,SL,Slider,Breaking,351,0.3015463917525773,0.35625,0.3,86.43532763532764
660853,CH,Changeup,Offspeed,302,0.25945017182130586,0.37349397590361444,0.4,85.3519867549669
661395,FS,Splitter,Offspeed,487,0.4728155339805825,0.28169014084507044,0.3333333333333333,97.63860369609856
661395,FF,4-Seam FB,Fastball,288,0.2796116504854369,0.4105960264900662,0.4166666666666667,100.44548611111111
661395,ST,Sweeper,Breaking,112,0.1087378640776699,0.5869565217391305,0.5769230769230769,89.41250000000001
661395,KC,Knuckle-Curve,Breaking,94,0.0912621359223301,0.4444444444444444,0.2727272727272727,88.80319148936172
661395,CH,Changeup,Offspeed,49,0.04757281553398058,0.09523809523809523,0.08333333333333333,88.62857142857143
661563,FF,4-Seam FB,Fastball,326,0.5150078988941548,0.17197452229299362,0.16417910447761194,95.52208588957055
661563,SL,Slider,Breaking,143,0.2259083728278041,0.2835820895522388,0.28,86.31958041958042
661563,CH,Changeup,Offspeed,119,0.18799368088467613,0.2682926829268293,0.3076923076923077,90.17647058823528
661563,SI,Sinker,Fastball,45,0.07109004739336493,0.0,0.0,94.54888888888891
662253,SL,Slider,Breaking,430,0.4287138584247258,0.5021645021645021,0.4766355140186916,87.13302325581397
662253,FF,4-Seam FB,Fastball,422,0.42073778664007977,0.24867724867724866,0.2711864406779661,99.71800947867298
662253,SI,Sinker,Fastball,83,0.08275174476570289,0.16666666666666666,0.2,98.4120481927711
662253,CH,Changeup,Offspeed,68,0.06779661016949153,0.8,0.8947368421052632,92.80294117647058
663158,FF,4-Seam FB,Fastball,260,0.4727272727272727,0.18309859154929578,0.20689655172413793,98.60461538461537
663158,CH,Changeup,Offspeed,173,0.3145454545454546,0.32710280373831774,0.2692307692307692,90.54104046242773
663158,FC,Cutter,Fastball,75,0.13636363636363635,0.23333333333333334,0.0,95.99199999999999
663158,SI,Sinker,Fastball,42,0.07636363636363637,0.047619047619047616,0.0,97.54047619047618
663362,KN,Knuckleball,Breaking,243,0.3111395646606914,0.2184873949579832,0.20833333333333334,80.57489711934157
663362,FC,Cutter,Fastball,155,0.19846350832266324,0.16470588235294117,0.35,88.01096774193549
663362,FF,4-Seam FB,Fastball,139,0.17797695262483995,0.1917808219178082,0.16216216216216217,92.18705035971223
663362,SI,Sinker,Fastball,133,0.1702944942381562,0.171875,0.26666666666666666,91.73157894736842
663362,ST,Sweeper,Breaking,111,0.14212548015364918,0.09090909090909091,0.0625,81.05855855855857
663372,FF,4-Seam FB,Fastball,620,0.28401282638570774,0.13043478260869565,0.18518518518518517,94.82112903225806
663372,SL,Slider,Breaking,503,0.2304168575355016,0.2616033755274262,0.14634146341463414,89.08230616302185
663372,CH,Changeup,Offspeed,399,0.18277599633531838,0.4434389140271493,0.3893805309734513,85.13659147869674
663372,SI,Sinker,Fastball,311,0.14246449839670178,0.14012738853503184,0.06818181818181818,94.23922829581993
663372,ST,Sweeper,Breaking,238,0.10902427851580394,0.19444444444444445,0.1568627450980392,81.95588235294117
663372,CU,Curveball,Breaking,112,0.05130554283096656,0.20512820512820512,0.07692307692307693,79.3875
663423,FF,4-Seam FB,Fastball,226,0.3192090395480226,0.17391304347826086,0.1282051282051282,95.13451327433629
663423,FC,Cutter,Fastball,155,0.2189265536723164,0.2840909090909091,0.38461538461538464,91.13548387096775
663423,ST,Sweeper,Breaking,135,0.1906779661016949,0.23333333333333334,0.1724137931034483,81.29407407407405
663423,CU,Curveball,Breaking,115,0.16242937853107345,0.17073170731707318,0.19230769230769232,81.75130434782608
663423,SI,Sinker,Fastball,75,0.1059322033898305,0.11627906976744186,0.16666666666666666,94.59733333333332
663432,FF,4-Seam FB,Fastball,72,0.5106382978723404,0.26666666666666666,0.3,96.43333333333334
663432,SL,Slider,Breaking,55,0.3900709219858156,0.4444444444444444,0.0,88.12545454545452
663436,FF,4-Seam FB,Fastball,639,0.26591760299625467,0.24161073825503357,0.25,93.85899843505477
663436,SI,Sinker,Fastball,450,0.18726591760299627,0.06666666666666667,0.03389830508474576,92.75288888888888
663436,CH,Changeup,Offspeed,348,0.14481897627965043,0.13812154696132597,0.109375,90.05948275862069
663436,CU,Curveball,Breaking,341,0.14190595089471494,0.4146341463414634,0.33962264150943394,81.6891495601173
663436,FC,Cutter,Fastball,311,0.12942155638784852,0.26973684210526316,0.23076923076923078,89.65305466237942
663436,SL,Slider,Breaking,308,0.12817311693716188,0.36257309941520466,0.26582278481012656,87.05779220779222
663460,FF,4-Seam FB,Fastball,365,0.41383219954648526,0.25,0.2857142857142857,91.93287671232876
663460,CH,Changeup,Offspeed,181,0.20521541950113378,0.32075471698113206,0.20833333333333334,85.94309392265194
663460,ST,Sweeper,Breaking,148,0.16780045351473924,0.2903225806451613,0.2692307692307692,82.54256756756757
663460,SI,Sinker,Fastball,113,0.12811791383219956,0.0784313725490196,0.0,91.43539823008848
663460,SL,Slider,Breaking,75,0.08503401360544217,0.3333333333333333,0.2727272727272727,85.372
663465,FF,4-Seam FB,Fastball,87,0.36401673640167365,0.14285714285714285,0.13043478260869565,89.8528735632184
663465,FC,Cutter,Fastball,49,0.20502092050209206,0.3076923076923077,0.45454545454545453,83.34081632653061
663465,CH,Changeup,Offspeed,43,0.1799163179916318,0.18518518518518517,0.07142857142857142,82.38139534883722
663465,CU,Curveball,Breaking,37,0.15481171548117154,0.25,0.16666666666666666,71.8864864864865
663485,FF,4-Seam FB,Fastball,88,0.39111111111111113,0.14634146341463414,0.0,93.21818181818183
663485,FC,Cutter,Fastball,52,0.2311111111111111,0.3333333333333333,0.4,87.63846153846156
663485,FS,Splitter,Offspeed,37,0.16444444444444445,0.3333333333333333,0.2,87.19189189189187
663542,FF,4-Seam FB,Fastball,720,0.6642066420664207,0.23497267759562843,0.19333333333333333,91.85958333333332
663542,ST,Sweeper,Breaking,307,0.283210332103321,0.22962962962962963,0.20408163265306123,79.93550488599348
663542,SI,Sinker,Fastball,42,0.03874538745387454,0.2727272727272727,0.0,89.94047619047619
663554,FF,4-Seam FB,Fastball,777,0.35047361299052776,0.18487394957983194,0.15503875968992248,93.27876447876449
663554,SL,Slider,Breaking,596,0.2688317546233649,0.2550607287449393,0.25396825396825395,87.40922818791947
663554,FS,Splitter,Offspeed,524,0.2363554352728913,0.31333333333333335,0.3308270676691729,87.6591603053435
663554,SI,Sinker,Fastball,217,0.09788001804239964,0.1623931623931624,0.19047619047619047,93.52258064516128
663554,SV,Slurve,Breaking,103,0.04645917907081642,0.16666666666666666,0.19047619047619047,81.33398058252426
663556,FF,4-Seam FB,Fastball,768,0.3922369765066394,0.18699186991869918,0.17894736842105263,95.516796875
663556,CH,Changeup,Offspeed,553,0.28243105209397346,0.38380281690140844,0.3382352941176471,86.84032549728754
663556,SL,Slider,Breaking,350,0.1787538304392237,0.28205128205128205,0.27419354838709675,88.15457142857143
663556,CU,Curveball,Breaking,287,0.14657814096016344,0.25,0.1935483870967742,82.05261324041811
663558,FF,4-Seam FB,Fastball,428,0.3926605504587156,0.1896551724137931,0.21311475409836064,92.81518691588785
663558,CH,Changeup,Offspeed,384,0.3522935779816514,0.5,0.4470588235294118,83.1953125
663558,FC,Cutter,Fastball,127,0.11651376146788991,0.32786885245901637,0.23076923076923078,85.19763779527558
663558,SI,Sinker,Fastball,98,0.08990825688073395,0.12195121951219512,0.0,92.83469387755102
663558,ST,Sweeper,Breaking,51,0.046788990825688076,0.18518518518518517,0.1111111111111111,79.60196078431375
663559,FF,4-Seam FB,Fastball,138,0.5433070866141733,0.14516129032258066,0.1875,92.46086956521738
663559,SL,Slider,Breaking,67,0.2637795275590551,0.26666666666666666,0.3,83.99552238805973
663567,FF,4-Seam FB,Fastball,853,0.31074681238615665,0.25892857142857145,0.2808988764044944,93.93341148886283
663567,CH,Changeup,Offspeed,648,0.2360655737704918,0.3333333333333333,0.2847222222222222,86.8969135802469
663567,SL,Slider,Breaking,317,0.11548269581056467,0.2482758620689655,0.17543859649122806,85.70094637223974
663567,SI,Sinker,Fastball,280,0.10200364298724955,0.08943089430894309,0.13043478260869565,93.50214285714286
663567,FC,Cutter,Fastball,273,0.0994535519125683,0.1590909090909091,0.18,91.60146520146519
663567,ST,Sweeper,Breaking,209,0.07613843351548269,0.3020833333333333,0.20833333333333334,82.8047846889952
663567,SV,Slurve,Breaking,155,0.056466302367941715,0.18604651162790697,0.2222222222222222,80.26838709677419
663568,FF,4-Seam FB,Fastball,237,0.2831541218637993,0.18584070796460178,0.08333333333333333,94.24894514767932
663568,SI,Sinker,Fastball,182,0.2174432497013142,0.056179775280898875,0.0,93.72417582417584
663568,SL,Slider,Breaking,137,0.16367980884109917,0.42857142857142855,0.3333333333333333,85.57226277372264
663568,FC,Cutter,Fastball,103,0.12305854241338113,0.20754716981132076,0.2857142857142857,90.25339805825243
663568,CH,Changeup,Offspeed,100,0.11947431302270012,0.16,0.15,87.089
663568,ST,Sweeper,Breaking,78,0.0931899641577061,0.09090909090909091,0.125,79.9179487179487
663574,FF,4-Seam FB,Fastball,451,0.6246537396121884,0.18141592920353983,0.20481927710843373,94.49667405764967
663574,SV,Slurve,Breaking,216,0.29916897506925205,0.34285714285714286,0.35,84.6175925925926
663574,SL,Slider,Breaking,55,0.07617728531855955,0.45454545454545453,0.8,84.8509090909091
663623,FF,4-Seam FB,Fastball,643,0.3206982543640898,0.237012987012987,0.2,93.1720062208398
663623,CU,Curveball,Breaking,448,0.22344139650872819,0.3440366972477064,0.2912621359223301,77.653125
663623,SI,Sinker,Fastball,377,0.18802992518703243,0.13095238095238096,0.04878048780487805,92.09602122015914
663623,FC,Cutter,Fastball,203,0.10124688279301745,0.1702127659574468,0.21739130434782608,89.53842364532021
663623,ST,Sweeper,Breaking,175,0.08728179551122195,0.25555555555555554,0.23255813953488372,81.87714285714284
663623,CH,Changeup,Offspeed,159,0.07930174563591022,0.2727272727272727,0.29411764705882354,85.94591194968554
663687,FF,4-Seam FB,Fastball,841,0.6188373804267844,0.23298429319371727,0.20118343195266272,95.23246135552913
663687,CU,Curveball,Breaking,360,0.26490066225165565,0.32,0.38235294117647056,74.0111111111111
663687,SL,Slider,Breaking,84,0.06181015452538632,0.2962962962962963,0.25,85.55119047619048
663687,CH,Changeup,Offspeed,53,0.03899926416482708,0.23529411764705882,0.2,83.94339622641509
663738,SI,Sinker,Fastball,434,0.3219584569732938,0.14361702127659576,0.08823529411764706,93.94032258064516
663738,CH,Changeup,Offspeed,327,0.24258160237388723,0.25,0.22413793103448276,85.55443425076453
663738,SL,Slider,Breaking,263,0.19510385756676557,0.3472222222222222,0.27631578947368424,87.3110266159696
663738,FF,4-Seam FB,Fastball,204,0.1513353115727003,0.15,0.2,94.55490196078433
663738,KC,Knuckle-Curve,Breaking,120,0.08902077151335312,0.22727272727272727,0.0,81.80749999999999
663765,FC,Cutter,Fastball,168,0.3463917525773196,0.21428571428571427,0.2222222222222222,90.13630952380953
663765,SI,Sinker,Fastball,145,0.29896907216494845,0.13432835820895522,0.25,93.57034482758621
663765,FS,Splitter,Offspeed,74,0.15257731958762888,0.16666666666666666,0.13333333333333333,85.28378378378378
663765,ST,Sweeper,Breaking,72,0.14845360824742268,0.3333333333333333,0.4444444444444444,81.3736111111111
663767,FC,Cutter,Fastball,289,0.3074468085106383,0.20175438596491227,0.1,91.39792387543253
663767,SI,Sinker,Fastball,267,0.28404255319148936,0.20652173913043478,0.2962962962962963,94.86441947565542
663767,ST,Sweeper,Breaking,196,0.20851063829787234,0.3157894736842105,0.3125,82.23316326530613
663767,FF,4-Seam FB,Fastball,99,0.10531914893617021,0.2777777777777778,0.13333333333333333,95.56767676767676
663767,CH,Changeup,Offspeed,89,0.09468085106382979,0.225,0.15,89.05168539325842
663776,CH,Changeup,Offspeed,342,0.280557834290402,0.39655172413793105,0.3924050632911392,83.16140350877193
663776,FF,4-Seam FB,Fastball,309,0.2534864643150123,0.16363636363636364,0.11904761904761904,93.42265372168285
663776,SL,Slider,Breaking,250,0.20508613617719443,0.2803738317757009,0.21052631578947367,86.67880000000001
663776,SI,Sinker,Fastball,207,0.16981132075471697,0.13186813186813187,0.047619047619047616,93.85893719806765
663776,ST,Sweeper,Breaking,63,0.051681706316652996,0.19444444444444445,0.2857142857142857,80.48253968253968
663776,CU,Curveball,Breaking,48,0.03937653814602133,0.2222222222222222,0.3333333333333333,75.61458333333333
663795,FF,4-Seam FB,Fastball,55,0.4166666666666667,0.058823529411764705,0.0,90.89272727272726
663795,FC,Cutter,Fastball,36,0.2727272727272727,0.09090909090909091,0.1111111111111111,84.2972222222222
663795,CH,Changeup,Offspeed,30,0.22727272727272727,0.2631578947368421,0.2222222222222222,85.31333333333332
663855,SI,Sinker,Fastball,444,0.4525993883792049,0.13793103448275862,0.17857142857142858,99.17747747747748
663855,ST,Sweeper,Breaking,304,0.30988786952089703,0.5258620689655172,0.4489795918367347,86.47105263157896
663855,FF,4-Seam FB,Fastball,198,0.2018348623853211,0.3,0.31666666666666665,99.3671717171717
663855,FS,Splitter,Offspeed,35,0.03567787971457696,0.5384615384615384,0.625,90.85428571428572
663878,FF,4-Seam FB,Fastball,345,0.44689119170984454,0.20606060606060606,0.2,97.6
663878,SL,Slider,Breaking,217,0.2810880829015544,0.2524271844660194,0.2608695652173913,89.4188940092166
663878,SI,Sinker,Fastball,101,0.13082901554404144,0.1111111111111111,0.2,97.08613861386138
663878,CU,Curveball,Breaking,92,0.11917098445595854,0.48,0.5625,81.57173913043478
663893,KC,Knuckle-Curve,Breaking,160,0.28368794326241137,0.4931506849315068,0.4666666666666667,86.64875
663893,SL,Slider,Breaking,155,0.274822695035461,0.5223880597014925,0.36363636363636365,88.91806451612904
663893,SI,Sinker,Fastball,152,0.2695035460992908,0.22950819672131148,0.2857142857142857,94.47631578947369
663893,FF,4-Seam FB,Fastball,95,0.16843971631205673,0.45,0.5294117647058824,96.01684210526318
663903,SI,Sinker,Fastball,1482,0.50580204778157,0.15191986644407346,0.14655172413793102,91.13947368421053
663903,SL,Slider,Breaking,814,0.27781569965870306,0.300531914893617,0.26515151515151514,82.60577395577394
663903,ST,Sweeper,Breaking,380,0.1296928327645051,0.4068627450980392,0.3111111111111111,82.02473684210527
663903,FC,Cutter,Fastball,195,0.06655290102389079,0.16666666666666666,0.0,87.16461538461537
663903,FF,4-Seam FB,Fastball,59,0.020136518771331057,0.12,0.15384615384615385,90.71186440677967
663941,FF,4-Seam FB,Fastball,135,0.39705882352941174,0.1,0.14285714285714285,94.81925925925927
663941,ST,Sweeper,Breaking,127,0.3735294117647059,0.234375,0.14285714285714285,83.29133858267718
663941,SL,Slider,Breaking,52,0.15294117647058825,0.2727272727272727,0.14285714285714285,88.74615384615385
663947,FC,Cutter,Fastball,363,0.31565217391304345,0.20526315789473684,0.10526315789473684,87.68099173553719
663947,SI,Sinker,Fastball,233,0.2026086956521739,0.10377358490566038,0.125,91.01931330472102
663947,CH,Changeup,Offspeed,192,0.16695652173913045,0.35,0.23809523809523808,83.36145833333333
663947,ST,Sweeper,Breaking,176,0.15304347826086956,0.4246575342465753,0.358974358974359,79.8875
663947,FF,4-Seam FB,Fastball,146,0.12695652173913044,0.13114754098360656,0.15384615384615385,91.50890410958905
663947,CU,Curveball,Breaking,40,0.034782608695652174,0.4166666666666667,0.25,79.175
663969,SI,Sinker,Fastball,534,0.2577220077220077,0.0603448275862069,0.04285714285714286,95.50393258426968
663969,ST,Sweeper,Breaking,492,0.23745173745173745,0.3402061855670103,0.3235294117647059,84.15487804878047
663969,FS,Splitter,Offspeed,476,0.22972972972972974,0.350597609561753,0.2543859649122807,86.9060924369748
663969,CU,Curveball,Breaking,364,0.17567567567567569,0.4180790960451977,0.38028169014084506,83.45796703296703
663969,FF,4-Seam FB,Fastball,174,0.08397683397683398,0.10975609756097561,0.12,96.04137931034481
663969,SL,Slider,Breaking,32,0.015444015444015444,0.1,0.0,86.8
663978,FF,4-Seam FB,Fastball,363,0.3405253283302064,0.16847826086956522,0.10810810810810811,92.9581267217631
663978,CH,Changeup,Offspeed,286,0.2682926829268293,0.27564102564102566,0.27419354838709675,84.77832167832167
663978,FC,Cutter,Fastball,143,0.13414634146341464,0.2535211267605634,0.23076923076923078,86.50419580419579
663978,CU,Curveball,Breaking,122,0.11444652908067542,0.25,0.14285714285714285,77.02295081967212
663978,ST,Sweeper,Breaking,83,0.07786116322701689,0.28205128205128205,0.2857142857142857,79.35662650602411
663978,SI,Sinker,Fastball,68,0.06378986866791744,0.08888888888888889,0.0,92.94117647058825
663992,ST,Sweeper,Breaking,286,0.4353120243531202,0.24812030075187969,0.25,81.75699300699301
663992,SI,Sinker,Fastball,194,0.2952815829528158,0.21428571428571427,0.35714285714285715,91.09484536082475
663992,FF,4-Seam FB,Fastball,144,0.2191780821917808,0.19402985074626866,0.14285714285714285,91.29374999999999
663992,SL,Slider,Breaking,33,0.0502283105022831,0.25,1.0,86.66969696969697
664062,FF,4-Seam FB,Fastball,37,0.5873015873015873,0.0,0.0,91.91351351351351
664074,FF,4-Seam FB,Fastball,44,0.39285714285714285,0.32,0.25,95.0
664076,SL,Slider,Breaking,343,0.4347275031685678,0.3425414364640884,0.359375,87.36559766763848
664076,SI,Sinker,Fastball,224,0.28390367553865653,0.1728395061728395,0.0625,95.13883928571428
664076,FF,4-Seam FB,Fastball,121,0.15335868187579213,0.24561403508771928,0.22727272727272727,96.50991735537191
664076,ST,Sweeper,Breaking,101,0.12801013941698353,0.3018867924528302,0.2962962962962963,80.30594059405941
664126,FF,4-Seam FB,Fastball,385,0.48488664987405544,0.27071823204419887,0.22388059701492538,97.15688311688311
664126,SL,Slider,Breaking,210,0.26448362720403024,0.4074074074074074,0.2894736842105263,83.61142857142858
664126,FC,Cutter,Fastball,185,0.23299748110831234,0.358695652173913,0.2708333333333333,89.56972972972974
664129,SL,Slider,Breaking,153,0.34615384615384615,0.44871794871794873,0.4,84.72549019607843
664129,FF,4-Seam FB,Fastball,143,0.3235294117647059,0.15384615384615385,0.2,95.3104895104895
664129,FC,Cutter,Fastball,74,0.167420814479638,0.1111111111111111,0.2,91.41756756756756
664129,SI,Sinker,Fastball,72,0.16289592760180996,0.28205128205128205,0.0,93.8638888888889
664141,SI,Sinker,Fastball,465,0.45058139534883723,0.09574468085106383,0.08695652173913043,93.66279569892474
664141,SL,Slider,Breaking,271,0.2625968992248062,0.3897058823529412,0.23076923076923078,87.13653136531366
664141,CH,Changeup,Offspeed,143,0.1385658914728682,0.24242424242424243,0.1,88.57552447552449
664141,CU,Curveball,Breaking,90,0.0872093023255814,0.2222222222222222,0.2,81.90777777777778
664141,FF,4-Seam FB,Fastball,63,0.061046511627906974,0.07894736842105263,0.043478260869565216,93.12380952380951
664192,SI,Sinker,Fastball,67,0.48905109489051096,0.034482758620689655,0.0,91.84179104477612
664192,CU,Curveball,Breaking,35,0.25547445255474455,0.4,0.2,77.71428571428571
664199,SL,Slider,Breaking,327,0.2967332123411978,0.3710691823899371,0.2857142857142857,88.43577981651376
664199,CH,Changeup,Offspeed,298,0.27041742286751363,0.23529411764705882,0.19642857142857142,90.15872483221476
664199,SI,Sinker,Fastball,256,0.2323049001814882,0.17037037037037037,0.14705882352941177,95.29453125
664199,FC,Cutter,Fastball,204,0.1851179673321234,0.09278350515463918,0.047619047619047616,94.26176470588236
664208,FC,Cutter,Fastball,223,0.3766891891891892,0.20909090909090908,0.16666666666666666,89.56681614349775
664208,CU,Curveball,Breaking,171,0.28885135135135137,0.32558139534883723,0.32653061224489793,75.50409356725146
664208,SI,Sinker,Fastball,106,0.17905405405405406,0.13636363636363635,0.0,90.15188679245283
664208,ST,Sweeper,Breaking,85,0.14358108108108109,0.34285714285714286,0.2,83.1905882352941
664285,SI,Sinker,Fastball,1280,0.4401650618982118,0.1111111111111111,0.10377358490566038,93.780703125
664285,CU,Curveball,Breaking,863,0.296767537826685,0.31420765027322406,0.28865979381443296,78.29513325608343
664285,CH,Changeup,Offspeed,528,0.1815680880330124,0.2226027397260274,0.17142857142857143,89.05151515151516
664285,SL,Slider,Breaking,132,0.0453920220082531,0.4444444444444444,0.34146341463414637,85.67575757575759
664285,FF,4-Seam FB,Fastball,104,0.03576341127922971,0.19642857142857142,0.23684210526315788,94.7451923076923
664299,FF,4-Seam FB,Fastball,572,0.46353322528363045,0.2691029900332226,0.1891891891891892,93.0381118881119
664299,ST,Sweeper,Breaking,331,0.26823338735818475,0.3873239436619718,0.2857142857142857,80.99456193353474
664299,CH,Changeup,Offspeed,201,0.16288492706645058,0.3153153153153153,0.26666666666666666,85.18159203980099
664299,FC,Cutter,Fastball,86,0.06969205834683954,0.19642857142857142,0.14285714285714285,88.9953488372093
664353,CH,Changeup,Offspeed,195,0.2813852813852814,0.2833333333333333,0.2608695652173913,83.25589743589744
664353,FF,4-Seam FB,Fastball,159,0.22943722943722944,0.19767441860465115,0.12,92.27106918238992
664353,SI,Sinker,Fastball,134,0.19336219336219337,0.045454545454545456,0.07407407407407407,92.844776119403
664353,CU,Curveball,Breaking,116,0.1673881673881674,0.21052631578947367,0.23529411764705882,77.47844827586206
664353,ST,Sweeper,Breaking,79,0.113997113997114,0.3,0.23529411764705882,80.09999999999998
664702,EP,EP,Other,38,0.7037037037037037,0.10526315789473684,0.0,41.515789473684215
664849,ST,Sweeper,Breaking,131,0.49433962264150944,0.4358974358974359,0.3181818181818182,82.76946564885496
664849,SI,Sinker,Fastball,129,0.4867924528301887,0.1,0.08333333333333333,93.68062015503875
664854,FF,4-Seam FB,Fastball,144,0.4528301886792453,0.359375,0.5294117647058824,98.6673611111111
664854,SL,Slider,Breaking,126,0.39622641509433965,0.40350877192982454,0.3333333333333333,87.83571428571429
664854,FS,Splitter,Offspeed,35,0.11006289308176101,0.4782608695652174,0.375,90.05142857142856
664875,ST,Sweeper,Breaking,321,0.4361413043478261,0.4336283185840708,0.40298507462686567,82.16915887850469
664875,SI,Sinker,Fastball,308,0.41847826086956524,0.14285714285714285,0.13333333333333333,95.48376623376623
664875,FF,4-Seam FB,Fastball,107,0.1453804347826087,0.24561403508771928,0.28125,95.62056074766353
664918,FF,4-Seam FB,Fastball,32,0.463768115942029,0.09523809523809523,0.0,93.86875
664954,EP,EP,Other,59,0.6276595744680851,0.0,0.0,57.45084745762712
664954,FA,Fastball,Fastball,35,0.3723404255319149,0.0,0.0,68.11714285714284
664991,SI,Sinker,Fastball,358,0.3882863340563991,0.15760869565217392,0.18032786885245902,95.81368715083799
664991,FF,4-Seam FB,Fastball,215,0.23318872017353579,0.28846153846153844,0.2558139534883721,95.50186046511628
664991,CU,Curveball,Breaking,146,0.15835140997830802,0.3116883116883117,0.3333333333333333,85.38698630136986
664991,SL,Slider,Breaking,110,0.1193058568329718,0.4230769230769231,0.3684210526315789,87.05363636363637
664991,ST,Sweeper,Breaking,84,0.0911062906724512,0.37037037037037035,0.45,86.29761904761907
665152,FF,4-Seam FB,Fastball,409,0.26404131697869593,0.21621621621621623,0.2,92.77261613691931
665152,FS,Splitter,Offspeed,393,0.2537120723047127,0.3872549019607843,0.3669724770642202,82.30407124681935
665152,SL,Slider,Breaking,273,0.1762427372498386,0.3597122302158273,0.3829787234042553,86.95091575091574
665152,SI,Sinker,Fastball,207,0.13363460296965785,0.13924050632911392,0.13636363636363635,91.91980676328504
665152,CU,Curveball,Breaking,193,0.12459651387992253,0.2676056338028169,0.0,76.66062176165804
665152,FC,Cutter,Fastball,55,0.035506778566817304,0.1935483870967742,0.2,90.52727272727275
665622,FF,4-Seam FB,Fastball,383,0.2877535687453043,0.23863636363636365,0.2875,97.67806788511749
665622,SI,Sinker,Fastball,364,0.2734785875281743,0.09210526315789473,0.14705882352941177,97.34752747252747
665622,SL,Slider,Breaking,223,0.16754320060105185,0.4731182795698925,0.4642857142857143,86.71973094170404
665622,CH,Changeup,Offspeed,192,0.14425244177310292,0.5913978494623656,0.5849056603773585,90.29531250000001
665622,CU,Curveball,Breaking,169,0.12697220135236664,0.5172413793103449,0.5,81.21479289940828
665645,FF,4-Seam FB,Fastball,67,0.475177304964539,0.2903225806451613,0.3333333333333333,94.08955223880596
665645,FC,Cutter,Fastball,36,0.2553191489361702,0.17391304347826086,0.2727272727272727,92.82499999999999
665660,FF,4-Seam FB,Fastball,563,0.5810113519091847,0.32786885245901637,0.26515151515151514,98.70603907637656
665660,SL,Slider,Breaking,188,0.19401444788441694,0.3804347826086957,0.3125,88.14521276595744
665660,SI,Sinker,Fastball,154,0.15892672858617132,0.14285714285714285,0.1111111111111111,97.73441558441557
665660,FS,Splitter,Offspeed,64,0.06604747162022703,0.34615384615384615,0.35294117647058826,87.784375
665665,SI,Sinker,Fastball,128,0.3710144927536232,0.1724137931034483,0.3,91.70624999999998
665665,CH,Changeup,Offspeed,96,0.2782608695652174,0.21153846153846154,0.2222222222222222,86.51666666666665
665665,SL,Slider,Breaking,93,0.26956521739130435,0.34285714285714286,0.1875,82.5247311827957
665795,CH,Changeup,Offspeed,465,0.3079470198675497,0.3074074074074074,0.29,93.09720430107527
665795,SI,Sinker,Fastball,324,0.21456953642384105,0.0736196319018405,0.0967741935483871,96.71543209876545
665795,CU,Curveball,Breaking,285,0.18874172185430463,0.3300970873786408,0.41304347826086957,84.86140350877193
665795,FF,4-Seam FB,Fastball,261,0.1728476821192053,0.16666666666666666,0.15151515151515152,96.29080459770114
665795,SL,Slider,Breaking,175,0.11589403973509933,0.4470588235294118,0.25,89.22571428571429
665871,SI,Sinker,Fastball,661,0.4199491740787802,0.09477124183006536,0.08080808080808081,93.42284417549169
665871,FF,4-Seam FB,Fastball,295,0.18742058449809404,0.20512820512820512,0.15517241379310345,93.52983050847457
665871,FC,Cutter,Fastball,195,0.12388818297331639,0.14285714285714285,0.0,88.91179487179487
665871,ST,Sweeper,Breaking,129,0.08195679796696315,0.375,0.3,81.73023255813953
665871,CH,Changeup,Offspeed,124,0.07878017789072427,0.3090909090909091,0.3125,86.06451612903224
665871,CU,Curveball,Breaking,113,0.07179161372299873,0.1935483870967742,0.2727272727272727,77.64867256637167
665871,SL,Slider,Breaking,57,0.03621346886912325,0.20833333333333334,0.23076923076923078,85.34210526315789
666126,FA,Fastball,Fastball,151,0.949685534591195,0.0625,0.0,71.52450331125829
666129,SI,Sinker,Fastball,53,0.2663316582914573,0.13636363636363635,0.3333333333333333,90.7188679245283
666129,SL,Slider,Breaking,44,0.22110552763819097,0.3333333333333333,0.16666666666666666,85.75909090909092
666129,FF,4-Seam FB,Fastball,37,0.18592964824120603,0.125,0.16666666666666666,91.54864864864864
666129,ST,Sweeper,Breaking,33,0.1658291457286432,0.23076923076923078,0.16666666666666666,83.23636363636365
666129,CH,Changeup,Offspeed,32,0.16080402010050251,0.2727272727272727,0.0,84.771875
666142,FF,4-Seam FB,Fastball,444,0.5634517766497462,0.3116279069767442,0.3333333333333333,94.94842342342342
666142,CH,Changeup,Offspeed,133,0.16878172588832488,0.4090909090909091,0.3333333333333333,84.0796992481203
666142,SL,Slider,Breaking,109,0.1383248730964467,0.35714285714285715,0.3870967741935484,85.11284403669724
666142,KC,Knuckle-Curve,Breaking,64,0.08121827411167512,0.1111111111111111,0.0,79.05468750000001
666142,FC,Cutter,Fastball,37,0.046954314720812185,0.21052631578947367,0.0,89.67567567567568
666155,FF,4-Seam FB,Fastball,30,0.4838709677419355,0.2,0.0,94.88666666666668
666157,SI,Sinker,Fastball,532,0.2678751258811682,0.08333333333333333,0.08860759493670886,93.62612781954887
666157,FF,4-Seam FB,Fastball,528,0.26586102719033233,0.18181818181818182,0.22988505747126436,93.76022727272728
666157,CU,Curveball,Breaking,488,0.2457200402819738,0.40932642487046633,0.3469387755102041,82.3452868852459
666157,CH,Changeup,Offspeed,438,0.22054380664652568,0.22321428571428573,0.1111111111111111,87.97694063926939
666171,ST,Sweeper,Breaking,538,0.38788752703677,0.3588709677419355,0.330188679245283,85.47639405204461
666171,FF,4-Seam FB,Fastball,439,0.3165104542177361,0.34911242603550297,0.36470588235294116,97.41708428246014
666171,SI,Sinker,Fastball,227,0.16366258111031,0.10869565217391304,0.1,96.35066079295153
666171,SL,Slider,Breaking,133,0.0958904109589041,0.21311475409836064,0.15789473684210525,88.54210526315788
666200,ST,Sweeper,Breaking,1170,0.37669027688345136,0.4731610337972167,0.437984496124031,86.05111111111111
666200,FF,4-Seam FB,Fastball,806,0.25949774629748873,0.19799498746867167,0.2154696132596685,96.77655086848637
666200,CH,Changeup,Offspeed,566,0.18222794591113972,0.367003367003367,0.29591836734693877,85.95441696113075
666200,SI,Sinker,Fastball,558,0.17965228589826143,0.11440677966101695,0.23529411764705882,95.70250896057348
666201,CH,Changeup,Offspeed,102,0.4146341463414634,0.3111111111111111,0.2,84.23039215686275
666201,SI,Sinker,Fastball,70,0.2845528455284553,0.1724137931034483,0.2857142857142857,88.01714285714289
666201,FF,4-Seam FB,Fastball,42,0.17073170731707318,0.06666666666666667,0.0,89.39999999999999
666201,SL,Slider,Breaking,32,0.13008130081300814,0.375,0.3333333333333333,77.371875
666277,CH,Changeup,Offspeed,367,0.3068561872909699,0.3673469387755102,0.31313131313131315,89.95095367847412
666277,FF,4-Seam FB,Fastball,357,0.298494983277592,0.17575757575757575,0.1206896551724138,96.54117647058823
666277,SL,Slider,Breaking,274,0.22909698996655517,0.3643410852713178,0.1951219512195122,88.42627737226277
666277,ST,Sweeper,Breaking,115,0.09615384615384616,0.3958333333333333,0.2,85.7269565217391
666277,SI,Sinker,Fastball,82,0.06856187290969899,0.05263157894736842,0.0,96.29878048780486
666374,SL,Slider,Breaking,181,0.567398119122257,0.3918918918918919,0.36363636363636365,86.64088397790056
666374,SI,Sinker,Fastball,73,0.22884012539184953,0.19230769230769232,0.2,96.94383561643835
666374,CH,Changeup,Offspeed,48,0.15047021943573669,0.30434782608695654,0.0,90.34583333333332
666619,SL,Slider,Breaking,57,0.4418604651162791,0.05263157894736842,0.0,89.90526315789474
666619,SI,Sinker,Fastball,51,0.3953488372093023,0.20833333333333334,0.0,98.2666666666667
666661,FF,4-Seam FB,Fastball,517,0.4738771769019248,0.3062015503875969,0.30952380952380953,98.62243713733076
666661,CH,Changeup,Offspeed,229,0.20989917506874428,0.3170731707317073,0.3392857142857143,92.47161572052401
666661,SI,Sinker,Fastball,211,0.1934005499541705,0.1574074074074074,0.1111111111111111,98.57345971563981
666661,SL,Slider,Breaking,134,0.1228230980751604,0.4375,0.3157894736842105,84.79850746268657
666711,FF,4-Seam FB,Fastball,73,0.4319526627218935,0.23255813953488372,0.1875,99.97123287671232
666711,SI,Sinker,Fastball,57,0.33727810650887574,0.0967741935483871,0.2,99.14736842105265
666711,SL,Slider,Breaking,39,0.23076923076923078,0.2,0.09090909090909091,93.16410256410256
666745,CH,Changeup,Offspeed,39,0.3170731707317073,0.375,0.23529411764705882,88.01282051282051
666745,SI,Sinker,Fastball,34,0.2764227642276423,0.09090909090909091,0.0,94.57058823529412
666808,SI,Sinker,Fastball,417,0.39714285714285713,0.1715686274509804,0.325,98.15611510791366
666808,SL,Slider,Breaking,327,0.31142857142857144,0.48125,0.41304347826086957,88.95076452599389
666808,FC,Cutter,Fastball,280,0.26666666666666666,0.18018018018018017,0.10344827586206896,98.74821428571428
666974,SI,Sinker,Fastball,447,0.5464547677261614,0.20304568527918782,0.2692307692307692,94.7648769574944
666974,FS,Splitter,Offspeed,225,0.27506112469437655,0.3333333333333333,0.25,90.83955555555556
666974,ST,Sweeper,Breaking,101,0.1234718826405868,0.25806451612903225,0.1875,85.64653465346535
666974,FF,4-Seam FB,Fastball,38,0.04645476772616137,0.3,1.0,94.57105263157894
667297,SL,Slider,Breaking,428,0.436289500509684,0.3495575221238938,0.37142857142857144,89.18504672897195
667297,CU,Curveball,Breaking,283,0.2884811416921509,0.2440944881889764,0.2261904761904762,84.73003533568905
667297,SI,Sinker,Fastball,267,0.27217125382262997,0.125,0.0625,94.52734082397005
667463,SI,Sinker,Fastball,235,0.31713900134952766,0.16521739130434782,0.14705882352941177,90.4540425531915
667463,CH,Changeup,Offspeed,147,0.19838056680161945,0.35365853658536583,0.30303030303030304,83.77755102040815
667463,SL,Slider,Breaking,143,0.19298245614035087,0.20967741935483872,0.17647058823529413,82.51888111888113
667463,ST,Sweeper,Breaking,116,0.15654520917678813,0.22641509433962265,0.25,81.46982758620692
667463,CU,Curveball,Breaking,88,0.11875843454790823,0.06666666666666667,0.2857142857142857,78.97954545454546
667652,FS,Splitter,Offspeed,165,0.5061349693251533,0.2318840579710145,0.25806451612903225,82.54121212121211
667652,FF,4-Seam FB,Fastball,85,0.2607361963190184,0.15625,0.2857142857142857,93.6129411764706
667652,SL,Slider,Breaking,76,0.2331288343558282,0.08,0.0,85.38947368421051
667755,SI,Sinker,Fastball,885,0.29818059299191374,0.18518518518518517,0.16071428571428573,96.31683615819209
667755,KC,Knuckle-Curve,Breaking,753,0.25370619946091644,0.4319526627218935,0.3732394366197183,85.33359893758299
667755,FF,4-Seam FB,Fastball,630,0.21226415094339623,0.23154362416107382,0.2014388489208633,97.14650793650794
667755,FS,Splitter,Offspeed,551,0.18564690026954178,0.3382899628252788,0.3333333333333333,92.27676950998185
667755,SL,Slider,Breaking,149,0.05020215633423181,0.2962962962962963,0.25925925925925924,90.24765100671142
668390,FF,4-Seam FB,Fastball,263,0.3105076741440378,0.224,0.19642857142857142,95.38669201520914
668390,FC,Cutter,Fastball,243,0.28689492325855964,0.21875,0.15,91.10699588477367
668390,SL,Slider,Breaking,194,0.22904368358913813,0.40707964601769914,0.35294117647058826,85.86649484536082
668390,FS,Splitter,Offspeed,127,0.14994096812278632,0.36764705882352944,0.34615384615384615,87.24803149606298
668674,FF,4-Seam FB,Fastball,278,0.2892819979188345,0.20454545454545456,0.16,97.20791366906474
668674,SL,Slider,Breaking,272,0.28303850156087407,0.2713178294573643,0.2786885245901639,84.6128676470588
668674,SI,Sinker,Fastball,263,0.2736732570239334,0.15447154471544716,0.13157894736842105,97.01368821292775
668674,CH,Changeup,Offspeed,131,0.13631633714880334,0.20588235294117646,0.0,89.55801526717558
668678,FF,4-Seam FB,Fastball,653,0.35373781148429034,0.06060606060606061,0.05434782608695652,93.37105666156202
668678,SL,Slider,Breaking,416,0.22535211267605634,0.28837209302325584,0.2028985507246377,88.89447115384615
668678,KC,Knuckle-Curve,Breaking,351,0.19014084507042253,0.22857142857142856,0.14634146341463414,81.62136752136753
668678,CH,Changeup,Offspeed,318,0.1722643553629469,0.2671232876712329,0.19607843137254902,86.60440251572327
668678,SI,Sinker,Fastball,107,0.05796316359696641,0.07142857142857142,0.0,92.71682242990657
668716,SI,Sinker,Fastball,37,0.42045454545454547,0.07142857142857142,0.25,94.05405405405405
668820,FF,4-Seam FB,Fastball,127,0.3735294117647059,0.125,0.05555555555555555,95.43385826771654
668820,SL,Slider,Breaking,97,0.2852941176470588,0.21568627450980393,0.16666666666666666,88.54536082474226
668820,CU,Curveball,Breaking,82,0.2411764705882353,0.40540540540540543,0.4444444444444444,80.36951219512196
668831,CH,Changeup,Offspeed,84,0.4,0.44680851063829785,0.45454545454545453,81.03928571428571
668831,FC,Cutter,Fastball,56,0.26666666666666666,0.3333333333333333,0.42857142857142855,87.93035714285713
668831,SI,Sinker,Fastball,53,0.2523809523809524,0.14285714285714285,0.0,91.60188679245285
668834,CU,Curveball,Breaking,59,0.23046875,0.24,0.23076923076923078,80.34067796610168
668834,SI,Sinker,Fastball,58,0.2265625,0.1935483870967742,0.14285714285714285,92.98620689655172
668834,FF,4-Seam FB,Fastball,50,0.1953125,0.41935483870967744,0.35714285714285715,92.34800000000001
668834,ST,Sweeper,Breaking,45,0.17578125,0.09090909090909091,0.0,82.30666666666667
668834,FC,Cutter,Fastball,37,0.14453125,0.11538461538461539,0.25,87.15405405405406
668873,FF,4-Seam FB,Fastball,406,0.48739495798319327,0.19801980198019803,0.25,96.8470443349754
668873,KC,Knuckle-Curve,Breaking,195,0.234093637454982,0.4069767441860465,0.4772727272727273,80.85435897435897
668873,SL,Slider,Breaking,120,0.14405762304921968,0.417910447761194,0.4,88.58666666666666
668873,SI,Sinker,Fastball,112,0.13445378151260504,0.2549019607843137,0.125,95.99642857142858
668881,FF,4-Seam FB,Fastball,237,0.5197368421052632,0.1652892561983471,0.17777777777777778,98.25991561181435
668881,SL,Slider,Breaking,145,0.31798245614035087,0.4625,0.375,88.8344827586207
668881,FS,Splitter,Offspeed,46,0.10087719298245613,0.2857142857142857,0.4444444444444444,86.93260869565218
668909,ST,Sweeper,Breaking,900,0.28948214860083626,0.45726495726495725,0.4170403587443946,87.49588888888889
668909,FF,4-Seam FB,Fastball,856,0.2753296880025732,0.30839002267573695,0.31891891891891894,97.57640186915889
668909,CU,Curveball,Breaking,685,0.2203280797684143,0.313915857605178,0.25170068027210885,82.57094890510949
668909,SI,Sinker,Fastball,479,0.15406883242200065,0.1574074074074074,0.13157894736842105,96.9133611691023
668909,FC,Cutter,Fastball,189,0.060791251206175616,0.25510204081632654,0.3333333333333333,92.22222222222223
668933,FC,Cutter,Fastball,351,0.5408320493066255,0.20754716981132076,0.17647058823529413,97.69743589743591
668933,SL,Slider,Breaking,298,0.4591679506933744,0.4244604316546763,0.4090909090909091,90.44395973154363
668941,SI,Sinker,Fastball,426,0.4531914893617021,0.15204678362573099,0.2647058823529412,93.67370892018779
668941,ST,Sweeper,Breaking,343,0.3648936170212766,0.2727272727272727,0.22784810126582278,82.88862973760934
668941,CH,Changeup,Offspeed,156,0.16595744680851063,0.3013698630136986,0.2564102564102564,87.26346153846153
668964,FF,4-Seam FB,Fastball,417,0.4623059866962306,0.12612612612612611,0.12790697674418605,92.50791366906475
668964,FS,Splitter,Offspeed,227,0.2516629711751663,0.36752136752136755,0.3333333333333333,80.09999999999998
668964,SL,Slider,Breaking,131,0.14523281596452328,0.14545454545454545,0.06666666666666667,82.10381679389312
668964,FC,Cutter,Fastball,110,0.12195121951219512,0.20967741935483872,0.23076923076923078,86.65181818181819
668970,FF,4-Seam FB,Fastball,98,0.36162361623616235,0.1875,0.15,94.38775510204081
668970,ST,Sweeper,Breaking,89,0.3284132841328413,0.3225806451612903,0.26666666666666666,84.19662921348315
668970,SI,Sinker,Fastball,61,0.22509225092250923,0.19230769230769232,0.0,94.98196721311474
668984,FF,4-Seam FB,Fastball,497,0.43104943625325237,0.23104693140794225,0.1893939393939394,93.0
668984,SI,Sinker,Fastball,250,0.2168256721595837,0.09090909090909091,0.16,92.86439999999999
668984,ST,Sweeper,Breaking,139,0.12055507372072853,0.3561643835616438,0.23333333333333334,79.85467625899281
668984,CH,Changeup,Offspeed,136,0.11795316565481354,0.1323529411764706,0.19230769230769232,86.64117647058823
668984,SL,Slider,Breaking,131,0.11361665221162186,0.2459016393442623,0.16666666666666666,84.94045801526718
669020,FF,4-Seam FB,Fastball,398,0.3956262425447316,0.1411764705882353,0.22058823529411764,94.70879396984924
669020,CU,Curveball,Breaking,166,0.16500994035785288,0.22857142857142856,0.2692307692307692,79.46566265060241
669020,ST,Sweeper,Breaking,156,0.1550695825049702,0.35443037974683544,0.3,85.07628205128204
669020,SI,Sinker,Fastball,153,0.15208747514910537,0.1780821917808219,0.3333333333333333,95.01633986928104
669020,SL,Slider,Breaking,124,0.12326043737574553,0.1724137931034483,0.15384615384615385,86.7709677419355
669022,FF,4-Seam FB,Fastball,1459,0.4723211395273551,0.2182061579651941,0.22767857142857142,95.168745716244
669022,CU,Curveball,Breaking,563,0.18225963094852704,0.2796610169491525,0.2196969696969697,81.51172291296625
669022,CH,Changeup,Offspeed,406,0.13143412107478147,0.35,0.34444444444444444,86.19581280788178
669022,SL,Slider,Breaking,305,0.09873745548721269,0.2847222222222222,0.3103448275862069,85.61180327868853
669022,FC,Cutter,Fastball,195,0.06312722563936549,0.26262626262626265,0.3142857142857143,89.85333333333334
669022,SI,Sinker,Fastball,161,0.05212042732275817,0.11904761904761904,0.125,95.13478260869566
669060,FC,Cutter,Fastball,194,0.34767025089605735,0.18446601941747573,0.18181818181818182,88.02835051546391
669060,SI,Sinker,Fastball,181,0.32437275985663083,0.13793103448275862,0.1875,92.33149171270718
669060,FF,4-Seam FB,Fastball,97,0.17383512544802868,0.22033898305084745,0.28125,93.22371134020618
669060,FS,Splitter,Offspeed,47,0.08422939068100359,0.20689655172413793,0.1875,85.30212765957447
669060,CU,Curveball,Breaking,39,0.06989247311827956,0.19047619047619047,0.16666666666666666,80.83076923076926
669062,SI,Sinker,Fastball,496,0.49060336300692386,0.1890547263681592,0.14035087719298245,96.7695564516129
669062,SL,Slider,Breaking,411,0.4065281899109792,0.5300546448087432,0.43956043956043955,85.58929440389294
669062,FF,4-Seam FB,Fastball,68,0.06726013847675569,0.26666666666666666,0.14285714285714285,96.81323529411765
669062,CH,Changeup,Offspeed,36,0.03560830860534125,0.25,0.3333333333333333,87.72777777777779
669084,SI,Sinker,Fastball,383,0.3592870544090056,0.125,0.08571428571428572,95.42036553524804
669084,CU,Curveball,Breaking,180,0.16885553470919323,0.208955223880597,0.23333333333333334,81.85277777777777
669084,CH,Changeup,Offspeed,172,0.16135084427767354,0.40789473684210525,0.35714285714285715,85.07558139534883
669084,FF,4-Seam FB,Fastball,123,0.11538461538461539,0.2857142857142857,0.21212121212121213,95.04634146341462
669084,SL,Slider,Breaking,105,0.09849906191369606,0.4032258064516129,0.4375,87.68
669084,ST,Sweeper,Breaking,84,0.07879924953095685,0.4878048780487805,0.40625,84.70119047619048
669093,FF,4-Seam FB,Fastball,321,0.5701598579040853,0.25301204819277107,0.3050847457627119,95.87570093457944
669093,FS,Splitter,Offspeed,183,0.325044404973357,0.5063291139240507,0.48717948717948717,82.04426229508196
669093,SL,Slider,Breaking,59,0.10479573712255773,0.25,0.0,85.98135593220339
669160,FF,4-Seam FB,Fastball,608,0.24516129032258063,0.2318840579710145,0.2231404958677686,96.91184210526315
669160,FC,Cutter,Fastball,581,0.2342741935483871,0.2445141065830721,0.26666666666666666,93.30068846815834
669160,SI,Sinker,Fastball,502,0.20241935483870968,0.15748031496062992,0.16,96.57509960159362
669160,ST,Sweeper,Breaking,444,0.17903225806451614,0.2692307692307692,0.26153846153846155,86.0328828828829
669160,CU,Curveball,Breaking,189,0.07620967741935483,0.3181818181818182,0.28,83.62592592592593
669160,CH,Changeup,Offspeed,155,0.0625,0.19402985074626866,0.19047619047619047,90.26129032258065
669165,FF,4-Seam FB,Fastball,424,0.557161629434954,0.32075471698113206,0.35365853658536583,96.5945754716981
669165,CH,Changeup,Offspeed,266,0.3495400788436268,0.37333333333333335,0.38,88.6984962406015
669165,SL,Slider,Breaking,71,0.09329829172141918,0.37037037037037035,0.14285714285714285,88.03239436619718
669169,FF,4-Seam FB,Fastball,33,0.38823529411764707,0.1,0.25,91.39090909090909
669194,FF,4-Seam FB,Fastball,874,0.5784248841826605,0.2125506072874494,0.19230769230769232,96.37219679633867
669194,SL,Slider,Breaking,310,0.20516214427531437,0.2982456140350877,0.27941176470588236,88.5241935483871
669194,FC,Cutter,Fastball,141,0.09331568497683654,0.15873015873015872,0.0,92.90425531914893
669194,CU,Curveball,Breaking,138,0.09133024487094639,0.19148936170212766,0.23809523809523808,80.7949275362319
669194,SI,Sinker,Fastball,48,0.03176704169424222,0.21428571428571427,0.0,95.31458333333335
669199,FF,4-Seam FB,Fastball,445,0.3037542662116041,0.15137614678899083,0.2112676056338028,94.45595505617977
669199,SL,Slider,Breaking,332,0.22662116040955632,0.4142857142857143,0.37777777777777777,89.78463855421687
669199,CU,Curveball,Breaking,296,0.20204778156996586,0.39669421487603307,0.38181818181818183,86.44932432432432
669199,ST,Sweeper,Breaking,226,0.15426621160409557,0.38,0.3157894736842105,86.70884955752213
669199,FS,Splitter,Offspeed,104,0.07098976109215017,0.3695652173913043,0.21052631578947367,84.26153846153846
669199,SI,Sinker,Fastball,62,0.042320819112627986,0.15151515151515152,0.0,93.21935483870968
669203,FC,Cutter,Fastball,106,0.5353535353535354,0.16666666666666666,0.06666666666666667,91.96698113207546
669203,CU,Curveball,Breaking,47,0.23737373737373738,0.36363636363636365,0.14285714285714285,78.05319148936171
669211,FF,4-Seam FB,Fastball,223,0.4922737306843267,0.18691588785046728,0.18604651162790697,93.73497757847534
669211,CH,Changeup,Offspeed,117,0.2582781456953642,0.21052631578947367,0.18518518518518517,86.66837606837608
669211,SL,Slider,Breaking,113,0.24944812362030905,0.19672131147540983,0.08333333333333333,86.65752212389381
669212,FF,4-Seam FB,Fastball,134,0.37640449438202245,0.1694915254237288,0.125,91.15970149253731
669212,CH,Changeup,Offspeed,120,0.33707865168539325,0.18032786885245902,0.08,76.9225
669212,SL,Slider,Breaking,102,0.28651685393258425,0.3829787234042553,0.5714285714285714,85.42254901960787
669270,SI,Sinker,Fastball,417,0.5205992509363296,0.1291866028708134,0.15254237288135594,95.2326139088729
669270,FC,Cutter,Fastball,238,0.29712858926342073,0.3541666666666667,0.16666666666666666,90.39117647058823
669270,FF,4-Seam FB,Fastball,57,0.07116104868913857,0.30434782608695654,0.35714285714285715,95.3543859649123
669270,CH,Changeup,Offspeed,45,0.056179775280898875,0.23809523809523808,0.2857142857142857,90.21333333333334
669270,CU,Curveball,Breaking,30,0.03745318352059925,0.35714285714285715,0.3,83.17333333333333
669276,SL,Slider,Breaking,581,0.5243682310469314,0.4086687306501548,0.2857142857142857,83.00946643717728
669276,FF,4-Seam FB,Fastball,353,0.3185920577617328,0.24338624338624337,0.24242424242424243,93.3342776203966
669276,CH,Changeup,Offspeed,174,0.15703971119133575,0.39473684210526316,0.2916666666666667,85.52873563218391
669298,FF,4-Seam FB,Fastball,66,0.44,0.20689655172413793,0.2222222222222222,92.6090909090909
669298,ST,Sweeper,Breaking,34,0.22666666666666666,0.2222222222222222,0.14285714285714285,81.54117647058824
669298,CH,Changeup,Offspeed,32,0.21333333333333335,0.2,0.14285714285714285,86.165625
669302,FF,4-Seam FB,Fastball,1187,0.39792155548105934,0.2273449920508744,0.16292134831460675,96.37169334456613
669302,SL,Slider,Breaking,746,0.2500838082467315,0.3746898263027295,0.3288590604026846,86.83753351206435
669302,FS,Splitter,Offspeed,447,0.14984914515588335,0.4205607476635514,0.37575757575757573,81.96174496644295
669302,CH,Changeup,Offspeed,215,0.0720750921890714,0.32051282051282054,0.4,85.87255813953492
669302,ST,Sweeper,Breaking,214,0.0717398592021455,0.375,0.3269230769230769,81.17990654205607
669302,FC,Cutter,Fastball,152,0.050955414012738856,0.15942028985507245,0.09090909090909091,91.21710526315789
669310,FC,Cutter,Fastball,58,0.2577777777777778,0.11764705882352941,0.0,88.24827586206897
669310,CU,Curveball,Breaking,49,0.21777777777777776,0.19230769230769232,0.18181818181818182,81.14897959183673
669310,FF,4-Seam FB,Fastball,39,0.17333333333333334,0.23529411764705882,0.14285714285714285,93.52820512820512
669310,CH,Changeup,Offspeed,36,0.16,0.16666666666666666,0.0,83.65555555555554
669330,FC,Cutter,Fastball,324,0.299722479185939,0.33136094674556216,0.38666666666666666,90.375
669330,FF,4-Seam FB,Fastball,306,0.28307123034227566,0.25949367088607594,0.17543859649122806,93.42712418300653
669330,CH,Changeup,Offspeed,240,0.22201665124884365,0.3401360544217687,0.25862068965517243,87.10625
669330,SL,Slider,Breaking,164,0.1517113783533765,0.30952380952380953,0.32432432432432434,86.77134146341463
669330,CU,Curveball,Breaking,47,0.043478260869565216,0.25,0.5,78.06170212765957
669358,FF,4-Seam FB,Fastball,1017,0.34081769436997317,0.15690376569037656,0.17058823529411765,95.85998033431662
669358,KC,Knuckle-Curve,Breaking,982,0.32908847184986595,0.2863247863247863,0.26382978723404255,85.27606924643585
669358,FC,Cutter,Fastball,447,0.149798927613941,0.21810699588477367,0.23728813559322035,89.62326621923938
669358,CH,Changeup,Offspeed,278,0.09316353887399464,0.20491803278688525,0.175,87.72625899280575
669358,SI,Sinker,Fastball,259,0.08679624664879357,0.14285714285714285,0.09523809523809523,95.26911196911196
669371,FF,4-Seam FB,Fastball,155,0.4813664596273292,0.25,0.34782608695652173,93.89677419354838
669371,ST,Sweeper,Breaking,110,0.3416149068322981,0.30434782608695654,0.21052631578947367,82.20818181818181
669372,SI,Sinker,Fastball,836,0.37155555555555553,0.2125340599455041,0.19801980198019803,93.38959330143543
669372,CH,Changeup,Offspeed,448,0.1991111111111111,0.3497942386831276,0.35443037974683544,87.74508928571429
669372,FC,Cutter,Fastball,367,0.16311111111111112,0.2080536912751678,0.23529411764705882,90.32343324250681
669372,SL,Slider,Breaking,288,0.128,0.3333333333333333,0.20967741935483872,85.91562499999999
669372,FF,4-Seam FB,Fastball,247,0.10977777777777778,0.21568627450980393,0.225,93.5165991902834
669372,CU,Curveball,Breaking,64,0.028444444444444446,0.3103448275862069,0.36363636363636365,84.175
669373,FF,4-Seam FB,Fastball,916,0.37710992177850966,0.2598870056497175,0.28217821782178215,96.76593886462882
669373,CH,Changeup,Offspeed,621,0.2556607657472211,0.46216216216216216,0.40993788819875776,87.60853462157809
669373,SI,Sinker,Fastball,431,0.17743927542198434,0.1794871794871795,0.2,96.67262180974477
669373,SL,Slider,Breaking,339,0.13956360642239604,0.2857142857142857,0.3191489361702128,89.68525073746312
669373,CU,Curveball,Breaking,122,0.050226430629888845,0.40384615384615385,0.52,80.38032786885246
669387,FF,4-Seam FB,Fastball,537,0.25817307692307695,0.16279069767441862,0.1941747572815534,95.04581005586591
669387,FS,Splitter,Offspeed,522,0.25096153846153846,0.3203125,0.27049180327868855,85.7595785440613
669387,SI,Sinker,Fastball,383,0.1841346153846154,0.06493506493506493,0.03333333333333333,94.37937336814622
669387,CU,Curveball,Breaking,242,0.11634615384615385,0.2571428571428571,0.2391304347826087,83.83429752066117
669387,ST,Sweeper,Breaking,219,0.10528846153846154,0.2345679012345679,0.16666666666666666,83.486301369863
669387,FC,Cutter,Fastball,105,0.05048076923076923,0.18867924528301888,0.2857142857142857,92.12952380952382
669387,SL,Slider,Breaking,72,0.03461538461538462,0.20689655172413793,0.0,90.26944444444445
669432,FF,4-Seam FB,Fastball,1286,0.46409238542042586,0.24578651685393257,0.20930232558139536,93.80015552099533
669432,CH,Changeup,Offspeed,561,0.20245398773006135,0.24271844660194175,0.1388888888888889,87.00588235294119
669432,ST,Sweeper,Breaking,396,0.14290869722121977,0.3230769230769231,0.31746031746031744,78.11212121212121
669432,SI,Sinker,Fastball,288,0.10393359797906893,0.13333333333333333,0.11320754716981132,93.32326388888889
669432,FC,Cutter,Fastball,240,0.0866113316492241,0.25,0.17647058823529413,83.04041666666667
669438,CH,Changeup,Offspeed,189,0.2735166425470333,0.308411214953271,0.288135593220339,86.42962962962963
669438,SI,Sinker,Fastball,135,0.19536903039073805,0.0759493670886076,0.08333333333333333,91.70592592592594
669438,CU,Curveball,Breaking,127,0.1837916063675832,0.3090909090909091,0.14285714285714285,74.62204724409449
669438,FF,4-Seam FB,Fastball,122,0.17655571635311143,0.2786885245901639,0.21739130434782608,92.78606557377049
669438,FC,Cutter,Fastball,71,0.10274963820549927,0.21052631578947367,0.3333333333333333,86.1380281690141
669438,SL,Slider,Breaking,37,0.053545586107091175,0.375,0.2222222222222222,81.7027027027027
669456,FF,4-Seam FB,Fastball,340,0.3655913978494624,0.11764705882352941,0.13157894736842105,92.30705882352942
669456,KC,Knuckle-Curve,Breaking,172,0.18494623655913978,0.3614457831325301,0.3,82.64767441860467
669456,CH,Changeup,Offspeed,171,0.18387096774193548,0.24285714285714285,0.2,88.16198830409357
669456,FC,Cutter,Fastball,113,0.12150537634408602,0.21428571428571427,0.0,87.3991150442478
669456,SL,Slider,Breaking,93,0.1,0.36538461538461536,0.38235294117647056,85.25053763440862
669456,SI,Sinker,Fastball,41,0.04408602150537634,0.1,0.5,92.19268292682926
669461,FF,4-Seam FB,Fastball,792,0.2972972972972973,0.12373737373737374,0.11029411764705882,94.28535353535354
669461,SL,Slider,Breaking,704,0.26426426426426425,0.36046511627906974,0.3620689655172414,86.02102272727272
669461,CU,Curveball,Breaking,478,0.17942942942942944,0.39490445859872614,0.30120481927710846,79.50627615062761
669461,CH,Changeup,Offspeed,336,0.12612612612612611,0.21084337349397592,0.14285714285714285,88.50892857142857
669461,SI,Sinker,Fastball,221,0.08295795795795796,0.10810810810810811,0.06666666666666667,94.17149321266969
669461,FC,Cutter,Fastball,108,0.04054054054054054,0.1836734693877551,0.0,90.5324074074074
669467,FF,4-Seam FB,Fastball,902,0.3414080242240727,0.14492753623188406,0.13157894736842105,95.2079822616408
669467,SL,Slider,Breaking,771,0.2918243754731264,0.3047091412742382,0.3049645390070922,87.74306095979247
669467,KC,Knuckle-Curve,Breaking,452,0.17108251324753973,0.2896551724137931,0.27631578947368424,78.56814159292036
669467,SI,Sinker,Fastball,441,0.16691900075700228,0.12704918032786885,0.10465116279069768,95.43786848072563
669467,FS,Splitter,Offspeed,76,0.028766086298258896,0.2916666666666667,0.1111111111111111,88.8763157894737
669620,FF,4-Seam FB,Fastball,305,0.4382183908045977,0.17543859649122806,0.14285714285714285,92.54852459016395
669620,CU,Curveball,Breaking,124,0.1781609195402299,0.3695652173913043,0.24,77.43790322580645
669620,SL,Slider,Breaking,101,0.14511494252873564,0.24193548387096775,0.2608695652173913,83.55940594059408
669620,FC,Cutter,Fastball,77,0.11063218390804598,0.13953488372093023,0.0,89.06363636363638
669620,SI,Sinker,Fastball,56,0.08045977011494253,0.07142857142857142,0.5,92.39285714285714
669620,CH,Changeup,Offspeed,30,0.04310344827586207,0.18181818181818182,0.0,86.69999999999999
669622,ST,Sweeper,Breaking,291,0.5105263157894737,0.2706766917293233,0.2987012987012987,83.54810996563575
669622,SI,Sinker,Fastball,178,0.312280701754386,0.1724137931034483,0.16666666666666666,96.31966292134832
669622,SL,Slider,Breaking,77,0.13508771929824562,0.21875,0.1111111111111111,86.49350649350649
669684,FF,4-Seam FB,Fastball,216,0.33384853168469864,0.2540983606557377,0.20454545454545456,96.29074074074073
669684,SL,Slider,Breaking,190,0.2936630602782071,0.32323232323232326,0.05555555555555555,89.31
669684,CU,Curveball,Breaking,153,0.23647604327666152,0.3442622950819672,0.22857142857142856,77.9764705882353
669684,ST,Sweeper,Breaking,31,0.04791344667697063,0.3,0.375,80.3516129032258
669704,FC,Cutter,Fastball,58,0.5132743362831859,0.17391304347826086,0.14285714285714285,91.08275862068966
669711,SI,Sinker,Fastball,348,0.3388510223953262,0.1165644171779141,0.13953488372093023,93.96954022988506
669711,FF,4-Seam FB,Fastball,308,0.29990262901655307,0.24861878453038674,0.20481927710843373,94.14545454545454
669711,CH,Changeup,Offspeed,135,0.1314508276533593,0.44155844155844154,0.32432432432432434,85.24222222222222
669711,ST,Sweeper,Breaking,131,0.12755598831548198,0.3584905660377358,0.22727272727272727,81.98091603053435
669711,SL,Slider,Breaking,82,0.0798442064264849,0.1,0.0,85.4939024390244
669713,ST,Sweeper,Breaking,265,0.2951002227171492,0.3761467889908257,0.30158730158730157,81.45320754716982
669713,FF,4-Seam FB,Fastball,218,0.24276169265033407,0.13513513513513514,0.1836734693877551,93.5302752293578
669713,SI,Sinker,Fastball,170,0.18930957683741648,0.11827956989247312,0.09090909090909091,92.54117647058824
669713,FC,Cutter,Fastball,136,0.1514476614699332,0.24324324324324326,0.42857142857142855,89.54779411764706
669713,CH,Changeup,Offspeed,107,0.11915367483296214,0.36538461538461536,0.23529411764705882,86.22990654205606
669724,SI,Sinker,Fastball,209,0.6057971014492753,0.12264150943396226,0.06666666666666667,94.93732057416268
669724,SL,Slider,Breaking,80,0.2318840579710145,0.20833333333333334,0.375,88.02625
669724,FF,4-Seam FB,Fastball,30,0.08695652173913043,0.3333333333333333,0.2727272727272727,96.02
669854,FF,4-Seam FB,Fastball,211,0.3701754385964912,0.21978021978021978,0.2,93.38341232227489
669854,CH,Changeup,Offspeed,152,0.26666666666666666,0.34782608695652173,0.23684210526315788,85.04276315789474
669854,SL,Slider,Breaking,120,0.21052631578947367,0.20634920634920634,0.18181818181818182,86.52083333333334
669854,CU,Curveball,Breaking,87,0.15263157894736842,0.2222222222222222,0.3333333333333333,79.94827586206895
669920,CH,Changeup,Offspeed,105,0.3511705685618729,0.29411764705882354,0.3333333333333333,80.35142857142857
669920,SI,Sinker,Fastball,70,0.23411371237458195,0.16666666666666666,0.6666666666666666,91.02285714285713
669920,FF,4-Seam FB,Fastball,69,0.23076923076923078,0.11428571428571428,0.0,91.53478260869565
669923,FF,4-Seam FB,Fastball,822,0.28315535652772994,0.24032586558044808,0.23618090452261306,96.74939172749392
669923,ST,Sweeper,Breaking,818,0.281777471581123,0.265,0.2832369942196532,87.48154034229829
669923,SI,Sinker,Fastball,607,0.20909404064760592,0.12211221122112212,0.14814814814814814,96.89917627677102
669923,KC,Knuckle-Curve,Breaking,294,0.10127454357561144,0.2222222222222222,0.20454545454545456,84.09455782312926
669923,CH,Changeup,Offspeed,162,0.05580434033758181,0.2894736842105263,0.47058823529411764,88.76481481481481
669923,FC,Cutter,Fastball,120,0.04133654839820875,0.3050847457627119,0.0,92.9225
669923,FS,Splitter,Offspeed,80,0.027557698932139166,0.24324324324324326,0.1875,87.29749999999999
669947,SL,Slider,Breaking,236,0.3053040103492885,0.1623931623931624,0.1724137931034483,88.29618644067797
669947,SI,Sinker,Fastball,179,0.2315653298835705,0.19387755102040816,0.2,92.13798882681564
669947,FF,4-Seam FB,Fastball,164,0.21216041397153945,0.25,0.23684210526315788,93.14329268292683
669947,FS,Splitter,Offspeed,115,0.14877102199223805,0.16393442622950818,0.125,84.04521739130432
669947,ST,Sweeper,Breaking,79,0.10219922380336352,0.2972972972972973,0.2857142857142857,80.38607594936708
670036,FF,4-Seam FB,Fastball,559,0.4882096069868996,0.2757352941176471,0.2755102040816326,92.65134168157424
670036,ST,Sweeper,Breaking,453,0.3956331877729258,0.27111111111111114,0.22666666666666666,83.40220750551876
670036,SI,Sinker,Fastball,74,0.06462882096069869,0.18518518518518517,0.2857142857142857,93.22297297297295
670036,FC,Cutter,Fastball,53,0.0462882096069869,0.2962962962962963,0.38461538461538464,91.0811320754717
670059,SI,Sinker,Fastball,445,0.5,0.135678391959799,0.16326530612244897,96.73303370786516
670059,ST,Sweeper,Breaking,303,0.3404494382022472,0.45925925925925926,0.4,84.71749174917491
670059,CU,Curveball,Breaking,92,0.10337078651685393,0.3333333333333333,0.21739130434782608,83.11304347826086
670059,FF,4-Seam FB,Fastball,46,0.051685393258426963,0.2857142857142857,0.3333333333333333,97.09347826086957
670062,ST,Sweeper,Breaking,369,0.5160839160839161,0.31216931216931215,0.24390243902439024,82.39024390243902
670062,FF,4-Seam FB,Fastball,217,0.3034965034965035,0.18604651162790697,0.20512820512820512,92.41612903225806
670062,SL,Slider,Breaking,129,0.18041958041958042,0.30357142857142855,0.3,85.64496124031007
670090,SL,Slider,Breaking,44,0.2953020134228188,0.2,0.0,83.04318181818182
670090,FF,4-Seam FB,Fastball,42,0.28187919463087246,0.11764705882352941,0.2222222222222222,90.53571428571429
670090,SI,Sinker,Fastball,40,0.2684563758389262,0.29411764705882354,0.0,90.11
670103,SI,Sinker,Fastball,127,0.4349315068493151,0.10294117647058823,0.07692307692307693,90.52992125984252
670103,ST,Sweeper,Breaking,98,0.3356164383561644,0.3469387755102041,0.25,78.14183673469387
670103,FC,Cutter,Fastball,34,0.11643835616438356,0.0,0.0,85.98823529411766
670167,FF,4-Seam FB,Fastball,302,0.2796296296296296,0.2483221476510067,0.2222222222222222,93.75496688741723
670167,ST,Sweeper,Breaking,292,0.27037037037037037,0.2894736842105263,0.16666666666666666,82.36780821917809
670167,SI,Sinker,Fastball,270,0.25,0.14035087719298245,0.03571428571428571,93.25296296296294
670167,FC,Cutter,Fastball,137,0.12685185185185185,0.18055555555555555,0.07142857142857142,89.53211678832116
670167,CH,Changeup,Offspeed,79,0.07314814814814814,0.3142857142857143,0.18181818181818182,86.52658227848102
670183,FF,4-Seam FB,Fastball,120,0.5741626794258373,0.2641509433962264,0.2857142857142857,94.49083333333333
670183,SL,Slider,Breaking,85,0.40669856459330145,0.47619047619047616,0.3181818181818182,86.12470588235294
670245,FC,Cutter,Fastball,289,0.24083333333333334,0.17419354838709677,0.13333333333333333,90.00692041522491
670245,ST,Sweeper,Breaking,284,0.23666666666666666,0.3381294964028777,0.2903225806451613,84.95845070422534
670245,FF,4-Seam FB,Fastball,229,0.19083333333333333,0.22131147540983606,0.19298245614035087,94.21441048034936
670245,CU,Curveball,Breaking,210,0.175,0.37209302325581395,0.43137254901960786,83.29857142857144
670245,SI,Sinker,Fastball,175,0.14583333333333334,0.13953488372093023,0.0,93.53314285714285
670280,FF,4-Seam FB,Fastball,489,0.4088628762541806,0.23461538461538461,0.14736842105263157,96.06666666666668
670280,FS,Splitter,Offspeed,485,0.40551839464882944,0.35494880546075086,0.34965034965034963,90.82680412371134
670280,CU,Curveball,Breaking,222,0.18561872909698995,0.4050632911392405,0.2608695652173913,76.9198198198198
670329,FF,4-Seam FB,Fastball,338,0.32783705140640157,0.22077922077922077,0.18,95.38609467455622
670329,CH,Changeup,Offspeed,279,0.27061105722599416,0.42948717948717946,0.3582089552238806,86.72222222222223
670329,CU,Curveball,Breaking,252,0.24442289039767218,0.336283185840708,0.37209302325581395,87.02539682539683
670329,SL,Slider,Breaking,162,0.1571290009699321,0.27710843373493976,0.35714285714285715,88.96358024691358
670912,FF,4-Seam FB,Fastball,57,0.36538461538461536,0.1724137931034483,0.07142857142857142,92.9719298245614
670912,SL,Slider,Breaking,39,0.25,0.26666666666666666,0.0,82.9051282051282
670912,CU,Curveball,Breaking,34,0.21794871794871795,0.3333333333333333,0.14285714285714285,75.82941176470588
670950,FF,4-Seam FB,Fastball,835,0.630188679245283,0.13302752293577982,0.11510791366906475,91.90035928143713
670950,CH,Changeup,Offspeed,367,0.2769811320754717,0.42857142857142855,0.32,79.92942779291553
670950,SL,Slider,Breaking,115,0.08679245283018867,0.3018867924528302,0.23076923076923078,84.94086956521738
670970,SI,Sinker,Fastball,677,0.4842632331902718,0.1893491124260355,0.1348314606741573,99.50457902511077
670970,CH,Changeup,Offspeed,318,0.22746781115879827,0.5661375661375662,0.47619047619047616,92.07955974842768
670970,SL,Slider,Breaking,215,0.15379113018597998,0.2839506172839506,0.28205128205128205,89.38139534883723
670970,FF,4-Seam FB,Fastball,188,0.13447782546494993,0.42276422764227645,0.37333333333333335,99.25851063829786
670990,ST,Sweeper,Breaking,628,0.43671766342141866,0.3619402985074627,0.34057971014492755,84.2517515923567
670990,SI,Sinker,Fastball,347,0.24130737134909597,0.15853658536585366,0.21621621621621623,96.32622478386166
670990,FF,4-Seam FB,Fastball,305,0.2121001390820584,0.24161073825503357,0.3333333333333333,96.58491803278689
670990,CU,Curveball,Breaking,150,0.1043115438108484,0.30357142857142855,0.24242424242424243,84.282
671083,FA,Fastball,Fastball,39,1.0,0.058823529411764705,0.0,64.59230769230768
671096,FF,4-Seam FB,Fastball,1356,0.44930417495029823,0.1271860095389507,0.1225296442687747,92.41666666666667
671096,ST,Sweeper,Breaking,586,0.1941683233929755,0.2838709677419355,0.28125,82.17986348122867
671096,CH,Changeup,Offspeed,585,0.19383697813121273,0.3643122676579926,0.28,86.15948717948719
671096,CU,Curveball,Breaking,390,0.12922465208747516,0.24,0.3333333333333333,79.73871794871795
671096,FC,Cutter,Fastball,101,0.03346587143803843,0.38181818181818183,0.3333333333333333,88.87029702970297
671106,FF,4-Seam FB,Fastball,109,0.2658536585365854,0.16363636363636364,0.16129032258064516,90.79908256880734
671106,FC,Cutter,Fastball,99,0.24146341463414633,0.23214285714285715,0.25,84.87777777777778
671106,ST,Sweeper,Breaking,77,0.1878048780487805,0.2916666666666667,0.25,78.16623376623376
671106,SI,Sinker,Fastball,70,0.17073170731707318,0.02857142857142857,0.1,89.20857142857142
671106,CH,Changeup,Offspeed,55,0.13414634146341464,0.28,0.25,82.08181818181818
671109,FF,4-Seam FB,Fastball,34,0.6071428571428571,0.047619047619047616,0.0,95.00588235294116
671111,SI,Sinker,Fastball,111,0.2674698795180723,0.14893617021276595,0.3333333333333333,88.81801801801801
671111,SL,Slider,Breaking,85,0.20481927710843373,0.275,0.45454545454545453,80.40352941176471
671111,ST,Sweeper,Breaking,84,0.20240963855421687,0.15151515151515152,0.0,79.67023809523809
671111,CH,Changeup,Offspeed,72,0.17349397590361446,0.15789473684210525,0.16666666666666666,83.75
671111,FF,4-Seam FB,Fastball,60,0.14457831325301204,0.3103448275862069,0.2727272727272727,88.37166666666666
671162,SI,Sinker,Fastball,98,0.23444976076555024,0.08333333333333333,0.07142857142857142,90.97755102040816
671162,FF,4-Seam FB,Fastball,95,0.22727272727272727,0.3333333333333333,0.3076923076923077,91.68105263157895
671162,CH,Changeup,Offspeed,81,0.1937799043062201,0.20588235294117646,0.125,85.29135802469135
671162,ST,Sweeper,Breaking,76,0.18181818181818182,0.28125,0.1111111111111111,82.7684210526316
671162,FC,Cutter,Fastball,68,0.16267942583732056,0.1794871794871795,0.125,87.52352941176471
671212,SL,Slider,Breaking,140,0.332541567695962,0.24193548387096775,0.13333333333333333,89.1207142857143
671212,FF,4-Seam FB,Fastball,102,0.24228028503562946,0.2765957446808511,0.375,97.21372549019605
671212,SI,Sinker,Fastball,68,0.16152019002375298,0.14814814814814814,0.0,97.28676470588235
671212,FS,Splitter,Offspeed,59,0.14014251781472684,0.3225806451612903,0.26666666666666666,92.46101694915254
671212,ST,Sweeper,Breaking,52,0.12351543942992874,0.25,0.3125,84.87307692307692
671345,SI,Sinker,Fastball,187,0.4174107142857143,0.07407407407407407,0.08695652173913043,95.56844919786096
671345,SL,Slider,Breaking,119,0.265625,0.18,0.1,85.94789915966388
671345,FF,4-Seam FB,Fastball,81,0.18080357142857142,0.2647058823529412,0.2631578947368421,96.12839506172838
671345,FS,Splitter,Offspeed,61,0.13616071428571427,0.2222222222222222,0.25,89.09016393442624
671382,FF,4-Seam FB,Fastball,110,0.582010582010582,0.22916666666666666,0.21052631578947367,96.11999999999999
671382,SL,Slider,Breaking,41,0.21693121693121692,0.29411764705882354,0.1111111111111111,84.0219512195122
671382,FC,Cutter,Fastball,38,0.20105820105820105,0.38095238095238093,0.4,89.86315789473686
671737,FF,4-Seam FB,Fastball,1435,0.46895424836601307,0.17806267806267806,0.18376068376068377,97.15909407665504
671737,FC,Cutter,Fastball,744,0.24313725490196078,0.3602150537634409,0.32894736842105265,89.71438172043011
671737,FS,Splitter,Offspeed,594,0.19411764705882353,0.36823104693140796,0.308411214953271,91.49966329966331
671737,CU,Curveball,Breaking,287,0.09379084967320261,0.34782608695652173,0.35384615384615387,82.7418118466899
671922,FF,4-Seam FB,Fastball,829,0.6401544401544401,0.2926267281105991,0.24736842105263157,97.42364294330518
671922,FS,Splitter,Offspeed,331,0.2555984555984556,0.45962732919254656,0.3902439024390244,86.96163141993958
671922,ST,Sweeper,Breaking,135,0.10424710424710425,0.3673469387755102,0.35714285714285715,85.47555555555556
671936,SL,Slider,Breaking,231,0.4003466204506066,0.3482142857142857,0.1951219512195122,85.23636363636365
671936,FF,4-Seam FB,Fastball,230,0.3986135181975737,0.2047244094488189,0.125,94.55478260869563
671936,CH,Changeup,Offspeed,84,0.14558058925476602,0.32142857142857145,0.3333333333333333,84.47261904761906
671936,KC,Knuckle-Curve,Breaking,32,0.05545927209705372,0.5,0.3333333333333333,78.7625
672021,SL,Slider,Breaking,49,0.4016393442622951,0.5294117647058824,0.5555555555555556,84.19795918367346
672021,FF,4-Seam FB,Fastball,45,0.36885245901639346,0.16666666666666666,0.3333333333333333,94.4888888888889
672282,FF,4-Seam FB,Fastball,1385,0.4580026455026455,0.21337126600284495,0.1814814814814815,94.05140794223827
672282,SL,Slider,Breaking,993,0.32837301587301587,0.35589941972920697,0.38461538461538464,86.01148036253775
672282,CU,Curveball,Breaking,333,0.11011904761904762,0.3684210526315789,0.28846153846153844,72.32072072072071
672282,CH,Changeup,Offspeed,281,0.09292328042328042,0.38405797101449274,0.3157894736842105,83.75195729537366
672282,SI,Sinker,Fastball,31,0.01025132275132275,0.07142857142857142,0.25,93.50645161290323
672335,SV,Slurve,Breaking,268,0.32682926829268294,0.319672131147541,0.3125,85.56305970149255
672335,SI,Sinker,Fastball,243,0.29634146341463413,0.1415929203539823,0.15625,96.44897119341563
672335,FF,4-Seam FB,Fastball,171,0.20853658536585365,0.25301204819277107,0.15151515151515152,96.6608187134503
672335,CU,Curveball,Breaking,138,0.16829268292682928,0.296875,0.3333333333333333,85.5195652173913
672442,SL,Slider,Breaking,134,0.44966442953020136,0.3384615384615385,0.25806451612903225,91.21268656716418
672442,FF,4-Seam FB,Fastball,96,0.3221476510067114,0.18604651162790697,0.25,100.09375
672442,SI,Sinker,Fastball,46,0.15436241610738255,0.1,0.0,100.01739130434781
672456,FF,4-Seam FB,Fastball,691,0.2997830802603037,0.13636363636363635,0.1,94.29753979739509
672456,SI,Sinker,Fastball,529,0.22950108459869847,0.0995850622406639,0.07936507936507936,94.59810964083177
672456,SL,Slider,Breaking,451,0.19566160520607376,0.28125,0.32967032967032966,85.99445676274945
672456,KC,Knuckle-Curve,Breaking,319,0.1383947939262473,0.19333333333333333,0.2153846153846154,80.30846394984326
672456,CH,Changeup,Offspeed,314,0.13622559652928418,0.2645161290322581,0.21818181818181817,86.95350318471338
672582,SI,Sinker,Fastball,155,0.6681034482758621,0.19047619047619047,0.22727272727272727,95.54451612903226
672582,SL,Slider,Breaking,47,0.2025862068965517,0.13043478260869565,0.14285714285714285,87.11702127659575
672629,FC,Cutter,Fastball,98,0.296969696969697,0.21052631578947367,0.3333333333333333,92.82244897959184
672629,FS,Splitter,Offspeed,81,0.24545454545454545,0.5294117647058824,0.5454545454545454,84.30864197530866
672629,SI,Sinker,Fastball,70,0.21212121212121213,0.125,0.0,96.91285714285713
672629,ST,Sweeper,Breaking,41,0.12424242424242424,0.42857142857142855,0.375,86.490243902439
672629,FF,4-Seam FB,Fastball,36,0.10909090909090909,0.1875,0.25,96.96388888888889
672782,FF,4-Seam FB,Fastball,542,0.4644387317909169,0.25196850393700787,0.2553191489361702,95.83357933579336
672782,ST,Sweeper,Breaking,271,0.23221936589545844,0.3951612903225806,0.3582089552238806,84.66273062730627
672782,FC,Cutter,Fastball,180,0.15424164524421594,0.18072289156626506,0.23076923076923078,91.77944444444444
672782,SI,Sinker,Fastball,103,0.08826049700085689,0.16,0.16666666666666666,94.28446601941748
672782,CH,Changeup,Offspeed,71,0.060839760068551844,0.2,0.14285714285714285,91.58732394366199
672841,SI,Sinker,Fastball,164,0.486646884272997,0.13414634146341464,0.15789473684210525,96.26646341463415
672841,SL,Slider,Breaking,96,0.28486646884273,0.24074074074074073,0.1891891891891892,88.62395833333333
672841,FC,Cutter,Fastball,75,0.22255192878338279,0.19444444444444445,0.5,93.67466666666665
673380,FF,4-Seam FB,Fastball,113,0.5305164319248826,0.16417910447761194,0.4,96.63274336283186
673380,SL,Slider,Breaking,96,0.4507042253521127,0.5873015873015873,0.5862068965517241,88.55312500000001
673513,FF,4-Seam FB,Fastball,423,0.3855970829535096,0.21844660194174756,0.19402985074626866,91.96501182033096
673513,SL,Slider,Breaking,330,0.300820419325433,0.35507246376811596,0.3333333333333333,84.90060606060607
673513,FS,Splitter,Offspeed,282,0.25706472196900637,0.474025974025974,0.3411764705882353,83.45886524822694
673513,SI,Sinker,Fastball,31,0.028258887876025523,0.09090909090909091,0.0,90.90322580645159
673513,ST,Sweeper,Breaking,31,0.028258887876025523,0.2727272727272727,0.2857142857142857,81.10000000000001
673540,FF,4-Seam FB,Fastball,497,0.41694630872483224,0.15486725663716813,0.25757575757575757,96.29476861167002
673540,FO,Forkball,Offspeed,312,0.26174496644295303,0.4852941176470588,0.5066666666666667,83.22339743589744
673540,FC,Cutter,Fastball,159,0.13338926174496643,0.24285714285714285,0.07142857142857142,89.99496855345913
673540,ST,Sweeper,Breaking,104,0.087248322147651,0.28125,0.2857142857142857,81.53173076923076
673540,SL,Slider,Breaking,75,0.06291946308724833,0.4375,0.38461538461538464,86.37866666666667
673540,SI,Sinker,Fastball,41,0.034395973154362415,0.17647058823529413,0.5,89.88780487804877
673929,FF,4-Seam FB,Fastball,183,0.5140449438202247,0.19801980198019803,0.1590909090909091,95.7693989071038
673929,SL,Slider,Breaking,147,0.41292134831460675,0.35714285714285715,0.4,87.1591836734694
674003,FF,4-Seam FB,Fastball,370,0.5146036161335188,0.1691542288557214,0.08641975308641975,88.57324324324324
674003,CH,Changeup,Offspeed,224,0.31154381084840055,0.23275862068965517,0.1276595744680851,80.94955357142855
674003,SL,Slider,Breaking,78,0.10848400556328233,0.13333333333333333,0.14285714285714285,80.76282051282051
674003,CU,Curveball,Breaking,32,0.04450625869262865,0.0,0.0,74.41874999999999
674073,FF,4-Seam FB,Fastball,63,0.3073170731707317,0.3333333333333333,0.23076923076923078,95.03492063492064
674073,ST,Sweeper,Breaking,49,0.23902439024390243,0.32,0.3076923076923077,82.02448979591837
674073,FC,Cutter,Fastball,38,0.18536585365853658,0.13043478260869565,0.1111111111111111,89.62894736842104
674073,SI,Sinker,Fastball,37,0.18048780487804877,0.25,0.2857142857142857,94.06756756756756
674370,FF,4-Seam FB,Fastball,101,0.28450704225352114,0.1875,0.14285714285714285,94.58712871287128
674370,SI,Sinker,Fastball,79,0.22253521126760564,0.1,0.1111111111111111,95.03417721518987
674370,SL,Slider,Breaking,78,0.21971830985915494,0.2903225806451613,0.1,87.0320512820513
674370,ST,Sweeper,Breaking,76,0.2140845070422535,0.42105263157894735,0.3125,85.35394736842105
674444,FF,4-Seam FB,Fastball,544,0.5619834710743802,0.2881944444444444,0.23469387755102042,98.44283088235294
674444,FC,Cutter,Fastball,278,0.2871900826446281,0.2913907284768212,0.3333333333333333,93.76007194244606
674444,SL,Slider,Breaking,143,0.14772727272727273,0.25,0.21818181818181817,89.38111888111888
674841,CU,Curveball,Breaking,594,0.3198707592891761,0.3433962264150943,0.3776223776223776,82.88030303030303
674841,FF,4-Seam FB,Fastball,521,0.28056004308023696,0.12608695652173912,0.14634146341463414,92.24721689059501
674841,SL,Slider,Breaking,376,0.20247711362412493,0.35911602209944754,0.34375,84.16675531914893
674841,SI,Sinker,Fastball,265,0.14270328486806677,0.16822429906542055,0.3333333333333333,91.7498113207547
674841,CH,Changeup,Offspeed,101,0.05438879913839526,0.3684210526315789,0.0,86.36138613861384
675512,FF,4-Seam FB,Fastball,581,0.32769317540891146,0.17375886524822695,0.13043478260869565,96.3643717728055
675512,FC,Cutter,Fastball,389,0.21940214326001128,0.2,0.203125,92.16992287917739
675512,SL,Slider,Breaking,301,0.1697687535250987,0.3246753246753247,0.37333333333333335,86.94152823920267
675512,CH,Changeup,Offspeed,200,0.11280315848843768,0.30434782608695654,0.28205128205128205,89.2855
675512,SI,Sinker,Fastball,162,0.09137055837563451,0.2073170731707317,0.3,95.7395061728395
675512,CU,Curveball,Breaking,140,0.07896221094190638,0.3230769230769231,0.34285714285714286,79.48357142857144
675540,FF,4-Seam FB,Fastball,131,0.3764367816091954,0.15517241379310345,0.28,90.77251908396947
675540,SL,Slider,Breaking,100,0.28735632183908044,0.1794871794871795,0.1111111111111111,83.75599999999999
675540,FS,Splitter,Offspeed,53,0.15229885057471265,0.37037037037037035,0.45454545454545453,84.0
675540,CU,Curveball,Breaking,37,0.10632183908045977,0.047619047619047616,0.0,73.2135135135135
675627,SL,Slider,Breaking,34,0.38202247191011235,0.4444444444444444,0.2222222222222222,85.14411764705882
675660,FF,4-Seam FB,Fastball,563,0.27041306436119117,0.2826086956521739,0.2396694214876033,94.8619893428064
675660,SL,Slider,Breaking,445,0.2137367915465898,0.39344262295081966,0.3787878787878788,86.43820224719101
675660,SI,Sinker,Fastball,443,0.212776176753122,0.14925373134328357,0.1875,94.83792325056433
675660,CU,Curveball,Breaking,269,0.1292026897214217,0.2882882882882883,0.19148936170212766,80.60446096654275
675660,FC,Cutter,Fastball,248,0.11911623439000961,0.15671641791044777,0.13333333333333333,90.85887096774194
675660,CH,Changeup,Offspeed,114,0.05475504322766571,0.375,0.2222222222222222,85.83684210526316
675848,FF,4-Seam FB,Fastball,708,0.540045766590389,0.18075801749271136,0.14516129032258066,96.85381355932203
675848,ST,Sweeper,Breaking,491,0.37452326468344777,0.33031674208144796,0.27102803738317754,83.92403258655804
675848,SI,Sinker,Fastball,60,0.04576659038901602,0.1875,0.14285714285714285,96.03166666666667
675911,FF,4-Seam FB,Fastball,329,0.4761215629522431,0.18292682926829268,0.16071428571428573,95.1322188449848
675911,SL,Slider,Breaking,191,0.276410998552822,0.3979591836734694,0.28205128205128205,83.965445026178
675911,CU,Curveball,Breaking,100,0.1447178002894356,0.4857142857142857,0.42857142857142855,78.03099999999999
675911,CH,Changeup,Offspeed,71,0.10274963820549927,0.52,0.5,85.51830985915493
675916,FF,4-Seam FB,Fastball,98,0.6049382716049383,0.24444444444444444,0.2222222222222222,94.98979591836736
675916,CU,Curveball,Breaking,64,0.3950617283950617,0.3157894736842105,0.14285714285714285,84.0078125
675919,ST,Sweeper,Breaking,31,0.41333333333333333,0.058823529411764705,0.0,82.84838709677419
675989,FF,4-Seam FB,Fastball,111,0.28388746803069054,0.25,0.34782608695652173,94.8252252252252
675989,FC,Cutter,Fastball,93,0.23785166240409208,0.1891891891891892,0.3333333333333333,90.70860215053763
675989,SI,Sinker,Fastball,59,0.15089514066496162,0.1,0.0,94.50508474576272
675989,CU,Curveball,Breaking,45,0.11508951406649616,0.0,0.0,79.19555555555554
675989,CH,Changeup,Offspeed,42,0.10741687979539642,0.26666666666666666,0.0,89.49285714285713
675989,ST,Sweeper,Breaking,41,0.10485933503836317,0.3,0.18181818181818182,82.12439024390244
676051,FF,4-Seam FB,Fastball,102,0.4340425531914894,0.09090909090909091,0.0625,95.6745098039216
676051,SL,Slider,Breaking,80,0.3404255319148936,0.42857142857142855,0.3076923076923077,86.58624999999999
676051,CH,Changeup,Offspeed,52,0.22127659574468084,0.5909090909090909,0.5,87.08269230769231
676083,FF,4-Seam FB,Fastball,738,0.3553201733269138,0.14804469273743018,0.13636363636363635,94.07574525745257
676083,SL,Slider,Breaking,401,0.19306692344727974,0.15609756097560976,0.17333333333333334,86.21845386533666
676083,CH,Changeup,Offspeed,360,0.17332691381800674,0.23030303030303031,0.15873015873015872,87.3
676083,ST,Sweeper,Breaking,302,0.14540202214732786,0.15151515151515152,0.11666666666666667,80.12185430463576
676083,CU,Curveball,Breaking,188,0.09051516610495908,0.14925373134328357,0.23529411764705882,80.77340425531915
676083,SI,Sinker,Fastball,79,0.03803562831006259,0.06666666666666667,0.0,93.60632911392406
676105,SL,Slider,Breaking,37,0.46835443037974683,0.3333333333333333,0.14285714285714285,87.81891891891891
676105,FF,4-Seam FB,Fastball,33,0.4177215189873418,0.2222222222222222,0.4,95.35454545454544
676106,FF,4-Seam FB,Fastball,876,0.39020044543429844,0.24036697247706423,0.22641509433962265,95.40673515981734
676106,SI,Sinker,Fastball,524,0.2334075723830735,0.11785714285714285,0.09803921568627451,94.81717557251908
676106,ST,Sweeper,Breaking,366,0.16302895322939867,0.375886524822695,0.3023255813953488,77.26174863387978
676106,FC,Cutter,Fastball,268,0.11937639198218263,0.3333333333333333,0.17647058823529413,85.91119402985075
676106,CH,Changeup,Offspeed,114,0.05077951002227171,0.2,0.1875,87.00438596491226
676106,CU,Curveball,Breaking,97,0.04320712694877506,0.3902439024390244,0.375,76.13608247422681
676254,SI,Sinker,Fastball,405,0.646964856230032,0.11666666666666667,0.12121212121212122,95.11185185185185
676254,SL,Slider,Breaking,196,0.31309904153354634,0.20481927710843373,0.13513513513513514,83.1515306122449
676263,FF,4-Seam FB,Fastball,507,0.4747191011235955,0.25868725868725867,0.2857142857142857,94.03234714003945
676263,SL,Slider,Breaking,388,0.36329588014981273,0.3181818181818182,0.3116883116883117,88.62628865979381
676263,CU,Curveball,Breaking,173,0.16198501872659177,0.24615384615384617,0.21428571428571427,80.78612716763006
676272,CU,Curveball,Breaking,57,0.4014084507042254,0.3,0.3333333333333333,79.8175438596491
676272,FF,4-Seam FB,Fastball,49,0.34507042253521125,0.13043478260869565,0.125,97.22448979591837
676282,FF,4-Seam FB,Fastball,920,0.32857142857142857,0.14824797843665768,0.16521739130434782,92.2154347826087
676282,CU,Curveball,Breaking,853,0.30464285714285716,0.3605263157894737,0.3279569892473118,79.98007033997655
676282,CH,Changeup,Offspeed,689,0.24607142857142858,0.38769230769230767,0.3194444444444444,81.07619738751814
676282,FC,Cutter,Fastball,224,0.08,0.25217391304347825,0.1,87.06160714285714
676282,SL,Slider,Breaking,113,0.040357142857142855,0.27586206896551724,0.058823529411764705,82.78938053097345
676395,FF,4-Seam FB,Fastball,150,0.44776119402985076,0.28378378378378377,0.22727272727272727,93.97066666666669
676395,CH,Changeup,Offspeed,117,0.3492537313432836,0.21818181818181817,0.1724137931034483,88.34273504273504
676395,SL,Slider,Breaking,68,0.20298507462686566,0.3157894736842105,0.1111111111111111,84.91764705882353
676428,SI,Sinker,Fastball,298,0.5528756957328386,0.10236220472440945,0.0967741935483871,91.83892617449665
676428,ST,Sweeper,Breaking,161,0.2987012987012987,0.3968253968253968,0.21428571428571427,81.23726708074534
676428,CH,Changeup,Offspeed,56,0.1038961038961039,0.25,0.08333333333333333,87.57142857142857
676440,FC,Cutter,Fastball,762,0.24399615754082613,0.3160621761658031,0.2644628099173554,85.72664041994749
676440,FF,4-Seam FB,Fastball,742,0.23759205891770732,0.15160349854227406,0.1746031746031746,93.95363881401617
676440,SI,Sinker,Fastball,640,0.20493115593980146,0.14965986394557823,0.10810810810810811,93.24953124999999
676440,CH,Changeup,Offspeed,480,0.15369836695485112,0.34893617021276596,0.26804123711340205,80.908125
676440,CU,Curveball,Breaking,344,0.11015049631764329,0.24342105263157895,0.2033898305084746,78.08517441860465
676440,ST,Sweeper,Breaking,155,0.04963176432917067,0.17073170731707318,0.1794871794871795,82.46838709677418
676454,ST,Sweeper,Breaking,52,0.4642857142857143,0.4166666666666667,0.4,84.29807692307693
676454,FF,4-Seam FB,Fastball,48,0.42857142857142855,0.3333333333333333,0.3,93.65833333333335
676467,FF,4-Seam FB,Fastball,77,0.28308823529411764,0.17073170731707318,0.16666666666666666,91.28181818181818
676467,ST,Sweeper,Breaking,75,0.2757352941176471,0.17142857142857143,0.0625,81.50533333333331
676467,SI,Sinker,Fastball,58,0.21323529411764705,0.08695652173913043,0.0,91.52758620689654
676467,CH,Changeup,Offspeed,38,0.13970588235294118,0.2608695652173913,0.4,83.98684210526316
676477,SI,Sinker,Fastball,447,0.567258883248731,0.24803149606299213,0.1780821917808219,94.9496644295302
676477,SL,Slider,Breaking,195,0.24746192893401014,0.4690265486725664,0.41509433962264153,86.08564102564105
676477,CH,Changeup,Offspeed,146,0.18527918781725888,0.3488372093023256,0.3,84.3123287671233
676508,FF,4-Seam FB,Fastball,61,0.39869281045751637,0.4583333333333333,0.25,95.77704918032788
676508,ST,Sweeper,Breaking,44,0.2875816993464052,0.21052631578947367,0.1,87.08181818181819
676510,FC,Cutter,Fastball,60,0.26200873362445415,0.125,0.0,88.36666666666665
676510,FF,4-Seam FB,Fastball,58,0.25327510917030566,0.28125,0.4,93.16724137931034
676510,SI,Sinker,Fastball,56,0.2445414847161572,0.18518518518518517,0.5,92.80892857142855
676534,FC,Cutter,Fastball,379,0.32010135135135137,0.27167630057803466,0.20512820512820512,93.22532981530344
676534,ST,Sweeper,Breaking,300,0.2533783783783784,0.2978723404255319,0.33783783783783783,87.69166666666666
676534,SI,Sinker,Fastball,188,0.15878378378378377,0.125,0.13043478260869565,95.99946808510639
676534,CU,Curveball,Breaking,154,0.13006756756756757,0.2459016393442623,0.2903225806451613,85.54415584415585
676534,FF,4-Seam FB,Fastball,131,0.11064189189189189,0.3617021276595745,0.3333333333333333,96.312213740458
676534,SL,Slider,Breaking,32,0.02702702702702703,0.26666666666666666,0.14285714285714285,91.196875
676568,FF,4-Seam FB,Fastball,101,0.507537688442211,0.21951219512195122,0.17647058823529413,93.93663366336634
676568,CH,Changeup,Offspeed,50,0.25125628140703515,0.32142857142857145,0.125,84.536
676568,CU,Curveball,Breaking,48,0.24120603015075376,0.15384615384615385,0.0,82.90416666666667
676571,ST,Sweeper,Breaking,240,0.35502958579881655,0.2962962962962963,0.22448979591836735,79.04291666666668
676571,FF,4-Seam FB,Fastball,201,0.2973372781065089,0.10126582278481013,0.08571428571428572,90.16865671641791
676571,SI,Sinker,Fastball,153,0.22633136094674555,0.05454545454545454,0.09090909090909091,88.99869281045751
676571,CH,Changeup,Offspeed,82,0.12130177514792899,0.1875,0.21052631578947367,80.37195121951218
676596,SI,Sinker,Fastball,45,0.375,0.1,0.125,89.14222222222223
676596,CU,Curveball,Breaking,38,0.31666666666666665,0.4,0.0,76.72368421052632
676604,FF,4-Seam FB,Fastball,295,0.39918809201623817,0.2751677852348993,0.265625,95.40237288135593
676604,ST,Sweeper,Breaking,178,0.2408660351826793,0.21518987341772153,0.21428571428571427,83.64157303370786
676604,SL,Slider,Breaking,132,0.17861975642760486,0.27692307692307694,0.20833333333333334,89.06515151515151
676604,SI,Sinker,Fastball,85,0.11502029769959404,0.05405405405405406,0.14285714285714285,94.68941176470588
676604,CU,Curveball,Breaking,44,0.05953991880920163,0.30434782608695654,0.3333333333333333,83.32727272727273
676617,SI,Sinker,Fastball,633,0.5786106032906764,0.1793103448275862,0.13829787234042554,97.72764612954187
676617,ST,Sweeper,Breaking,357,0.3263254113345521,0.46938775510204084,0.38571428571428573,82.8563025210084
676617,SL,Slider,Breaking,91,0.08318098720292505,0.2391304347826087,0.35294117647058826,90.53296703296704
676620,ST,Sweeper,Breaking,140,0.49295774647887325,0.26582278481012656,0.3142857142857143,79.19785714285715
676620,SL,Slider,Breaking,69,0.24295774647887325,0.2903225806451613,0.09090909090909091,83.79855072463768
676620,SI,Sinker,Fastball,36,0.1267605633802817,0.11764705882352941,0.0,90.44722222222222
676661,FF,4-Seam FB,Fastball,61,0.391025641025641,0.11764705882352941,0.18181818181818182,94.74590163934428
676661,FS,Splitter,Offspeed,35,0.22435897435897437,0.3684210526315789,0.4166666666666667,86.41142857142857
676661,FC,Cutter,Fastball,33,0.21153846153846154,0.23529411764705882,0.2,87.83939393939394
676664,FF,4-Seam FB,Fastball,182,0.3440453686200378,0.18947368421052632,0.2391304347826087,93.01868131868133
676664,CH,Changeup,Offspeed,110,0.20793950850661624,0.24528301886792453,0.4,84.96181818181819
676664,SI,Sinker,Fastball,78,0.14744801512287334,0.125,0.125,91.84871794871795
676664,ST,Sweeper,Breaking,76,0.14366729678638943,0.391304347826087,0.5714285714285714,79.70263157894736
676664,SL,Slider,Breaking,74,0.13988657844990549,0.16666666666666666,0.09090909090909091,81.15
676680,ST,Sweeper,Breaking,178,0.664179104477612,0.15294117647058825,0.1891891891891892,73.35617977528089
676680,FF,4-Seam FB,Fastball,75,0.2798507462686567,0.20454545454545456,0.16666666666666666,88.588
676684,FF,4-Seam FB,Fastball,223,0.43984220907297833,0.19090909090909092,0.15384615384615385,95.79686098654707
676684,SL,Slider,Breaking,148,0.29191321499013806,0.43243243243243246,0.2702702702702703,87.73648648648648
676684,SI,Sinker,Fastball,78,0.15384615384615385,0.07692307692307693,0.1,95.28846153846153
676684,CH,Changeup,Offspeed,58,0.11439842209072978,0.5833333333333334,0.3,89.41896551724139
676742,FF,4-Seam FB,Fastball,259,0.4567901234567901,0.35537190082644626,0.2826086956521739,95.97258687258687
676742,SL,Slider,Breaking,217,0.38271604938271603,0.4375,0.38095238095238093,85.66958525345622
676742,CH,Changeup,Offspeed,75,0.13227513227513227,0.21212121212121213,0.2,90.55066666666667
676755,FF,4-Seam FB,Fastball,542,0.7084967320261438,0.2007168458781362,0.12878787878787878,94.15276752767528
676755,CH,Changeup,Offspeed,77,0.10065359477124183,0.17391304347826086,0.125,85.99350649350647
676755,ST,Sweeper,Breaking,76,0.09934640522875816,0.2777777777777778,0.23529411764705882,82.93157894736841
676755,SL,Slider,Breaking,70,0.0915032679738562,0.25,0.3125,85.04714285714284
676760,FF,4-Seam FB,Fastball,452,0.42521166509877706,0.2597402597402597,0.25555555555555554,93.72455752212389
676760,CH,Changeup,Offspeed,293,0.2756349952963311,0.25984251968503935,0.15384615384615385,81.80887372013652
676760,FC,Cutter,Fastball,221,0.2079021636876764,0.25742574257425743,0.25,86.48325791855206
676760,ST,Sweeper,Breaking,97,0.09125117591721543,0.2391304347826087,0.1875,81.89896907216495
676775,FS,Splitter,Offspeed,303,0.4583963691376702,0.3375796178343949,0.25757575757575757,89.28415841584157
676775,FF,4-Seam FB,Fastball,164,0.2481089258698941,0.0821917808219178,0.13793103448275862,96.10609756097561
676775,SI,Sinker,Fastball,146,0.22087745839636913,0.06666666666666667,0.0,95.36095890410958
676775,SL,Slider,Breaking,48,0.07261724659606657,0.34782608695652173,0.6,88.39791666666667
676879,SI,Sinker,Fastball,864,0.5226860254083484,0.16434540389972144,0.09195402298850575,97.58842592592592
676879,CU,Curveball,Breaking,372,0.2250453720508167,0.514018691588785,0.4722222222222222,83.62069892473119
676879,SL,Slider,Breaking,193,0.11675741076830005,0.5764705882352941,0.5172413793103449,85.09326424870466
676879,CH,Changeup,Offspeed,192,0.1161524500907441,0.5,0.44,91.84114583333333
676879,FF,4-Seam FB,Fastball,32,0.019358741681790685,0.0625,0.09090909090909091,97.13125
676917,FF,4-Seam FB,Fastball,929,0.3261938202247191,0.22198275862068967,0.20526315789473684,96.8114101184069
676917,KC,Knuckle-Curve,Breaking,755,0.26509831460674155,0.38823529411764707,0.3493975903614458,86.15350993377484
676917,ST,Sweeper,Breaking,404,0.14185393258426968,0.3651685393258427,0.32653061224489793,86.27004950495049
676917,SI,Sinker,Fastball,359,0.12605337078651685,0.11578947368421053,0.1,96.10779944289693
676917,CH,Changeup,Offspeed,218,0.07654494382022473,0.2872340425531915,0.21875,89.12247706422019
676917,FC,Cutter,Fastball,181,0.06355337078651685,0.18478260869565216,0.09523809523809523,93.54419889502762
676962,KC,Knuckle-Curve,Breaking,395,0.37124060150375937,0.4405940594059406,0.425531914893617,86.83291139240507
676962,FF,4-Seam FB,Fastball,388,0.36466165413533835,0.16292134831460675,0.14285714285714285,96.36778350515463
676962,SI,Sinker,Fastball,221,0.20770676691729323,0.13541666666666666,0.16666666666666666,96.47239819004524
676962,CH,Changeup,Offspeed,60,0.05639097744360902,0.34782608695652173,0.42857142857142855,90.12666666666668
676974,ST,Sweeper,Breaking,537,0.30016769144773614,0.35658914728682173,0.4028776978417266,88.98715083798884
676974,SL,Slider,Breaking,466,0.2604807154835103,0.39574468085106385,0.35802469135802467,90.14678111587982
676974,FF,4-Seam FB,Fastball,430,0.2403577417551705,0.125,0.1111111111111111,95.1
676974,CH,Changeup,Offspeed,183,0.10229178311906093,0.3375,0.15789473684210525,87.16939890710383
676974,SI,Sinker,Fastball,173,0.09670206819452208,0.05063291139240506,0.0,93.56127167630059
676979,FF,4-Seam FB,Fastball,198,0.32142857142857145,0.2653061224489796,0.24324324324324326,95.78131313131311
676979,FC,Cutter,Fastball,157,0.25487012987012986,0.23809523809523808,0.35294117647058826,90.91528662420383
676979,SI,Sinker,Fastball,140,0.22727272727272727,0.1864406779661017,0.35294117647058826,95.2342857142857
676979,ST,Sweeper,Breaking,91,0.14772727272727273,0.2708333333333333,0.23529411764705882,83.32637362637361
677020,SL,Slider,Breaking,191,0.3782178217821782,0.31868131868131866,0.1951219512195122,83.16858638743454
677020,SI,Sinker,Fastball,137,0.2712871287128713,0.039473684210526314,0.05263157894736842,92.65255474452555
677020,FF,4-Seam FB,Fastball,127,0.2514851485148515,0.21666666666666667,0.32,93.0204724409449
677020,CH,Changeup,Offspeed,50,0.09900990099009901,0.4444444444444444,0.3333333333333333,85.694
677053,FF,4-Seam FB,Fastball,210,0.47191011235955055,0.2830188679245283,0.275,94.28142857142856
677053,ST,Sweeper,Breaking,112,0.251685393258427,0.40425531914893614,0.38095238095238093,82.39553571428571
677053,SL,Slider,Breaking,59,0.13258426966292136,0.25925925925925924,0.14285714285714285,85.75084745762712
677053,CH,Changeup,Offspeed,54,0.12134831460674157,0.2857142857142857,0.3333333333333333,89.20555555555556
677161,FC,Cutter,Fastball,144,0.4485981308411215,0.19298245614035087,0.35714285714285715,90.70902777777778
677161,ST,Sweeper,Breaking,67,0.2087227414330218,0.27586206896551724,0.13333333333333333,81.6507462686567
677161,SI,Sinker,Fastball,51,0.1588785046728972,0.09523809523809523,0.125,95.89411764705883
677161,FF,4-Seam FB,Fastball,46,0.14330218068535824,0.18181818181818182,0.21428571428571427,96.07826086956523
677865,SI,Sinker,Fastball,588,0.4349112426035503,0.08778625954198473,0.014705882352941176,90.16496598639456
677865,ST,Sweeper,Breaking,547,0.40458579881656803,0.2471042471042471,0.21897810218978103,77.90987202925045
677865,CH,Changeup,Offspeed,116,0.08579881656804733,0.3125,0.2857142857142857,80.27844827586208
677865,FF,4-Seam FB,Fastball,83,0.0613905325443787,0.20588235294117646,0.2,91.70602409638553
677944,FF,4-Seam FB,Fastball,561,0.27233009708737865,0.1814516129032258,0.22857142857142856,93.6204991087344
677944,FC,Cutter,Fastball,519,0.2519417475728155,0.23076923076923078,0.25301204819277107,88.53410404624277
677944,SI,Sinker,Fastball,409,0.19854368932038835,0.11627906976744186,0.13559322033898305,93.51198044009779
677944,CU,Curveball,Breaking,306,0.14854368932038836,0.2807017543859649,0.26666666666666666,76.06405228758169
677944,ST,Sweeper,Breaking,130,0.06310679611650485,0.32786885245901637,0.18518518518518517,83.00999999999999
677944,SL,Slider,Breaking,92,0.04466019417475728,0.30434782608695654,0.16666666666666666,83.42934782608695
677944,CH,Changeup,Offspeed,41,0.019902912621359223,0.2777777777777778,0.3333333333333333,83.14634146341464
677952,FF,4-Seam FB,Fastball,753,0.3019246190858059,0.1732283464566929,0.20689655172413793,97.26879150066401
677952,CU,Curveball,Breaking,659,0.26423416198877303,0.390625,0.33678756476683935,84.96312594840667
677952,SL,Slider,Breaking,560,0.22453889334402566,0.2981366459627329,0.304,91.79303571428571
677952,SI,Sinker,Fastball,420,0.16840417000801924,0.18099547511312217,0.175,97.01619047619046
677952,FS,Splitter,Offspeed,102,0.0408981555733761,0.09090909090909091,0.2222222222222222,91.76176470588234
677955,FF,4-Seam FB,Fastball,229,0.3082099596231494,0.2459016393442623,0.2,96.95633187772926
677955,SL,Slider,Breaking,203,0.2732166890982503,0.40789473684210525,0.40625,88.23349753694582
677955,SI,Sinker,Fastball,157,0.21130551816958276,0.125,0.16666666666666666,97.4050955414013
677955,CH,Changeup,Offspeed,154,0.2072678331090175,0.45121951219512196,0.3142857142857143,85.50129870129871
677958,SL,Slider,Breaking,965,0.3760717069368667,0.4300847457627119,0.37872340425531914,83.17088082901554
677958,SI,Sinker,Fastball,754,0.2938425565081839,0.09141274238227147,0.07865168539325842,94.36127320954907
677958,FF,4-Seam FB,Fastball,378,0.14731098986749805,0.22285714285714286,0.20588235294117646,94.5878306878307
677958,FC,Cutter,Fastball,364,0.14185502727981295,0.21052631578947367,0.2857142857142857,90.29615384615386
677958,CH,Changeup,Offspeed,84,0.03273577552611068,0.23684210526315788,0.125,88.7714285714286
677960,CH,Changeup,Offspeed,602,0.24732949876746096,0.3525641025641026,0.3178294573643411,85.79186046511627
677960,FF,4-Seam FB,Fastball,553,0.22719802793755137,0.210727969348659,0.16842105263157894,95.94882459312838
677960,SI,Sinker,Fastball,504,0.20706655710764174,0.08928571428571429,0.05084745762711865,94.20238095238095
677960,ST,Sweeper,Breaking,498,0.20460147904683648,0.391025641025641,0.3333333333333333,81.40983935742973
677960,SL,Slider,Breaking,277,0.11380443714050945,0.3493150684931507,0.30120481927710846,86.9870036101083
677961,FF,4-Seam FB,Fastball,140,0.2697495183044316,0.27586206896551724,0.2631578947368421,96.61928571428572
677961,ST,Sweeper,Breaking,133,0.25626204238921,0.3392857142857143,0.3333333333333333,86.50526315789473
677961,SL,Slider,Breaking,99,0.1907514450867052,0.3888888888888889,0.22727272727272727,87.55050505050504
677961,SI,Sinker,Fastball,87,0.1676300578034682,0.19444444444444445,0.16666666666666666,96.64597701149427
677961,CH,Changeup,Offspeed,60,0.11560693641618497,0.3055555555555556,0.23076923076923078,87.86166666666668
677976,SI,Sinker,Fastball,508,0.38368580060422963,0.07112970711297072,0.09433962264150944,91.50039370078741
677976,ST,Sweeper,Breaking,333,0.2515105740181269,0.30434782608695654,0.22,82.44294294294295
677976,CH,Changeup,Offspeed,291,0.21978851963746224,0.27848101265822783,0.23076923076923078,84.76563573883162
677976,FF,4-Seam FB,Fastball,128,0.09667673716012085,0.10714285714285714,0.1111111111111111,92.29296875
677976,SL,Slider,Breaking,64,0.04833836858006042,0.3055555555555556,0.19047619047619047,83.721875
678020,FF,4-Seam FB,Fastball,343,0.5893470790378007,0.1125,0.16666666666666666,98.92303206997084
678020,SL,Slider,Breaking,167,0.2869415807560137,0.3902439024390244,0.3055555555555556,86.71377245508982
678020,FS,Splitter,Offspeed,59,0.1013745704467354,0.22857142857142856,0.23076923076923078,90.26271186440677
678022,FF,4-Seam FB,Fastball,644,0.30178069353327086,0.17391304347826086,0.1694915254237288,95.76801242236024
678022,ST,Sweeper,Breaking,596,0.27928772258669166,0.38028169014084506,0.3228346456692913,86.26208053691276
678022,CH,Changeup,Offspeed,398,0.18650421743205248,0.37055837563451777,0.3695652173913043,89.50879396984925
678022,FC,Cutter,Fastball,323,0.1513589503280225,0.1951219512195122,0.1875,92.65386996904024
678022,SI,Sinker,Fastball,115,0.05388940955951265,0.1724137931034483,0.0,94.81130434782608
678022,SL,Slider,Breaking,58,0.02717900656044986,0.3076923076923077,0.26666666666666666,85.9189655172414
678061,FF,4-Seam FB,Fastball,90,0.3474903474903475,0.26666666666666666,0.3333333333333333,94.69999999999997
678061,CU,Curveball,Breaking,81,0.3127413127413127,0.29545454545454547,0.23076923076923078,81.1679012345679
678061,SI,Sinker,Fastball,59,0.2277992277992278,0.03125,0.0,94.42711864406779
678368,FC,Cutter,Fastball,55,0.24663677130044842,0.25,0.2857142857142857,86.48181818181817
678368,ST,Sweeper,Breaking,48,0.21524663677130046,0.3181818181818182,0.14285714285714285,79.12083333333334
678368,FF,4-Seam FB,Fastball,45,0.20179372197309417,0.2,0.16666666666666666,90.60444444444444
678368,CH,Changeup,Offspeed,42,0.18834080717488788,0.3888888888888889,0.2727272727272727,80.65952380952382
678391,EP,EP,Other,53,1.0,0.0,0.0,45.588679245283025
678394,SI,Sinker,Fastball,772,0.3867735470941884,0.14985590778097982,0.14432989690721648,95.3282383419689
678394,CH,Changeup,Offspeed,404,0.20240480961923848,0.2564102564102564,0.20212765957446807,89.05519801980199
678394,FC,Cutter,Fastball,294,0.14729458917835672,0.4594594594594595,0.3125,87.49047619047619
678394,ST,Sweeper,Breaking,266,0.13326653306613226,0.31496062992125984,0.26153846153846155,86.01842105263158
678394,FF,4-Seam FB,Fastball,189,0.09468937875751503,0.1941747572815534,0.23076923076923078,95.76084656084657
678394,CU,Curveball,Breaking,71,0.03557114228456914,0.3125,0.25,83.42112676056338
678576,SI,Sinker,Fastball,37,0.6065573770491803,0.1111111111111111,0.0,94.47837837837838
678606,SI,Sinker,Fastball,779,0.6809440559440559,0.13734939759036144,0.09836065573770492,97.53003851091142
678606,CH,Changeup,Offspeed,202,0.17657342657342656,0.40217391304347827,0.3269230769230769,87.5881188118812
678606,SL,Slider,Breaking,156,0.13636363636363635,0.3384615384615385,0.26666666666666666,88.39935897435898
678868,SI,Sinker,Fastball,97,0.5773809523809523,0.14634146341463414,0.14285714285714285,96.7762886597938
678868,CH,Changeup,Offspeed,50,0.2976190476190476,0.1724137931034483,0.2,89.36
678906,ST,Sweeper,Breaking,455,0.35353535353535354,0.31627906976744186,0.32,84.20395604395605
678906,FF,4-Seam FB,Fastball,350,0.27195027195027194,0.18125,0.12307692307692308,93.34971428571428
678906,SI,Sinker,Fastball,219,0.17016317016317017,0.17857142857142858,0.14285714285714285,93.21643835616439
678906,CH,Changeup,Offspeed,126,0.0979020979020979,0.25862068965517243,0.2,86.95158730158731
678906,CU,Curveball,Breaking,116,0.09013209013209013,0.4,0.47368421052631576,82.40862068965517
679358,FS,Splitter,Offspeed,380,0.5149051490514905,0.266304347826087,0.25316455696202533,83.4928947368421
679358,FF,4-Seam FB,Fastball,188,0.25474254742547425,0.0759493670886076,0.17857142857142858,92.76063829787235
679358,SL,Slider,Breaking,107,0.14498644986449866,0.18421052631578946,0.0,87.39158878504672
679358,CU,Curveball,Breaking,63,0.08536585365853659,0.2608695652173913,0.2,82.00476190476188
679775,SI,Sinker,Fastball,222,0.5736434108527132,0.10309278350515463,0.1875,90.68963963963965
679775,ST,Sweeper,Breaking,127,0.3281653746770026,0.34615384615384615,0.32,78.27165354330708
679775,CH,Changeup,Offspeed,38,0.09819121447028424,0.15384615384615385,0.14285714285714285,80.2578947368421
679883,SI,Sinker,Fastball,353,0.27300850734725446,0.18012422360248448,0.22448979591836735,96.38385269121812
679883,FF,4-Seam FB,Fastball,336,0.25986078886310904,0.1619718309859155,0.17391304347826086,96.14791666666667
679883,SL,Slider,Breaking,279,0.21577726218097448,0.34782608695652173,0.2982456140350877,88.084229390681
679883,CU,Curveball,Breaking,191,0.1477184841453983,0.24,0.10344827586206896,83.01151832460732
679883,CH,Changeup,Offspeed,134,0.10363495746326373,0.38181818181818183,0.36363636363636365,89.45447761194028
679885,FF,4-Seam FB,Fastball,84,0.3620689655172414,0.34375,0.5,101.61309523809524
679885,SI,Sinker,Fastball,84,0.3620689655172414,0.07142857142857142,0.25,101.76071428571429
679885,FS,Splitter,Offspeed,54,0.23275862068965517,0.5,0.45,90.33888888888887
680570,FF,4-Seam FB,Fastball,905,0.5110107284020328,0.16268980477223427,0.14136125654450263,96.11082872928175
680570,CH,Changeup,Offspeed,467,0.2636928289102202,0.3391304347826087,0.2376237623762376,83.18008565310492
680570,CU,Curveball,Breaking,207,0.11688311688311688,0.273972602739726,0.14285714285714285,80.80966183574878
680570,SL,Slider,Breaking,192,0.10841332580463016,0.33663366336633666,0.34210526315789475,84.93697916666666
680573,FF,4-Seam FB,Fastball,542,0.434991974317817,0.196,0.14084507042253522,92.55369003690036
680573,FS,Splitter,Offspeed,305,0.2447833065810594,0.20155038759689922,0.2037037037037037,86.7511475409836
680573,SL,Slider,Breaking,281,0.22552166934189405,0.2,0.1590909090909091,85.9306049822064
680573,CU,Curveball,Breaking,117,0.09390048154093097,0.11428571428571428,0.18181818181818182,76.71709401709401
680604,SI,Sinker,Fastball,185,0.40217391304347827,0.13253012048192772,0.18181818181818182,94.14756756756758
680604,ST,Sweeper,Breaking,104,0.22608695652173913,0.34782608695652173,0.2692307692307692,82.78365384615384
680604,FC,Cutter,Fastball,63,0.13695652173913042,0.17857142857142858,0.0,90.40793650793651
680604,FF,4-Seam FB,Fastball,57,0.12391304347826088,0.11764705882352941,0.12,94.53508771929826
680604,CH,Changeup,Offspeed,47,0.10217391304347827,0.17391304347826086,0.09090909090909091,88.96595744680852
680694,SI,Sinker,Fastball,978,0.36182019977802443,0.10526315789473684,0.11627906976744186,94.7274028629857
680694,SL,Slider,Breaking,657,0.24306326304106549,0.36470588235294116,0.2868217054263566,87.37366818873669
680694,CU,Curveball,Breaking,586,0.21679615242323344,0.35714285714285715,0.3333333333333333,84.81928327645052
680694,FF,4-Seam FB,Fastball,468,0.17314095449500555,0.14009661835748793,0.24324324324324326,94.15470085470086
680702,FF,4-Seam FB,Fastball,70,0.5426356589147286,0.21428571428571427,0.375,93.50142857142859
680702,FC,Cutter,Fastball,54,0.4186046511627907,0.2631578947368421,0.2222222222222222,88.65370370370371
680704,SL,Slider,Breaking,104,0.52,0.4634146341463415,0.2857142857142857,77.21346153846154
680704,FS,Splitter,Offspeed,50,0.25,0.3333333333333333,0.3,84.10000000000002
680723,FF,4-Seam FB,Fastball,188,0.5968253968253968,0.2391304347826087,0.23529411764705882,91.63404255319149
680723,SI,Sinker,Fastball,49,0.15555555555555556,0.2727272727272727,0.3333333333333333,92.13673469387754
680723,FS,Splitter,Offspeed,42,0.13333333333333333,0.0,0.0,87.75714285714285
680723,ST,Sweeper,Breaking,36,0.11428571428571428,0.0,0.0,81.28333333333333
680730,SL,Slider,Breaking,369,0.4993234100135318,0.37,0.2875,83.11056910569106
680730,FF,4-Seam FB,Fastball,247,0.3342354533152909,0.17557251908396945,0.21739130434782608,93.50566801619433
680730,CU,Curveball,Breaking,117,0.15832205683355885,0.2857142857142857,0.125,78.81452991452991
680732,FF,4-Seam FB,Fastball,1161,0.3742746615087041,0.2531446540880503,0.22712933753943218,94.73212747631352
680732,KC,Knuckle-Curve,Breaking,627,0.20212765957446807,0.2845528455284553,0.25,79.01116427432217
680732,SL,Slider,Breaking,514,0.16569954867827208,0.3359683794466403,0.297029702970297,86.4966926070039
680732,SI,Sinker,Fastball,414,0.13346228239845262,0.11219512195121951,0.08771929824561403,94.66304347826087
680732,FC,Cutter,Fastball,320,0.1031592520954223,0.2727272727272727,0.3125,89.81281249999999
680732,CH,Changeup,Offspeed,65,0.020954223081882658,0.28,0.0,85.84615384615384
680736,FF,4-Seam FB,Fastball,1069,0.4890210430009149,0.24403669724770644,0.23404255319148937,94.67072029934518
680736,SL,Slider,Breaking,624,0.28545288197621227,0.22327044025157233,0.2556390977443609,86.56778846153847
680736,SI,Sinker,Fastball,179,0.0818847209515096,0.07777777777777778,0.18181818181818182,93.96480446927373
680736,CH,Changeup,Offspeed,106,0.0484903934126258,0.18181818181818182,0.07142857142857142,85.61415094339623
680736,CU,Curveball,Breaking,100,0.04574565416285453,0.06976744186046512,0.0,75.25299999999999
680736,ST,Sweeper,Breaking,73,0.03339432753888381,0.12903225806451613,0.0625,84.86575342465753
680736,FC,Cutter,Fastball,34,0.01555352241537054,0.21052631578947367,0.0,91.38235294117646
680742,FF,4-Seam FB,Fastball,494,0.4800777453838678,0.38846153846153847,0.35714285714285715,97.0836032388664
680742,SL,Slider,Breaking,185,0.17978620019436345,0.3404255319148936,0.3023255813953488,86.81189189189189
680742,CH,Changeup,Offspeed,142,0.1379980563654033,0.2876712328767123,0.23809523809523808,90.4725352112676
680742,SI,Sinker,Fastball,114,0.11078717201166181,0.07017543859649122,0.125,97.12894736842104
680742,ST,Sweeper,Breaking,85,0.0826044703595724,0.27586206896551724,0.23529411764705882,84.82235294117646
680744,FF,4-Seam FB,Fastball,247,0.3271523178807947,0.16296296296296298,0.22727272727272727,93.4765182186235
680744,FC,Cutter,Fastball,159,0.21059602649006623,0.4025974025974026,0.4166666666666667,87.55660377358491
680744,SL,Slider,Breaking,157,0.20794701986754968,0.30666666666666664,0.34210526315789475,83.82229299363057
680744,FS,Splitter,Offspeed,104,0.13774834437086092,0.20454545454545456,0.045454545454545456,85.40673076923076
680744,SI,Sinker,Fastball,82,0.10860927152317881,0.21052631578947367,0.25,92.35365853658537
680755,SL,Slider,Breaking,621,0.484399375975039,0.31683168316831684,0.26605504587155965,88.04090177133655
680755,CU,Curveball,Breaking,377,0.29407176287051484,0.2713178294573643,0.25,81.34429708222811
680755,FF,4-Seam FB,Fastball,252,0.19656786271450857,0.21296296296296297,0.24444444444444444,94.31706349206348
680755,FC,Cutter,Fastball,30,0.0234009360374415,0.23529411764705882,0.0,92.57
680767,FF,4-Seam FB,Fastball,483,0.45013979496738116,0.18340611353711792,0.20634920634920634,98.58654244306419
680767,SL,Slider,Breaking,299,0.2786579683131407,0.33587786259541985,0.23255813953488372,88.9521739130435
680767,CH,Changeup,Offspeed,165,0.15377446411929171,0.2857142857142857,0.23684210526315788,92.1448484848485
680767,SV,Slurve,Breaking,70,0.06523765144454799,0.5,0.42105263157894735,87.34857142857145
680767,SI,Sinker,Fastball,40,0.03727865796831314,0.15789473684210525,0.0,98.62
680802,FF,4-Seam FB,Fastball,219,0.38286713286713286,0.15841584158415842,0.17777777777777778,95.20639269406391
680802,ST,Sweeper,Breaking,182,0.3181818181818182,0.325,0.2894736842105263,83.81483516483516
680802,CH,Changeup,Offspeed,85,0.1486013986013986,0.3793103448275862,0.18181818181818182,89.08705882352942
680802,SI,Sinker,Fastball,66,0.11538461538461539,0.1935483870967742,0.6,93.11363636363636
680899,FF,4-Seam FB,Fastball,163,0.509375,0.2987012987012987,0.1935483870967742,96.8165644171779
680899,CH,Changeup,Offspeed,92,0.2875,0.3157894736842105,0.25,84.72934782608696
680899,SL,Slider,Breaking,65,0.203125,0.35714285714285715,0.3333333333333333,86.91538461538461
680916,FF,4-Seam FB,Fastball,283,0.6627634660421545,0.24,0.23529411764705882,96.05088339222615
680916,SL,Slider,Breaking,116,0.2716627634660422,0.3333333333333333,0.39285714285714285,86.02844827586208
681006,SI,Sinker,Fastball,59,0.38562091503267976,0.09090909090909091,0.14285714285714285,92.90847457627117
681006,ST,Sweeper,Breaking,42,0.27450980392156865,0.29411764705882354,0.3333333333333333,80.8047619047619
681006,CU,Curveball,Breaking,39,0.2549019607843137,0.2631578947368421,0.25,79.95128205128204
681035,FF,4-Seam FB,Fastball,945,0.46782178217821785,0.2776617954070981,0.2676767676767677,95.5005291005291
681035,ST,Sweeper,Breaking,454,0.22475247524752476,0.31100478468899523,0.35294117647058826,81.36762114537446
681035,FC,Cutter,Fastball,384,0.1900990099009901,0.24352331606217617,0.2962962962962963,89.62760416666667
681035,FS,Splitter,Offspeed,103,0.05099009900990099,0.3541666666666667,0.34782608695652173,84.69902912621362
681035,CU,Curveball,Breaking,100,0.04950495049504951,0.14754098360655737,0.125,81.879
681035,SI,Sinker,Fastball,33,0.016336633663366337,0.21428571428571427,0.0,92.2030303030303
681151,FF,4-Seam FB,Fastball,162,0.5328947368421053,0.3595505617977528,0.2727272727272727,95.34938271604938
681151,ST,Sweeper,Breaking,75,0.24671052631578946,0.19444444444444445,0.16666666666666666,81.05333333333334
681168,SL,Slider,Breaking,71,0.3008474576271186,0.325,0.08333333333333333,83.77464788732394
681168,FF,4-Seam FB,Fastball,66,0.2796610169491525,0.12121212121212122,0.1111111111111111,95.48484848484848
681168,FS,Splitter,Offspeed,50,0.211864406779661,0.32142857142857145,0.3,83.016
681168,SI,Sinker,Fastball,49,0.2076271186440678,0.17857142857142858,0.0,94.62244897959184
681190,FF,4-Seam FB,Fastball,758,0.31969633066216785,0.20603015075376885,0.14594594594594595,95.09511873350924
681190,FC,Cutter,Fastball,568,0.23956136651202026,0.20640569395017794,0.18,90.95686619718309
681190,SI,Sinker,Fastball,391,0.16490932096161956,0.10396039603960396,0.08196721311475409,95.08567774936061
681190,CH,Changeup,Offspeed,206,0.08688317165752847,0.275,0.2702702702702703,88.58543689320389
681190,CU,Curveball,Breaking,199,0.08393083087304935,0.18518518518518517,0.16326530612244897,83.96683417085426
681190,SL,Slider,Breaking,138,0.05820328975115985,0.24358974358974358,0.1794871794871795,86.01884057971013
681190,ST,Sweeper,Breaking,111,0.04681568958245466,0.14285714285714285,0.043478260869565216,84.29639639639639
681217,FF,4-Seam FB,Fastball,489,0.42118863049095606,0.376,0.3191489361702128,95.88997955010224
681217,FS,Splitter,Offspeed,287,0.24720068906115417,0.38636363636363635,0.34328358208955223,88.1
681217,ST,Sweeper,Breaking,244,0.21016365202411713,0.29411764705882354,0.25,85.9155737704918
681217,SI,Sinker,Fastball,141,0.12144702842377261,0.08955223880597014,0.1111111111111111,95.6886524822695
681252,FF,4-Seam FB,Fastball,66,0.3384615384615385,0.06451612903225806,0.1111111111111111,90.96969696969697
681252,SL,Slider,Breaking,47,0.24102564102564103,0.4583333333333333,0.6666666666666666,84.39787234042552
681252,FS,Splitter,Offspeed,44,0.22564102564102564,0.41379310344827586,0.29411764705882354,81.9068181818182
681293,CU,Curveball,Breaking,665,0.34243048403707516,0.4032258064516129,0.4298245614035088,76.48586466165415
681293,FF,4-Seam FB,Fastball,546,0.2811534500514933,0.1889763779527559,0.1724137931034483,92.40457875457875
681293,ST,Sweeper,Breaking,225,0.11585993820803296,0.2604166666666667,0.3142857142857143,79.69911111111111
681293,SI,Sinker,Fastball,204,0.10504634397528322,0.0975609756097561,0.13333333333333333,92.14803921568625
681293,CH,Changeup,Offspeed,155,0.07981462409886715,0.25396825396825395,0.05263157894736842,84.23096774193547
681293,FC,Cutter,Fastball,131,0.0674562306900103,0.140625,0.125,87.78625954198473
681320,FF,4-Seam FB,Fastball,216,0.7346938775510204,0.2641509433962264,0.2777777777777778,92.40138888888889
681320,SL,Slider,Breaking,31,0.1054421768707483,0.13333333333333333,0.0,84.95806451612903
681343,FF,4-Seam FB,Fastball,78,0.26174496644295303,0.2692307692307692,0.2,95.3269230769231
681343,CU,Curveball,Breaking,65,0.2181208053691275,0.375,0.2857142857142857,82.22615384615386
681343,CH,Changeup,Offspeed,56,0.18791946308724833,0.28,0.16666666666666666,90.29464285714286
681343,SI,Sinker,Fastball,54,0.18120805369127516,0.1111111111111111,0.16666666666666666,96.15555555555555
681343,SL,Slider,Breaking,45,0.15100671140939598,0.13636363636363635,0.14285714285714285,90.07333333333334
681347,FF,4-Seam FB,Fastball,468,0.2846715328467153,0.12093023255813953,0.11764705882352941,94.92970085470085
681347,CH,Changeup,Offspeed,441,0.26824817518248173,0.3133047210300429,0.25287356321839083,86.68163265306124
681347,SL,Slider,Breaking,274,0.16666666666666666,0.26973684210526316,0.18867924528301888,89.53029197080292
681347,CU,Curveball,Breaking,234,0.14233576642335766,0.23255813953488372,0.23404255319148937,79.0405982905983
681347,SI,Sinker,Fastball,227,0.1380778588807786,0.10236220472440945,0.16666666666666666,94.51629955947139
681402,FF,4-Seam FB,Fastball,361,0.5739268680445151,0.20441988950276244,0.2054794520547945,95.09556786703601
681402,SL,Slider,Breaking,248,0.3942766295707472,0.2459016393442623,0.28888888888888886,87.56048387096774
681517,FF,4-Seam FB,Fastball,625,0.2600915522263837,0.17120622568093385,0.22950819672131148,94.22
681517,SL,Slider,Breaking,394,0.16396171452351227,0.22959183673469388,0.39473684210526316,89.41319796954313
681517,CU,Curveball,Breaking,389,0.1618809821057012,0.2727272727272727,0.24719101123595505,82.99845758354756
681517,CH,Changeup,Offspeed,343,0.14273824386183936,0.32142857142857145,0.3,88.600583090379
681517,ST,Sweeper,Breaking,328,0.13649604660840617,0.25903614457831325,0.21333333333333335,84.78384146341463
681517,SI,Sinker,Fastball,323,0.1344153141905951,0.12337662337662338,0.1076923076923077,94.15913312693498
681520,SL,Slider,Breaking,35,0.4268292682926829,0.2777777777777778,0.3333333333333333,87.87714285714286
681544,FF,4-Seam FB,Fastball,167,0.5107033639143731,0.23529411764705882,0.1935483870967742,96.49221556886228
681544,SL,Slider,Breaking,104,0.3180428134556575,0.46153846153846156,0.42857142857142855,87.09807692307692
681544,FC,Cutter,Fastball,51,0.1559633027522936,0.3157894736842105,0.0,89.91960784313724
681676,SL,Slider,Breaking,167,0.4315245478036176,0.4117647058823529,0.41025641025641024,87.63293413173653
681676,FF,4-Seam FB,Fastball,158,0.4082687338501292,0.20270270270270271,0.19047619047619047,94.72151898734177
681676,CH,Changeup,Offspeed,46,0.11886304909560723,0.5,0.2222222222222222,87.28478260869565
681751,FF,4-Seam FB,Fastball,128,0.43537414965986393,0.1774193548387097,0.13793103448275862,92.86328125
681751,FC,Cutter,Fastball,75,0.25510204081632654,0.1891891891891892,0.0,86.488
681751,CU,Curveball,Breaking,42,0.14285714285714285,0.26666666666666666,0.14285714285714285,76.1547619047619
681799,FC,Cutter,Fastball,203,0.4393939393939394,0.1827956989247312,0.15384615384615385,92.95960591133006
681799,ST,Sweeper,Breaking,180,0.38961038961038963,0.3108108108108108,0.3103448275862069,83.6138888888889
681799,SI,Sinker,Fastball,79,0.170995670995671,0.14705882352941177,0.0,93.73797468354431
681810,ST,Sweeper,Breaking,434,0.45732349841938885,0.2727272727272727,0.2,84.83248847926268
681810,SI,Sinker,Fastball,263,0.27713382507903056,0.1276595744680851,0.20454545454545456,94.08403041825096
681810,FF,4-Seam FB,Fastball,149,0.15700737618545837,0.4838709677419355,0.375,93.91543624161073
681810,CU,Curveball,Breaking,66,0.06954689146469968,0.275,0.23333333333333334,84.15757575757576
681867,SI,Sinker,Fastball,201,0.2757201646090535,0.09803921568627451,0.05263157894736842,90.68706467661691
681867,CH,Changeup,Offspeed,194,0.2661179698216735,0.24324324324324326,0.26,85.22268041237112
681867,FC,Cutter,Fastball,159,0.21810699588477367,0.3076923076923077,0.3225806451612903,87.12893081761007
681867,ST,Sweeper,Breaking,126,0.1728395061728395,0.2222222222222222,0.18181818181818182,78.26269841269841
681867,FF,4-Seam FB,Fastball,45,0.06172839506172839,0.2631578947368421,0.2,90.61777777777777
681870,FF,4-Seam FB,Fastball,562,0.6386363636363637,0.25296442687747034,0.2261904761904762,94.07099644128114
681870,CU,Curveball,Breaking,161,0.18295454545454545,0.3333333333333333,0.3055555555555556,81.76273291925466
681870,SL,Slider,Breaking,157,0.1784090909090909,0.43023255813953487,0.5,86.55350318471338
681892,FC,Cutter,Fastball,325,0.34908700322234154,0.3395061728395062,0.36538461538461536,92.46984615384616
681892,SI,Sinker,Fastball,319,0.3426423200859291,0.13178294573643412,0.1935483870967742,92.9128526645768
681892,ST,Sweeper,Breaking,184,0.19763694951664876,0.21518987341772153,0.23214285714285715,81.60054347826087
681892,CH,Changeup,Offspeed,58,0.06229860365198711,0.08,0.0,88.90689655172415
681892,SL,Slider,Breaking,45,0.04833512352309345,0.25,0.5,87.45333333333332
681895,SI,Sinker,Fastball,256,0.30732292917166865,0.1595744680851064,0.2,91.14375000000001
681895,CU,Curveball,Breaking,221,0.2653061224489796,0.3103448275862069,0.23076923076923078,77.6343891402715
681895,FF,4-Seam FB,Fastball,144,0.17286914765906364,0.32,0.36363636363636365,91.52708333333334
681895,ST,Sweeper,Breaking,138,0.16566626650660263,0.34545454545454546,0.32142857142857145,80.33333333333333
681895,CH,Changeup,Offspeed,74,0.08883553421368548,0.2857142857142857,0.25,83.58648648648648
681911,FF,4-Seam FB,Fastball,581,0.5543893129770993,0.25752508361204013,0.264,92.10034423407917
681911,SL,Slider,Breaking,319,0.30438931297709926,0.4233576642335766,0.3709677419354839,84.37523510971788
681911,CH,Changeup,Offspeed,148,0.14122137404580154,0.4857142857142857,0.21739130434782608,82.75608108108109
681916,FF,4-Seam FB,Fastball,402,0.5718349928876245,0.24102564102564103,0.24705882352941178,95.59701492537313
681916,ST,Sweeper,Breaking,157,0.2233285917496444,0.2840909090909091,0.28205128205128205,86.01019108280255
681916,SI,Sinker,Fastball,58,0.08250355618776671,0.08333333333333333,0.25,95.27241379310345
681916,CU,Curveball,Breaking,44,0.06258890469416785,0.25,1.0,80.775
681916,FS,Splitter,Offspeed,42,0.059743954480796585,0.4,0.4,86.05
681973,FC,Cutter,Fastball,32,0.4444444444444444,0.3333333333333333,0.16666666666666666,86.47187500000001
681982,ST,Sweeper,Breaking,357,0.3703319502074689,0.39375,0.3142857142857143,81.14425770308124
681982,FF,4-Seam FB,Fastball,344,0.35684647302904565,0.21666666666666667,0.19480519480519481,93.41947674418606
681982,SI,Sinker,Fastball,230,0.23858921161825727,0.102803738317757,0.0,93.03826086956524
681982,CH,Changeup,Offspeed,33,0.03423236514522822,0.1875,0.2,86.23636363636365
682052,FF,4-Seam FB,Fastball,796,0.3462374945628534,0.19756838905775076,0.18045112781954886,90.3391959798995
682052,SL,Slider,Breaking,776,0.3375380600260983,0.2823834196891192,0.26344086021505375,76.16817010309278
682052,FC,Cutter,Fastball,461,0.2005219660722053,0.24423963133640553,0.32,86.16637744034706
682052,CH,Changeup,Offspeed,199,0.08655937364071335,0.25773195876288657,0.17857142857142858,82.40452261306532
682052,SI,Sinker,Fastball,67,0.029143105698129623,0.15384615384615385,0.0,89.75223880597014
682120,CU,Curveball,Breaking,318,0.3081395348837209,0.34285714285714286,0.2916666666666667,80.25534591194969
682120,SL,Slider,Breaking,258,0.25,0.4748201438848921,0.31746031746031744,87.21937984496124
682120,SI,Sinker,Fastball,240,0.23255813953488372,0.1834862385321101,0.125,93.63958333333333
682120,FF,4-Seam FB,Fastball,212,0.2054263565891473,0.17346938775510204,0.20588235294117646,94.67877358490567
682227,FC,Cutter,Fastball,343,0.3282296650717703,0.18292682926829268,0.30952380952380953,89.74868804664725
682227,CH,Changeup,Offspeed,221,0.21148325358851675,0.32038834951456313,0.2222222222222222,85.53257918552038
682227,FF,4-Seam FB,Fastball,165,0.15789473684210525,0.10714285714285714,0.047619047619047616,92.98727272727274
682227,ST,Sweeper,Breaking,124,0.11866028708133972,0.36619718309859156,0.3488372093023256,81.95161290322582
682227,SI,Sinker,Fastball,98,0.0937799043062201,0.12727272727272726,0.0625,93.35102040816327
682227,CU,Curveball,Breaking,94,0.08995215311004785,0.05,0.0,75.37340425531916
682243,FF,4-Seam FB,Fastball,744,0.3946949602122016,0.2191780821917808,0.21428571428571427,95.9534946236559
682243,FS,Splitter,Offspeed,441,0.2339522546419098,0.32421875,0.2846153846153846,84.59410430839003
682243,SL,Slider,Breaking,214,0.11352785145888594,0.28703703703703703,0.22727272727272727,87.27429906542055
682243,SI,Sinker,Fastball,162,0.08594164456233422,0.016666666666666666,0.0,95.25432098765432
682243,ST,Sweeper,Breaking,136,0.07214854111405836,0.22807017543859648,0.25,83.70735294117648
682243,FC,Cutter,Fastball,107,0.05676392572944297,0.3387096774193548,0.0,91.15046728971961
682243,KC,Knuckle-Curve,Breaking,80,0.042440318302387266,0.2682926829268293,0.27586206896551724,82.91999999999999
682254,FF,4-Seam FB,Fastball,560,0.46434494195688225,0.30526315789473685,0.3467741935483871,98.45517857142858
682254,SI,Sinker,Fastball,286,0.23714759535655058,0.3308270676691729,0.2564102564102564,98.74020979020978
682254,CU,Curveball,Breaking,167,0.1384742951907131,0.36585365853658536,0.25,86.47784431137724
682254,SL,Slider,Breaking,166,0.13764510779436154,0.4024390243902439,0.34285714285714286,89.64216867469878
682274,FF,4-Seam FB,Fastball,93,0.4189189189189189,0.30952380952380953,0.3333333333333333,95.752688172043
682274,FS,Splitter,Offspeed,70,0.3153153153153153,0.42857142857142855,0.2857142857142857,86.53857142857144
682274,SL,Slider,Breaking,59,0.26576576576576577,0.3333333333333333,0.3333333333333333,86.57796610169491
682445,FF,4-Seam FB,Fastball,50,0.3875968992248062,0.17391304347826086,0.1111111111111111,92.86800000000001
682445,SL,Slider,Breaking,46,0.35658914728682173,0.35,0.3333333333333333,86.2
682445,SI,Sinker,Fastball,31,0.24031007751937986,0.058823529411764705,0.0,92.86774193548389
682608,FF,4-Seam FB,Fastball,418,0.4184184184184184,0.2048780487804878,0.2247191011235955,93.08516746411483
682608,CH,Changeup,Offspeed,398,0.3983983983983984,0.3090909090909091,0.2912621359223301,83.33793969849246
682608,SL,Slider,Breaking,183,0.1831831831831832,0.24358974358974358,0.16666666666666666,86.56939890710383
682610,SL,Slider,Breaking,69,0.41317365269461076,0.5333333333333333,0.42857142857142855,85.51159420289856
682610,FF,4-Seam FB,Fastball,37,0.2215568862275449,0.25,0.2,95.15675675675678
682610,FC,Cutter,Fastball,34,0.20359281437125748,0.2,0.0,90.99117647058824
682785,FF,4-Seam FB,Fastball,31,0.5,0.25,0.2857142857142857,96.72258064516129
682825,SI,Sinker,Fastball,437,0.6019283746556474,0.2631578947368421,0.2857142857142857,97.87757437070938
682825,SL,Slider,Breaking,262,0.3608815426997245,0.3829787234042553,0.45652173913043476,85.15763358778626
682842,SI,Sinker,Fastball,580,0.614406779661017,0.20155038759689922,0.2222222222222222,98.74724137931034
682842,SL,Slider,Breaking,360,0.3813559322033898,0.3724137931034483,0.3125,87.80222222222223
682982,FF,4-Seam FB,Fastball,169,0.6190476190476191,0.4186046511627907,0.38235294117647056,98.81775147928992
682982,SL,Slider,Breaking,79,0.2893772893772894,0.27906976744186046,0.21428571428571427,92.0240506329114
682989,FC,Cutter,Fastball,272,0.4641638225255973,0.34285714285714286,0.28888888888888886,91.94154411764706
682989,FF,4-Seam FB,Fastball,138,0.2354948805460751,0.24242424242424243,0.28,97.3159420289855
682989,SI,Sinker,Fastball,76,0.1296928327645051,0.15151515151515152,0.5,96.34342105263157
682989,FS,Splitter,Offspeed,75,0.12798634812286688,0.4117647058823529,0.3333333333333333,92.10000000000001
682995,FF,4-Seam FB,Fastball,171,0.3904109589041096,0.2077922077922078,0.2222222222222222,94.11228070175439
682995,SL,Slider,Breaking,103,0.23515981735159816,0.21951219512195122,0.09090909090909091,82.35825242718447
682995,SI,Sinker,Fastball,75,0.17123287671232876,0.09090909090909091,0.25,93.50533333333333
682995,CH,Changeup,Offspeed,39,0.08904109589041095,0.2222222222222222,0.5,85.93589743589743
682995,ST,Sweeper,Breaking,30,0.0684931506849315,0.3076923076923077,0.375,82.76666666666667
683000,SL,Slider,Breaking,335,0.48905109489051096,0.5095541401273885,0.3246753246753247,84.87432835820896
683000,FF,4-Seam FB,Fastball,251,0.36642335766423356,0.13709677419354838,0.08888888888888889,96.49681274900398
683000,FC,Cutter,Fastball,99,0.14452554744525548,0.34146341463414637,0.6,90.02222222222225
683003,FF,4-Seam FB,Fastball,762,0.4663402692778458,0.2328042328042328,0.29133858267716534,98.21482939632546
683003,SL,Slider,Breaking,556,0.3402692778457772,0.4143835616438356,0.392,89.87643884892087
683003,CH,Changeup,Offspeed,181,0.11077111383108935,0.3855421686746988,0.39285714285714285,92.80994475138121
683003,CU,Curveball,Breaking,135,0.08261933904528763,0.4107142857142857,0.34782608695652173,85.6659259259259
683004,FF,4-Seam FB,Fastball,554,0.3812801101169993,0.22545454545454546,0.19791666666666666,96.71281588447654
683004,SL,Slider,Breaking,265,0.182381280110117,0.3360655737704918,0.27450980392156865,86.54037735849056
683004,CH,Changeup,Offspeed,256,0.17618719889883,0.30708661417322836,0.25757575757575757,90.04804687500001
683004,FC,Cutter,Fastball,141,0.09704060564349622,0.2222222222222222,0.38095238095238093,93.02695035460992
683004,CU,Curveball,Breaking,126,0.08671713695801789,0.375,0.2,81.84365079365078
683004,SI,Sinker,Fastball,111,0.07639366827253957,0.08620689655172414,0.0,95.8189189189189
683155,FF,4-Seam FB,Fastball,43,0.344,0.34782608695652173,0.2857142857142857,93.29302325581396
683175,FF,4-Seam FB,Fastball,326,0.5,0.1282051282051282,0.14705882352941177,98.27944785276074
683175,ST,Sweeper,Breaking,304,0.4662576687116564,0.36428571428571427,0.31666666666666665,86.03289473684211
683232,FF,4-Seam FB,Fastball,146,0.369620253164557,0.08955223880597014,0.06896551724137931,94.77602739726028
683232,SL,Slider,Breaking,111,0.2810126582278481,0.32142857142857145,0.22580645161290322,84.69909909909909
683232,CU,Curveball,Breaking,52,0.13164556962025317,0.26666666666666666,0.3333333333333333,81.31153846153846
683232,SI,Sinker,Fastball,44,0.11139240506329114,0.041666666666666664,0.0,93.76136363636364
683232,CH,Changeup,Offspeed,42,0.10632911392405063,0.3333333333333333,0.25,84.45238095238095
683352,FF,4-Seam FB,Fastball,338,0.465564738292011,0.1377245508982036,0.18461538461538463,90.96449704142012
683352,SV,Slurve,Breaking,169,0.2327823691460055,0.18571428571428572,0.225,79.58816568047337
683352,CH,Changeup,Offspeed,71,0.09779614325068871,0.10526315789473684,0.09090909090909091,84.71971830985915
683352,SL,Slider,Breaking,65,0.08953168044077135,0.2857142857142857,0.0,86.5646153846154
683352,SI,Sinker,Fastball,57,0.07851239669421488,0.0,0.0,90.8298245614035
683363,FF,4-Seam FB,Fastball,237,0.5656324582338902,0.19469026548672566,0.2608695652173913,90.42827004219409
683363,CH,Changeup,Offspeed,96,0.22911694510739858,0.25,0.2727272727272727,83.94479166666666
683363,SL,Slider,Breaking,60,0.1431980906921241,0.12,0.16666666666666666,79.21666666666665
683409,CH,Changeup,Offspeed,125,0.4222972972972973,0.35714285714285715,0.27586206896551724,89.76559999999999
683409,SL,Slider,Breaking,111,0.375,0.4,0.35714285714285715,91.16666666666667
683409,FF,4-Seam FB,Fastball,60,0.20270270270270271,0.14814814814814814,0.2,98.02333333333334
683618,FF,4-Seam FB,Fastball,336,0.34146341463414637,0.3275862068965517,0.35135135135135137,100.68154761904762
683618,SI,Sinker,Fastball,245,0.24898373983739838,0.140625,0.16,100.85551020408163
683618,SL,Slider,Breaking,217,0.22052845528455284,0.4175824175824176,0.4186046511627907,87.49170506912441
683618,FC,Cutter,Fastball,145,0.14735772357723578,0.35365853658536583,0.2222222222222222,94.73793103448276
683618,CU,Curveball,Breaking,41,0.041666666666666664,0.3,0.16666666666666666,82.11463414634146
683627,FF,4-Seam FB,Fastball,273,0.4739583333333333,0.19863013698630136,0.22033898305084745,96.35018315018314
683627,CH,Changeup,Offspeed,125,0.2170138888888889,0.18461538461538463,0.13043478260869565,87.10320000000002
683627,CU,Curveball,Breaking,80,0.1388888888888889,0.3076923076923077,0.1875,84.50625
683627,SL,Slider,Breaking,68,0.11805555555555555,0.37037037037037035,0.2857142857142857,88.0191176470588
683734,KN,Knuckleball,Breaking,50,0.6024096385542169,0.29411764705882354,0.3333333333333333,49.166000000000004
683742,FF,4-Seam FB,Fastball,160,0.45977011494252873,0.0958904109589041,0.15,95.08687499999999
683742,SL,Slider,Breaking,141,0.4051724137931034,0.2878787878787879,0.2413793103448276,85.08156028368795
683742,CH,Changeup,Offspeed,47,0.13505747126436782,0.375,0.25,88.25531914893617
683769,SL,Slider,Breaking,490,0.49847405900305186,0.32954545454545453,0.3218390804597701,89.5120654396728
683769,FF,4-Seam FB,Fastball,290,0.2950152594099695,0.2,0.2,95.14724137931033
683769,CH,Changeup,Offspeed,196,0.19938962360122076,0.39705882352941174,0.3333333333333333,79.68163265306123
684007,FF,4-Seam FB,Fastball,1188,0.40040444893832156,0.20804195804195805,0.21739130434782608,91.60505050505051
684007,FS,Splitter,Offspeed,1023,0.3447927199191102,0.42012779552715657,0.3129496402877698,82.79511241446724
684007,ST,Sweeper,Breaking,433,0.1459386585776879,0.32142857142857145,0.26666666666666666,81.0921478060046
684007,SI,Sinker,Fastball,180,0.06066734074823053,0.1958762886597938,0.15384615384615385,90.2261111111111
684007,CU,Curveball,Breaking,87,0.029322548028311426,0.2,0.0,74.48275862068967
684007,SL,Slider,Breaking,56,0.01887428378833839,0.3125,0.09090909090909091,86.27142857142857
684049,FF,4-Seam FB,Fastball,178,0.5476923076923077,0.34375,0.25,96.87921348314607
684049,SL,Slider,Breaking,136,0.41846153846153844,0.4482758620689655,0.2916666666666667,86.35367647058823
684320,SL,Slider,Breaking,78,0.39,0.11764705882352941,0.15384615384615385,85.73333333333335
684320,FS,Splitter,Offspeed,51,0.255,0.3181818181818182,0.36363636363636365,88.1941176470588
684320,FF,4-Seam FB,Fastball,43,0.215,0.1875,0.0,95.38837209302328
684442,FF,4-Seam FB,Fastball,165,0.4319371727748691,0.13924050632911392,0.20689655172413793,91.56181818181817
684442,CH,Changeup,Offspeed,73,0.19109947643979058,0.3611111111111111,0.5,81.6027397260274
684442,CU,Curveball,Breaking,65,0.17015706806282724,0.2777777777777778,0.09090909090909091,78.49692307692308
684442,FC,Cutter,Fastball,44,0.11518324607329843,0.2777777777777778,0.0,86.17954545454546
684442,SL,Slider,Breaking,35,0.09162303664921466,0.17647058823529413,0.0,81.70571428571428
684665,FF,4-Seam FB,Fastball,209,0.5485564304461942,0.23863636363636365,0.23809523809523808,95.66985645933015
684665,FC,Cutter,Fastball,80,0.2099737532808399,0.18421052631578946,0.1111111111111111,90.40875
684665,SL,Slider,Breaking,63,0.16535433070866143,0.29411764705882354,0.3076923076923077,84.32539682539681
684974,CH,Changeup,Offspeed,340,0.5354330708661418,0.3314917127071823,0.3291139240506329,78.9364705882353
684974,SI,Sinker,Fastball,108,0.1700787401574803,0.13513513513513514,0.14285714285714285,94.41203703703704
684974,FF,4-Seam FB,Fastball,103,0.16220472440944883,0.16216216216216217,0.1875,94.25728155339804
684974,FC,Cutter,Fastball,79,0.12440944881889764,0.34285714285714286,0.1111111111111111,90.72531645569619
685005,SL,Slider,Breaking,71,0.3271889400921659,0.3333333333333333,0.29411764705882354,87.25352112676057
685005,SI,Sinker,Fastball,65,0.2995391705069124,0.13333333333333333,0.1111111111111111,95.7
685005,FF,4-Seam FB,Fastball,64,0.29493087557603687,0.3103448275862069,0.23076923076923078,95.9375
685112,FC,Cutter,Fastball,110,0.4365079365079365,0.3148148148148148,0.3181818181818182,88.53909090909092
685112,FF,4-Seam FB,Fastball,86,0.3412698412698413,0.225,0.21052631578947367,93.87093023255814
685112,ST,Sweeper,Breaking,53,0.21031746031746032,0.3333333333333333,0.09090909090909091,83.81886792452829
685126,FF,4-Seam FB,Fastball,322,0.38748495788206977,0.2689655172413793,0.35185185185185186,89.98291925465838
685126,SL,Slider,Breaking,285,0.34296028880866425,0.33793103448275863,0.3050847457627119,83.91719298245614
685126,CH,Changeup,Offspeed,163,0.19614921780986763,0.30303030303030304,0.3333333333333333,84.75889570552148
685126,SI,Sinker,Fastball,58,0.06979542719614922,0.21739130434782608,0.14285714285714285,89.08275862068966
685299,FF,4-Seam FB,Fastball,750,0.4290617848970252,0.2091346153846154,0.19186046511627908,92.67439999999999
685299,CH,Changeup,Offspeed,383,0.21910755148741418,0.24311926605504589,0.1791044776119403,84.54856396866842
685299,SL,Slider,Breaking,367,0.20995423340961097,0.2215909090909091,0.21568627450980393,86.78446866485014
685299,CU,Curveball,Breaking,168,0.09610983981693363,0.21739130434782608,0.2222222222222222,81.2625
685299,SI,Sinker,Fastball,45,0.02574370709382151,0.14285714285714285,0.0,92.00666666666667
685299,FC,Cutter,Fastball,35,0.02002288329519451,0.07142857142857142,0.0,89.55142857142856
685464,FF,4-Seam FB,Fastball,106,0.34868421052631576,0.30952380952380953,0.2857142857142857,95.81981132075471
685464,CU,Curveball,Breaking,85,0.27960526315789475,0.3448275862068966,0.3125,79.45764705882354
685464,FC,Cutter,Fastball,72,0.23684210526315788,0.16279069767441862,0.09090909090909091,92.2388888888889
685464,SI,Sinker,Fastball,39,0.12828947368421054,0.17647058823529413,0.2,95.4923076923077
685801,FF,4-Seam FB,Fastball,189,0.5080645161290323,0.2,0.3157894736842105,96.48148148148148
685801,SL,Slider,Breaking,154,0.41397849462365593,0.43478260869565216,0.30434782608695654,88.76103896103896
686218,FF,4-Seam FB,Fastball,906,0.43142857142857144,0.3054393305439331,0.2727272727272727,94.3294701986755
686218,SL,Slider,Breaking,622,0.29619047619047617,0.36666666666666664,0.3708609271523179,86.60980707395498
686218,CH,Changeup,Offspeed,324,0.15428571428571428,0.25149700598802394,0.1951219512195122,85.38055555555556
686218,CU,Curveball,Breaking,248,0.1180952380952381,0.29545454545454547,0.2,77.67379032258064
686475,EP,EP,Other,106,1.0,0.027777777777777776,0.0,46.609433962264156
686560,FC,Cutter,Fastball,173,0.3326923076923077,0.2112676056338028,0.18181818181818182,90.71445086705201
686560,FF,4-Seam FB,Fastball,141,0.27115384615384613,0.375,0.30303030303030304,97.4163120567376
686560,ST,Sweeper,Breaking,115,0.22115384615384615,0.2711864406779661,0.16666666666666666,85.89913043478262
686560,SI,Sinker,Fastball,91,0.175,0.043478260869565216,0.0,95.90219780219783
686563,FF,4-Seam FB,Fastball,44,0.55,0.2916666666666667,0.16666666666666666,94.7681818181818
686580,FC,Cutter,Fastball,233,0.4221014492753623,0.16822429906542055,0.2857142857142857,93.42103004291845
686580,FF,4-Seam FB,Fastball,139,0.25181159420289856,0.2125,0.25,96.52446043165466
686580,ST,Sweeper,Breaking,95,0.1721014492753623,0.4318181818181818,0.45,85.94526315789474
686580,SI,Sinker,Fastball,65,0.11775362318840579,0.2647058823529412,0.375,97.26923076923077
686610,CU,Curveball,Breaking,67,0.3489583333333333,0.36666666666666664,0.23529411764705882,81.55820895522388
686610,FF,4-Seam FB,Fastball,63,0.328125,0.09523809523809523,0.25,93.31269841269841
686610,FC,Cutter,Fastball,45,0.234375,0.25925925925925924,0.0,87.62444444444444
686613,SI,Sinker,Fastball,614,0.307,0.2159090909090909,0.14606741573033707,96.01400651465799
686613,FF,4-Seam FB,Fastball,608,0.304,0.23236514522821577,0.25,96.19407894736842
686613,KC,Knuckle-Curve,Breaking,363,0.1815,0.36423841059602646,0.42045454545454547,83.43415977961432
686613,CH,Changeup,Offspeed,176,0.088,0.3783783783783784,0.29411764705882354,87.57727272727271
686613,SL,Slider,Breaking,176,0.088,0.21428571428571427,0.17647058823529413,90.65511363636364
686613,FC,Cutter,Fastball,42,0.021,0.34782608695652173,0.4,93.05714285714285
686730,ST,Sweeper,Breaking,37,0.43529411764705883,0.3,0.14285714285714285,79.2108108108108
686751,FF,4-Seam FB,Fastball,292,0.4605678233438486,0.2677165354330709,0.3018867924528302,97.71541095890412
686751,SL,Slider,Breaking,210,0.3312302839116719,0.32,0.21621621621621623,88.37047619047618
686751,SI,Sinker,Fastball,57,0.08990536277602523,0.1111111111111111,1.0,95.71929824561404
686751,CU,Curveball,Breaking,32,0.050473186119873815,0.45454545454545453,0.5714285714285714,82.165625
686751,ST,Sweeper,Breaking,31,0.04889589905362776,0.3,0.3076923076923077,84.67419354838708
686752,FF,4-Seam FB,Fastball,37,0.4868421052631579,0.0,0.0,93.26486486486486
686753,SL,Slider,Breaking,104,0.33986928104575165,0.4117647058823529,0.35294117647058826,87.05384615384618
686753,CH,Changeup,Offspeed,64,0.20915032679738563,0.30303030303030304,0.16666666666666666,89.5609375
686753,FF,4-Seam FB,Fastball,62,0.20261437908496732,0.16,0.09090909090909091,96.76935483870969
686753,SI,Sinker,Fastball,54,0.17647058823529413,0.07692307692307693,0.0,95.67962962962963
686790,SI,Sinker,Fastball,678,0.5745762711864407,0.09797297297297297,0.10989010989010989,93.43849557522124
686790,SL,Slider,Breaking,309,0.261864406779661,0.4,0.3392857142857143,85.82718446601942
686790,CH,Changeup,Offspeed,172,0.14576271186440679,0.33707865168539325,0.3235294117647059,83.7767441860465
686799,SI,Sinker,Fastball,470,0.3778135048231511,0.16666666666666666,0.18032786885245902,95.78404255319148
686799,CH,Changeup,Offspeed,293,0.23553054662379422,0.3670886075949367,0.35185185185185186,89.92252559726964
686799,FF,4-Seam FB,Fastball,267,0.21463022508038584,0.18699186991869918,0.2,96.21573033707864
686799,SL,Slider,Breaking,214,0.1720257234726688,0.36764705882352944,0.23809523809523808,85.94439252336448
686930,FF,4-Seam FB,Fastball,447,0.49174917491749176,0.19786096256684493,0.2702702702702703,94.86040268456377
686930,SL,Slider,Breaking,162,0.1782178217821782,0.2625,0.25,87.32777777777778
686930,ST,Sweeper,Breaking,138,0.15181518151815182,0.24615384615384617,0.25,83.60072463768117
686930,CU,Curveball,Breaking,93,0.10231023102310231,0.13513513513513514,0.21428571428571427,78.99569892473117
686930,CH,Changeup,Offspeed,69,0.07590759075907591,0.36,0.6666666666666666,85.34637681159421
686934,FF,4-Seam FB,Fastball,143,0.4307228915662651,0.3287671232876712,0.2702702702702703,99.42097902097903
686934,SI,Sinker,Fastball,89,0.2680722891566265,0.09090909090909091,0.0,99.13932584269662
686934,SL,Slider,Breaking,72,0.21686746987951808,0.41935483870967744,0.1875,87.15555555555555
686973,FF,4-Seam FB,Fastball,520,0.41139240506329117,0.25089605734767023,0.2619047619047619,98.78653846153846
686973,KC,Knuckle-Curve,Breaking,385,0.3045886075949367,0.35294117647058826,0.2911392405063291,87.65298701298701
686973,CH,Changeup,Offspeed,225,0.17800632911392406,0.3870967741935484,0.4117647058823529,93.08177777777779
686973,SL,Slider,Breaking,103,0.0814873417721519,0.1896551724137931,0.2,92.05339805825243
686973,SI,Sinker,Fastball,31,0.0245253164556962,0.0,0.0,96.92580645161289
686993,FF,4-Seam FB,Fastball,289,0.3958904109589041,0.20382165605095542,0.15384615384615385,93.49031141868512
686993,FC,Cutter,Fastball,225,0.3082191780821918,0.312,0.225,88.65911111111113
686993,ST,Sweeper,Breaking,216,0.2958904109589041,0.4387755102040816,0.41025641025641024,81.36805555555556
687064,FF,4-Seam FB,Fastball,1014,0.4007905138339921,0.21311475409836064,0.16748768472906403,94.38984220907298
687064,FS,Splitter,Offspeed,478,0.18893280632411066,0.28193832599118945,0.27058823529411763,84.45627615062762
687064,SL,Slider,Breaking,393,0.15533596837944663,0.41624365482233505,0.422680412371134,84.51806615776081
687064,SI,Sinker,Fastball,349,0.13794466403162056,0.0898876404494382,0.14285714285714285,93.88252148997135
687064,CU,Curveball,Breaking,296,0.11699604743083004,0.24719101123595505,0.28125,75.19155405405407
687075,SI,Sinker,Fastball,471,0.26327557294577975,0.1708542713567839,0.1791044776119403,96.15796178343949
687075,FF,4-Seam FB,Fastball,432,0.24147568474007824,0.2336448598130841,0.25742574257425743,96.78726851851852
687075,FC,Cutter,Fastball,374,0.20905533817775293,0.2388888888888889,0.15625,92.98475935828878
687075,ST,Sweeper,Breaking,184,0.10285075461151481,0.4,0.34782608695652173,86.20869565217392
687075,CU,Curveball,Breaking,181,0.10117384013415316,0.32926829268292684,0.35185185185185186,82.94585635359115
687075,CH,Changeup,Offspeed,147,0.08216880939072108,0.3283582089552239,0.16666666666666666,91.37823129251701
687134,FF,4-Seam FB,Fastball,64,0.26666666666666666,0.17647058823529413,0.10526315789473684,95.7484375
687134,SL,Slider,Breaking,38,0.15833333333333333,0.1111111111111111,0.2857142857142857,87.75263157894736
687134,FS,Splitter,Offspeed,36,0.15,0.1875,0.0,89.17500000000001
687134,CU,Curveball,Breaking,33,0.1375,0.5384615384615384,0.5,83.5121212121212
687209,FF,4-Seam FB,Fastball,197,0.6042944785276073,0.14130434782608695,0.10526315789473684,98.74670050761421
687209,ST,Sweeper,Breaking,70,0.2147239263803681,0.28125,0.21052631578947367,86.4657142857143
687209,FC,Cutter,Fastball,59,0.18098159509202455,0.2,0.0,92.76440677966103
687223,ST,Sweeper,Breaking,131,0.4185303514376997,0.30985915492957744,0.20512820512820512,73.85648854961832
687223,SI,Sinker,Fastball,102,0.3258785942492013,0.06976744186046512,0.2,90.58823529411765
687223,FF,4-Seam FB,Fastball,49,0.15654952076677317,0.22727272727272727,0.25,91.18775510204082
687223,FC,Cutter,Fastball,31,0.09904153354632587,0.26666666666666666,0.0,82.04193548387097
687239,FF,4-Seam FB,Fastball,176,0.5714285714285714,0.20212765957446807,0.11428571428571428,95.96647727272729
687239,SL,Slider,Breaking,120,0.38961038961038963,0.3389830508474576,0.2727272727272727,87.88916666666667
687273,FF,4-Seam FB,Fastball,359,0.3851931330472103,0.2422360248447205,0.2545454545454545,93.46072423398329
687273,SL,Slider,Breaking,210,0.22532188841201717,0.2636363636363636,0.3157894736842105,84.85761904761904
687273,CH,Changeup,Offspeed,152,0.1630901287553648,0.4305555555555556,0.27586206896551724,83.03947368421052
687273,CU,Curveball,Breaking,119,0.1276824034334764,0.20930232558139536,0.25,75.7840336134454
687273,SI,Sinker,Fastball,92,0.09871244635193133,0.20512820512820512,0.1111111111111111,92.93369565217391
687309,FF,4-Seam FB,Fastball,132,0.5196850393700787,0.2413793103448276,0.16,90.4159090909091
687309,ST,Sweeper,Breaking,58,0.2283464566929134,0.375,0.25,77.53275862068966
687309,CH,Changeup,Offspeed,40,0.15748031496062992,0.23809523809523808,0.23076923076923078,81.02250000000001
687312,FF,4-Seam FB,Fastball,568,0.4973730297723292,0.18275862068965518,0.18253968253968253,92.4132042253521
687312,CU,Curveball,Breaking,138,0.12084063047285463,0.2903225806451613,0.34285714285714286,78.71884057971015
687312,CH,Changeup,Offspeed,127,0.11120840630472854,0.1,0.06666666666666667,87.80944881889765
687312,SI,Sinker,Fastball,119,0.1042031523642732,0.25,0.23809523809523808,92.86470588235295
687312,ST,Sweeper,Breaking,99,0.08669001751313485,0.2558139534883721,0.2,85.5040404040404
687312,SL,Slider,Breaking,91,0.0796847635726795,0.2608695652173913,0.14285714285714285,86.48351648351648
687330,SI,Sinker,Fastball,581,0.5729783037475346,0.16433566433566432,0.17567567567567569,91.32564543889845
687330,CH,Changeup,Offspeed,281,0.27712031558185407,0.34615384615384615,0.37142857142857144,85.84768683274022
687330,ST,Sweeper,Breaking,75,0.07396449704142012,0.2,0.25,78.324
687330,FF,4-Seam FB,Fastball,71,0.07001972386587771,0.36666666666666664,0.34615384615384615,93.13661971830986
687377,SL,Slider,Breaking,303,0.38697318007662834,0.28104575163398693,0.1935483870967742,86.74191419141914
687377,FF,4-Seam FB,Fastball,221,0.2822477650063857,0.28,0.18032786885245902,96.92171945701357
687377,SI,Sinker,Fastball,133,0.1698595146871009,0.09722222222222222,0.0,96.84436090225566
687377,CH,Changeup,Offspeed,126,0.16091954022988506,0.44,0.3333333333333333,86.48253968253971
687396,FF,4-Seam FB,Fastball,652,0.487658937920718,0.20891364902506965,0.1836734693877551,94.12668711656441
687396,SL,Slider,Breaking,404,0.3021690351533283,0.47,0.3875,84.31559405940594
687396,FS,Splitter,Offspeed,166,0.12415856394913986,0.5061728395061729,0.4857142857142857,84.67831325301204
687396,SI,Sinker,Fastball,115,0.08601346297681377,0.16666666666666666,0.10526315789473684,93.3504347826087
687473,FF,4-Seam FB,Fastball,411,0.2862116991643454,0.23267326732673269,0.2336448598130841,94.6807785888078
687473,CH,Changeup,Offspeed,190,0.13231197771587744,0.18072289156626506,0.10256410256410256,87.16000000000001
687473,ST,Sweeper,Breaking,189,0.13161559888579388,0.1414141414141414,0.1875,81.6126984126984
687473,SI,Sinker,Fastball,175,0.12186629526462396,0.2222222222222222,0.2,93.14342857142857
687473,FC,Cutter,Fastball,172,0.11977715877437325,0.28888888888888886,0.21428571428571427,89.31860465116279
687473,SL,Slider,Breaking,168,0.116991643454039,0.15789473684210525,0.15151515151515152,85.36250000000001
687473,CU,Curveball,Breaking,131,0.09122562674094707,0.2033898305084746,0.28,78.41145038167939
687531,FF,4-Seam FB,Fastball,96,0.4824120603015075,0.3902439024390244,0.4,95.4875
687531,ST,Sweeper,Breaking,44,0.22110552763819097,0.32142857142857145,0.14285714285714285,81.63181818181818
687562,FF,4-Seam FB,Fastball,569,0.3516687268232386,0.20382165605095542,0.20588235294117646,92.77891036906854
687562,CH,Changeup,Offspeed,438,0.27070457354758964,0.32684824902723736,0.25663716814159293,83.52191780821919
687562,SI,Sinker,Fastball,388,0.23980222496909764,0.12435233160621761,0.08571428571428572,92.34226804123712
687562,ST,Sweeper,Breaking,123,0.07601977750309023,0.37037037037037035,0.2962962962962963,79.57235772357724
687562,FC,Cutter,Fastball,60,0.037082818294190356,0.3333333333333333,0.0,85.02666666666666
687562,CU,Curveball,Breaking,40,0.024721878862793572,0.17647058823529413,0.16666666666666666,78.795
687570,SL,Slider,Breaking,613,0.2965650701499758,0.3116883116883117,0.29457364341085274,87.94747145187603
687570,FF,4-Seam FB,Fastball,546,0.2641509433962264,0.15613382899628253,0.10989010989010989,95.56520146520147
687570,CU,Curveball,Breaking,385,0.18626028059990324,0.38125,0.35106382978723405,83.27766233766233
687570,SI,Sinker,Fastball,316,0.1528785679729076,0.09333333333333334,0.1388888888888889,95.01170886075951
687570,CH,Changeup,Offspeed,207,0.10014513788098693,0.19801980198019803,0.3225806451612903,86.69468599033816
687606,FC,Cutter,Fastball,272,0.4459016393442623,0.203125,0.28,88.82058823529412
687606,FF,4-Seam FB,Fastball,207,0.33934426229508197,0.1414141414141414,0.17307692307692307,93.57198067632851
687606,CH,Changeup,Offspeed,87,0.14262295081967213,0.2413793103448276,0.0,86.67011494252874
687606,SL,Slider,Breaking,44,0.07213114754098361,0.23529411764705882,0.16666666666666666,84.75909090909092
687765,FC,Cutter,Fastball,76,0.38,0.16666666666666666,0.18181818181818182,91.87105263157896
687765,SL,Slider,Breaking,40,0.2,0.3076923076923077,0.25,84.47999999999999
687765,SI,Sinker,Fastball,34,0.17,0.0,0.0,92.49117647058824
687765,CU,Curveball,Breaking,33,0.165,0.4375,0.5,81.56363636363636
687792,FF,4-Seam FB,Fastball,62,0.484375,0.30303030303030304,0.3333333333333333,92.85806451612903
687792,CH,Changeup,Offspeed,38,0.296875,0.2,0.14285714285714285,82.42631578947368
687849,FF,4-Seam FB,Fastball,143,0.41690962099125367,0.13333333333333333,0.25,92.72027972027972
687849,SL,Slider,Breaking,134,0.39067055393586003,0.2786885245901639,0.19230769230769232,87.30223880597015
687849,CU,Curveball,Breaking,57,0.1661807580174927,0.2692307692307692,0.15789473684210525,82.03508771929825
687911,FF,4-Seam FB,Fastball,615,0.5476402493321461,0.1891891891891892,0.19078947368421054,91.99528455284553
687911,ST,Sweeper,Breaking,298,0.2653606411398041,0.22058823529411764,0.22916666666666666,81.31375838926175
687911,SI,Sinker,Fastball,198,0.176313446126447,0.10843373493975904,0.07407407407407407,91.54595959595959
687931,CH,Changeup,Offspeed,216,0.3500810372771475,0.392,0.2553191489361702,83.3712962962963
687931,FF,4-Seam FB,Fastball,215,0.34846029173419774,0.12658227848101267,0.125,92.7693023255814
687931,SL,Slider,Breaking,101,0.16369529983792544,0.28,0.18181818181818182,85.05346534653465
687931,SI,Sinker,Fastball,57,0.09238249594813615,0.16666666666666666,0.0,92.88771929824561
687941,FF,4-Seam FB,Fastball,206,0.40551181102362205,0.15315315315315314,0.16666666666666666,95.35388349514564
687941,SL,Slider,Breaking,176,0.3464566929133858,0.21153846153846154,0.23076923076923078,88.52499999999999
687941,SI,Sinker,Fastball,111,0.21850393700787402,0.08695652173913043,0.07142857142857142,94.44234234234234
688107,ST,Sweeper,Breaking,477,0.25158227848101267,0.2672413793103448,0.2755905511811024,80.47945492662474
688107,SI,Sinker,Fastball,437,0.23048523206751054,0.13372093023255813,0.07272727272727272,92.68215102974828
688107,FF,4-Seam FB,Fastball,424,0.22362869198312235,0.2892561983471074,0.27049180327868855,92.88584905660379
688107,FC,Cutter,Fastball,350,0.18459915611814345,0.21390374331550802,0.07407407407407407,88.506
688107,CH,Changeup,Offspeed,198,0.10443037974683544,0.23404255319148937,0.21212121212121213,88.2449494949495
688158,FF,4-Seam FB,Fastball,204,0.31825273010920435,0.24778761061946902,0.21951219512195122,97.78578431372547
688158,SI,Sinker,Fastball,179,0.2792511700468019,0.1875,0.15384615384615385,96.92737430167598
688158,CU,Curveball,Breaking,145,0.22620904836193448,0.38461538461538464,0.4166666666666667,82.6496551724138
688158,SL,Slider,Breaking,113,0.17628705148205928,0.41379310344827586,0.47058823529411764,87.98230088495575
688297,SI,Sinker,Fastball,360,0.4951856946354883,0.14772727272727273,0.20930232558139536,96.3475
688297,FF,4-Seam FB,Fastball,171,0.23521320495185694,0.26582278481012656,0.30952380952380953,95.01988304093565
688297,FC,Cutter,Fastball,147,0.20220082530949107,0.15714285714285714,0.2,89.11632653061224
688297,ST,Sweeper,Breaking,43,0.059147180192572216,0.15384615384615385,0.0,85.95813953488371
688497,FF,4-Seam FB,Fastball,42,0.40384615384615385,0.14285714285714285,0.25,90.22380952380952
688642,FF,4-Seam FB,Fastball,377,0.24166666666666667,0.14835164835164835,0.1111111111111111,94.39681697612731
688642,FC,Cutter,Fastball,341,0.2185897435897436,0.1751412429378531,0.15789473684210525,91.81730205278592
688642,ST,Sweeper,Breaking,263,0.1685897435897436,0.3425925925925926,0.34285714285714286,84.03460076045627
688642,SI,Sinker,Fastball,218,0.13974358974358975,0.02631578947368421,0.047619047619047616,93.55504587155963
688642,SL,Slider,Breaking,190,0.12179487179487179,0.2719298245614035,0.22857142857142856,84.92526315789472
688642,FS,Splitter,Offspeed,171,0.10961538461538461,0.4318181818181818,0.3235294117647059,86.14561403508773
688692,FF,4-Seam FB,Fastball,37,0.3978494623655914,0.2,0.3333333333333333,94.57567567567565
688692,SI,Sinker,Fastball,32,0.34408602150537637,0.125,0.0,94.64375000000001
688883,FF,4-Seam FB,Fastball,244,0.5236051502145923,0.28703703703703703,0.19444444444444445,95.44836065573772
688883,CU,Curveball,Breaking,109,0.23390557939914164,0.2777777777777778,0.15789473684210525,81.66146788990827
688883,SL,Slider,Breaking,107,0.2296137339055794,0.358974358974359,0.1111111111111111,85.61495327102801
689017,FF,4-Seam FB,Fastball,84,0.44919786096256686,0.11904761904761904,0.0,93.69404761904762
689017,CH,Changeup,Offspeed,45,0.24064171122994651,0.375,0.3,85.17999999999999
689017,SL,Slider,Breaking,31,0.1657754010695187,0.17647058823529413,0.3333333333333333,86.8258064516129
689147,ST,Sweeper,Breaking,466,0.42019837691614065,0.26153846153846155,0.32558139534883723,86.99914163090128
689147,FF,4-Seam FB,Fastball,378,0.3408476104598738,0.3253012048192771,0.265625,97.12222222222223
689147,SI,Sinker,Fastball,203,0.18304779080252478,0.125,0.038461538461538464,96.23990147783252
689147,FS,Splitter,Offspeed,62,0.05590622182146077,0.3684210526315789,0.4,92.09516129032258
689149,FC,Cutter,Fastball,111,0.4269230769230769,0.2127659574468085,0.23529411764705882,93.02072072072072
689149,CU,Curveball,Breaking,74,0.2846153846153846,0.24,0.25,84.02027027027027
689149,ST,Sweeper,Breaking,69,0.2653846153846154,0.375,0.3684210526315789,84.0913043478261
689225,FF,4-Seam FB,Fastball,160,0.4134366925064599,0.19318181818181818,0.18518518518518517,95.55875
689225,SL,Slider,Breaking,70,0.18087855297157623,0.2765957446808511,0.23809523809523808,89.56428571428572
689225,SI,Sinker,Fastball,60,0.15503875968992248,0.08695652173913043,0.0,95.77
689225,CH,Changeup,Offspeed,54,0.13953488372093023,0.14814814814814814,0.18181818181818182,89.68518518518519
689225,CU,Curveball,Breaking,43,0.1111111111111111,0.5294117647058824,0.5454545454545454,85.86511627906975
689254,FC,Cutter,Fastball,529,0.5,0.241635687732342,0.2403846153846154,90.79810964083175
689254,ST,Sweeper,Breaking,415,0.39224952741020797,0.3484848484848485,0.30666666666666664,82.16530120481926
689254,CH,Changeup,Offspeed,114,0.10775047258979206,0.2692307692307692,0.2777777777777778,87.41140350877194
689266,SI,Sinker,Fastball,489,0.6029593094944513,0.25842696629213485,0.22115384615384615,93.89672801635992
689266,FC,Cutter,Fastball,283,0.34895191122071517,0.3375796178343949,0.37037037037037035,87.11378091872791
689266,SL,Slider,Breaking,38,0.0468557336621455,0.5384615384615384,0.6,82.43421052631578
689296,ST,Sweeper,Breaking,305,0.3071500503524673,0.4583333333333333,0.41333333333333333,85.81278688524591
689296,FF,4-Seam FB,Fastball,297,0.2990936555891239,0.21739130434782608,0.18,96.11010101010102
689296,CH,Changeup,Offspeed,220,0.2215508559919436,0.4,0.3,87.79272727272728
689296,SI,Sinker,Fastball,112,0.11278952668680765,0.14814814814814814,0.2,95.71339285714286
689296,FC,Cutter,Fastball,59,0.059415911379657606,0.28125,0.75,90.55932203389833
689441,FC,Cutter,Fastball,107,0.36271186440677966,0.2222222222222222,0.09090909090909091,87.37757009345796
689441,CU,Curveball,Breaking,61,0.20677966101694914,0.21875,0.2857142857142857,74.12131147540983
689441,FF,4-Seam FB,Fastball,54,0.18305084745762712,0.12,0.07142857142857142,91.31481481481484
689441,SI,Sinker,Fastball,50,0.1694915254237288,0.07407407407407407,0.0,91.32400000000001
689520,FF,4-Seam FB,Fastball,221,0.6636636636636637,0.23076923076923078,0.2702702702702703,92.64751131221719
689520,FC,Cutter,Fastball,66,0.1981981981981982,0.24242424242424243,0.08333333333333333,84.47727272727275
689520,CH,Changeup,Offspeed,46,0.13813813813813813,0.09523809523809523,0.14285714285714285,83.09130434782607
689546,SL,Slider,Breaking,300,0.6550218340611353,0.16911764705882354,0.16666666666666666,87.43933333333334
689546,SI,Sinker,Fastball,108,0.23580786026200873,0.1,0.07142857142857142,94.80925925925925
689546,FF,4-Seam FB,Fastball,49,0.10698689956331878,0.22727272727272727,0.125,94.78367346938776
689690,FF,4-Seam FB,Fastball,48,0.4247787610619469,0.2692307692307692,0.25,84.65208333333332
689690,CH,Changeup,Offspeed,43,0.3805309734513274,0.56,0.38461538461538464,72.87906976744186
689818,FF,4-Seam FB,Fastball,206,0.31212121212121213,0.19101123595505617,0.20588235294117646,96.52038834951456
689818,CU,Curveball,Breaking,143,0.21666666666666667,0.22388059701492538,0.19230769230769232,83.12727272727274
689818,FC,Cutter,Fastball,122,0.18484848484848485,0.3275862068965517,0.46153846153846156,91.24754098360657
689818,ST,Sweeper,Breaking,88,0.13333333333333333,0.375,0.375,86.49204545454546
689818,SI,Sinker,Fastball,61,0.09242424242424242,0.07407407407407407,0.14285714285714285,95.33278688524588
689818,CH,Changeup,Offspeed,40,0.06060606060606061,0.23529411764705882,0.3,90.94749999999999
689981,FF,4-Seam FB,Fastball,42,0.3230769230769231,0.2222222222222222,0.3333333333333333,96.9952380952381
689981,SL,Slider,Breaking,33,0.25384615384615383,0.5384615384615384,0.75,90.84848484848484
690155,FF,4-Seam FB,Fastball,74,0.42528735632183906,0.2222222222222222,0.3076923076923077,94.94864864864866
690155,SL,Slider,Breaking,39,0.22413793103448276,0.11764705882352941,0.0,88.18461538461537
690279,FF,4-Seam FB,Fastball,147,0.3141025641025641,0.21621621621621623,0.2777777777777778,93.12108843537415
690279,SI,Sinker,Fastball,119,0.25427350427350426,0.07407407407407407,0.0,92.29327731092437
690279,CU,Curveball,Breaking,87,0.1858974358974359,0.53125,0.5789473684210527,81.95632183908046
690279,ST,Sweeper,Breaking,63,0.1346153846153846,0.1875,0.125,85.71587301587302
690440,FF,4-Seam FB,Fastball,72,0.4161849710982659,0.2682926829268293,0.4117647058823529,92.78888888888889
690440,ST,Sweeper,Breaking,44,0.2543352601156069,0.23529411764705882,0.125,78.36590909090908
690440,SI,Sinker,Fastball,39,0.2254335260115607,0.0,0.0,92.40256410256411
690829,FF,4-Seam FB,Fastball,174,0.6718146718146718,0.26666666666666666,0.23529411764705882,100.99712643678161
690829,SI,Sinker,Fastball,62,0.23938223938223938,0.4782608695652174,0.3333333333333333,94.82419354838709
690916,FF,4-Seam FB,Fastball,31,0.3974358974358974,0.2857142857142857,0.14285714285714285,96.52903225806453
690925,SL,Slider,Breaking,437,0.5087310826542492,0.3605769230769231,0.3469387755102041,86.20091533180776
690925,FF,4-Seam FB,Fastball,422,0.4912689173457509,0.2046783625730994,0.15384615384615385,95.7196682464455
690928,FF,4-Seam FB,Fastball,300,0.3218884120171674,0.1724137931034483,0.23255813953488372,94.64133333333334
690928,SL,Slider,Breaking,158,0.16952789699570817,0.2153846153846154,0.21739130434782608,87.64240506329114
690928,ST,Sweeper,Breaking,137,0.14699570815450644,0.2608695652173913,0.2682926829268293,82.04963503649634
690928,SI,Sinker,Fastball,122,0.13090128755364808,0.1875,0.2777777777777778,94.43360655737705
690928,FS,Splitter,Offspeed,109,0.11695278969957082,0.29545454545454547,0.3333333333333333,88.03853211009174
690928,CU,Curveball,Breaking,106,0.11373390557939914,0.38636363636363635,0.45454545454545453,79.2622641509434
690953,FF,4-Seam FB,Fastball,206,0.4247422680412371,0.2894736842105263,0.18604651162790697,95.20436893203883
690953,CH,Changeup,Offspeed,77,0.15876288659793814,0.3333333333333333,0.25,87.53246753246754
690953,SL,Slider,Breaking,69,0.1422680412371134,0.26666666666666666,0.3333333333333333,87.41449275362321
690953,CU,Curveball,Breaking,63,0.12989690721649486,0.20689655172413793,0.2777777777777778,80.8111111111111
690953,ST,Sweeper,Breaking,41,0.08453608247422681,0.3157894736842105,0.25,83.44146341463413
690978,ST,Sweeper,Breaking,149,0.31106471816283926,0.36065573770491804,0.3076923076923077,83.98791946308725
690978,FF,4-Seam FB,Fastball,145,0.302713987473904,0.2753623188405797,0.37037037037037035,95.19448275862068
690978,SL,Slider,Breaking,100,0.20876826722338204,0.21951219512195122,0.18181818181818182,89.28199999999998
690978,SI,Sinker,Fastball,53,0.11064718162839249,0.08333333333333333,0.0,94.64150943396224
690978,CH,Changeup,Offspeed,32,0.06680584551148225,0.2857142857142857,0.0,88.46875
690986,FF,4-Seam FB,Fastball,1271,0.5656430796617713,0.27669172932330827,0.23272727272727273,94.77395751376868
690986,SV,Slurve,Breaking,708,0.315086782376502,0.3053691275167785,0.29285714285714287,81.96398305084746
690986,CH,Changeup,Offspeed,207,0.09212283044058744,0.27956989247311825,0.20588235294117646,85.77536231884058
690986,SI,Sinker,Fastball,60,0.0267022696929239,0.1724137931034483,0.0,94.24166666666665
690990,FF,4-Seam FB,Fastball,110,0.47413793103448276,0.22641509433962265,0.1875,95.63181818181822
690990,CH,Changeup,Offspeed,49,0.21120689655172414,0.40625,0.4375,88.52244897959184
690990,ST,Sweeper,Breaking,36,0.15517241379310345,0.6470588235294118,0.6666666666666666,83.80555555555556
690997,SI,Sinker,Fastball,1012,0.3472889498970487,0.12080536912751678,0.15942028985507245,95.04367588932807
690997,FF,4-Seam FB,Fastball,564,0.1935483870967742,0.27165354330708663,0.25,96.04042553191489
690997,CU,Curveball,Breaking,420,0.1441317776252574,0.3781094527363184,0.3355263157894737,82.02595238095239
690997,ST,Sweeper,Breaking,312,0.10706932052161977,0.27956989247311825,0.23529411764705882,84.89102564102564
690997,FC,Cutter,Fastball,306,0.10501029512697323,0.2484076433121019,0.2962962962962963,92.11503267973856
690997,CH,Changeup,Offspeed,181,0.062113932738503776,0.26595744680851063,0.2,88.1657458563536
690997,SL,Slider,Breaking,115,0.0394646533973919,0.35555555555555557,0.23076923076923078,85.95391304347827
691008,FF,4-Seam FB,Fastball,72,0.4022346368715084,0.18518518518518517,0.0,95.48750000000001
691008,CU,Curveball,Breaking,46,0.2569832402234637,0.3157894736842105,0.25,82.68913043478261
691384,FS,Splitter,Offspeed,81,0.324,0.48936170212765956,0.36,87.57283950617284
691384,FC,Cutter,Fastball,79,0.316,0.22857142857142856,0.0,93.29493670886075
691384,FF,4-Seam FB,Fastball,56,0.224,0.2,0.16666666666666666,99.05535714285715
691384,SL,Slider,Breaking,34,0.136,0.38461538461538464,0.2,87.74999999999999
691587,FF,4-Seam FB,Fastball,1050,0.3740648379052369,0.24288107202680068,0.23265306122448978,98.14314285714285
691587,SL,Slider,Breaking,485,0.1727823298895618,0.4194915254237288,0.3076923076923077,88.37690721649486
691587,SI,Sinker,Fastball,472,0.1681510509440684,0.148,0.13043478260869565,97.64957627118643
691587,ST,Sweeper,Breaking,365,0.1300320627003919,0.41317365269461076,0.42028985507246375,83.63095890410959
691587,CH,Changeup,Offspeed,250,0.08906305664410402,0.41964285714285715,0.34615384615384615,89.888
691587,CU,Curveball,Breaking,185,0.06590666191663698,0.2676056338028169,0.23333333333333334,80.7854054054054
691594,FA,Fastball,Fastball,73,1.0,0.02564102564102564,0.16666666666666666,60.17123287671233
691725,FF,4-Seam FB,Fastball,734,0.3313769751693002,0.16338028169014085,0.15966386554621848,96.60803814713896
691725,SL,Slider,Breaking,389,0.17562076749435665,0.35802469135802467,0.39436619718309857,88.09023136246788
691725,ST,Sweeper,Breaking,362,0.16343115124153498,0.3006134969325153,0.19148936170212766,82.78591160220995
691725,CH,Changeup,Offspeed,246,0.11106094808126411,0.35443037974683544,0.37333333333333335,90.61504065040651
691725,SI,Sinker,Fastball,185,0.0835214446952596,0.10309278350515463,0.05263157894736842,95.12702702702703
691725,FS,Splitter,Offspeed,169,0.0762979683972912,0.3888888888888889,0.2826086956521739,87.42603550295858
691725,CU,Curveball,Breaking,130,0.05869074492099323,0.25,0.21428571428571427,81.3076923076923
691769,FF,4-Seam FB,Fastball,203,0.5686274509803921,0.1717171717171717,0.21212121212121213,90.50443349753695
691769,CU,Curveball,Breaking,66,0.18487394957983194,0.19230769230769232,0.0,81.14090909090908
691769,SL,Slider,Breaking,60,0.16806722689075632,0.21212121212121213,0.2857142857142857,80.58166666666665
691799,FF,4-Seam FB,Fastball,621,0.4345696291112666,0.2770700636942675,0.2978723404255319,98.12286634460547
691799,CU,Curveball,Breaking,375,0.2624212736179146,0.33587786259541985,0.39655172413793105,83.80053333333333
691799,SL,Slider,Breaking,246,0.172148355493352,0.36585365853658536,0.29577464788732394,89.48455284552844
691799,SI,Sinker,Fastball,179,0.12526242127361792,0.18072289156626506,0.05555555555555555,98.93407821229053
691945,CU,Curveball,Breaking,71,0.4797297297297297,0.3448275862068966,0.4117647058823529,84.47464788732394
691945,FF,4-Seam FB,Fastball,50,0.33783783783783783,0.21739130434782608,0.16666666666666666,95.18
691946,FF,4-Seam FB,Fastball,236,0.3746031746031746,0.23655913978494625,0.16129032258064516,96.6555084745763
691946,SL,Slider,Breaking,176,0.27936507936507937,0.4470588235294118,0.3902439024390244,90.74261363636364
691946,CH,Changeup,Offspeed,125,0.1984126984126984,0.25396825396825395,0.13333333333333333,87.24320000000002
691946,SI,Sinker,Fastball,65,0.10317460317460317,0.16,0.1,96.83692307692309
691951,FF,4-Seam FB,Fastball,288,0.4721311475409836,0.12121212121212122,0.07142857142857142,92.09027777777777
691951,CH,Changeup,Offspeed,189,0.30983606557377047,0.3333333333333333,0.20454545454545456,80.24338624338624
691951,FC,Cutter,Fastball,59,0.09672131147540984,0.125,0.125,86.5677966101695
691951,CU,Curveball,Breaking,46,0.07540983606557378,0.2222222222222222,0.0,74.77608695652174
692230,FF,4-Seam FB,Fastball,81,0.3201581027667984,0.0975609756097561,0.08333333333333333,93.8320987654321
692230,CH,Changeup,Offspeed,76,0.30039525691699603,0.45,0.3888888888888889,87.57894736842103
692230,FC,Cutter,Fastball,60,0.23715415019762845,0.19230769230769232,0.0,90.12833333333334
693308,FF,4-Seam FB,Fastball,217,0.5564102564102564,0.16822429906542055,0.18181818181818182,95.53456221198157
693308,CH,Changeup,Offspeed,96,0.24615384615384617,0.4772727272727273,0.38095238095238093,82.76145833333334
693308,FC,Cutter,Fastball,47,0.12051282051282051,0.12,0.0,90.67446808510638
693308,SL,Slider,Breaking,30,0.07692307692307693,0.2857142857142857,0.23076923076923078,84.94999999999999
693312,FF,4-Seam FB,Fastball,114,0.4978165938864629,0.16666666666666666,0.13333333333333333,96.83684210526316
693312,SL,Slider,Breaking,76,0.3318777292576419,0.2692307692307692,0.0,90.00657894736842
693312,CU,Curveball,Breaking,35,0.15283842794759825,0.3333333333333333,0.4,83.75142857142858
693313,SI,Sinker,Fastball,191,0.3327526132404181,0.1724137931034483,0.1111111111111111,96.57225130890053
693313,SL,Slider,Breaking,131,0.22822299651567945,0.3787878787878788,0.3055555555555556,88.68931297709923
693313,FC,Cutter,Fastball,127,0.22125435540069685,0.24528301886792453,0.3,94.30708661417324
693313,FF,4-Seam FB,Fastball,101,0.1759581881533101,0.15789473684210525,0.18181818181818182,97.24356435643564
693433,FF,4-Seam FB,Fastball,1290,0.4708029197080292,0.2609308885754584,0.2549800796812749,96.05720930232559
693433,SI,Sinker,Fastball,517,0.18868613138686133,0.12087912087912088,0.1780821917808219,95.85628626692456
693433,SL,Slider,Breaking,370,0.13503649635036497,0.3191489361702128,0.3076923076923077,87.1191891891892
693433,ST,Sweeper,Breaking,322,0.11751824817518249,0.3668639053254438,0.35789473684210527,84.4468944099379
693433,CH,Changeup,Offspeed,175,0.06386861313868614,0.18947368421052632,0.24390243902439024,89.60742857142857
693433,CU,Curveball,Breaking,66,0.02408759124087591,0.4,0.47058823529411764,82.94545454545455
693645,FF,4-Seam FB,Fastball,1437,0.44627329192546583,0.3479899497487437,0.3313782991202346,98.04043145441894
693645,FC,Cutter,Fastball,804,0.2496894409937888,0.23515981735159816,0.25806451612903225,94.61927860696517
693645,SI,Sinker,Fastball,607,0.18850931677018634,0.16551724137931034,0.16521739130434782,97.85551894563427
693645,CU,Curveball,Breaking,339,0.10527950310559006,0.44525547445255476,0.38333333333333336,86.14424778761061
693645,SL,Slider,Breaking,32,0.009937888198757764,0.2222222222222222,0.25,89.2875
693686,SI,Sinker,Fastball,689,0.44451612903225807,0.13313609467455623,0.09090909090909091,96.29564586357039
693686,CU,Curveball,Breaking,369,0.23806451612903226,0.24550898203592814,0.3333333333333333,80.89376693766937
693686,SL,Slider,Breaking,258,0.1664516129032258,0.18699186991869918,0.2037037037037037,87.29457364341086
693686,FF,4-Seam FB,Fastball,231,0.14903225806451612,0.26956521739130435,0.2982456140350877,95.98831168831168
693821,SI,Sinker,Fastball,627,0.27928730512249444,0.12033195020746888,0.1935483870967742,91.0
693821,FF,4-Seam FB,Fastball,504,0.2244988864142539,0.17326732673267325,0.22727272727272727,92.4311507936508
693821,SL,Slider,Breaking,502,0.22360801781737194,0.2947761194029851,0.3235294117647059,83.08426294820718
693821,FC,Cutter,Fastball,336,0.14966592427616926,0.203125,0.18518518518518517,88.45684523809524
693821,CH,Changeup,Offspeed,276,0.12293986636971047,0.3088235294117647,0.3076923076923077,85.72753623188407
693855,CH,Changeup,Offspeed,626,0.28847926267281104,0.3783783783783784,0.3630952380952381,83.45047923322684
693855,FF,4-Seam FB,Fastball,597,0.2751152073732719,0.25903614457831325,0.2671232876712329,91.40636515912898
693855,ST,Sweeper,Breaking,418,0.19262672811059908,0.32882882882882886,0.325,81.63253588516747
693855,SI,Sinker,Fastball,354,0.1631336405529954,0.11347517730496454,0.038461538461538464,89.92627118644069
693855,SL,Slider,Breaking,140,0.06451612903225806,0.28205128205128205,0.2962962962962963,83.15857142857143
694037,FF,4-Seam FB,Fastball,339,0.6608187134502924,0.22285714285714286,0.25862068965517243,99.22271386430678
694037,SL,Slider,Breaking,125,0.24366471734892786,0.42857142857142855,0.32,90.0896
694037,FS,Splitter,Offspeed,30,0.05847953216374269,0.38461538461538464,0.2,89.44
694297,FF,4-Seam FB,Fastball,555,0.26644263082093134,0.14661654135338345,0.17592592592592593,93.2046846846847
694297,SI,Sinker,Fastball,348,0.1670667306769083,0.11956521739130435,0.06976744186046512,93.09597701149426
694297,CH,Changeup,Offspeed,335,0.16082573211713874,0.22598870056497175,0.23333333333333334,86.94805970149254
694297,CU,Curveball,Breaking,306,0.1469035045607297,0.3305785123966942,0.32727272727272727,82.39444444444446
694297,ST,Sweeper,Breaking,301,0.14450312049927988,0.32075471698113206,0.2857142857142857,84.19867109634552
694297,FC,Cutter,Fastball,238,0.114258281325012,0.24444444444444444,0.25,90.42184873949577
694298,FF,4-Seam FB,Fastball,37,0.49333333333333335,0.1875,0.5,90.95135135135136
694335,SI,Sinker,Fastball,364,0.4466257668711656,0.1358695652173913,0.17857142857142858,96.22032967032966
694335,ST,Sweeper,Breaking,265,0.32515337423312884,0.2727272727272727,0.25,86.58188679245283
694335,FC,Cutter,Fastball,177,0.21717791411042944,0.18681318681318682,0.16666666666666666,91.96045197740114
694341,FF,4-Seam FB,Fastball,113,0.45934959349593496,0.2708333333333333,0.09090909090909091,92.54070796460178
694341,SL,Slider,Breaking,73,0.2967479674796748,0.4594594594594595,0.21052631578947367,83.72465753424657
694346,SI,Sinker,Fastball,163,0.22925457102672292,0.1724137931034483,0.23529411764705882,94.53374233128834
694346,FF,4-Seam FB,Fastball,151,0.21237693389592124,0.21311475409836064,0.30434782608695654,95.42317880794701
694346,SL,Slider,Breaking,147,0.20675105485232068,0.25925925925925924,0.2558139534883721,87.80748299319728
694346,FC,Cutter,Fastball,140,0.19690576652601968,0.2,0.0,91.61428571428571
694346,CU,Curveball,Breaking,98,0.13783403656821377,0.24324324324324326,0.2727272727272727,84.14081632653061
694350,FF,4-Seam FB,Fastball,30,0.46875,0.16666666666666666,0.0,94.07333333333331
694357,ST,Sweeper,Breaking,62,0.5040650406504065,0.391304347826087,0.45454545454545453,82.0516129032258
694357,FF,4-Seam FB,Fastball,47,0.3821138211382114,0.3076923076923077,0.14285714285714285,95.8957446808511
694360,FC,Cutter,Fastball,168,0.4148148148148148,0.3333333333333333,0.3125,91.26785714285714
694360,SI,Sinker,Fastball,102,0.2518518518518518,0.11363636363636363,0.15384615384615385,96.6480392156863
694360,ST,Sweeper,Breaking,63,0.15555555555555556,0.28,0.15789473684210525,88.1968253968254
694360,FF,4-Seam FB,Fastball,58,0.14320987654320988,0.21739130434782608,0.23076923076923078,97.41551724137932
694361,FF,4-Seam FB,Fastball,423,0.5145985401459854,0.21787709497206703,0.18461538461538463,97.46997635933806
694361,ST,Sweeper,Breaking,226,0.2749391727493917,0.28688524590163933,0.30357142857142855,88.558407079646
694361,CU,Curveball,Breaking,129,0.15693430656934307,0.22857142857142856,0.3125,84.95038759689922
694361,SL,Slider,Breaking,44,0.0535279805352798,0.1875,0.0,90.9659090909091
694363,FF,4-Seam FB,Fastball,49,0.29518072289156627,0.05263157894736842,0.0,93.43469387755101
694363,CH,Changeup,Offspeed,34,0.20481927710843373,0.36363636363636365,0.4,84.90588235294116
694363,SL,Slider,Breaking,34,0.20481927710843373,0.16666666666666666,0.16666666666666666,84.47941176470587
694397,FF,4-Seam FB,Fastball,45,0.45,0.15,0.2,94.58444444444444
694462,SI,Sinker,Fastball,83,0.386046511627907,0.09375,0.25,94.23975903614458
694462,FS,Splitter,Offspeed,41,0.19069767441860466,0.3125,0.25,84.05853658536586
694462,FC,Cutter,Fastball,34,0.15813953488372093,0.07692307692307693,0.0,91.28823529411764
694462,SL,Slider,Breaking,31,0.14418604651162792,0.38461538461538464,1.0,85.20967741935482
694477,FC,Cutter,Fastball,793,0.41736842105263156,0.28967254408060455,0.26785714285714285,89.86103404791928
694477,FF,4-Seam FB,Fastball,479,0.2521052631578947,0.3008474576271186,0.25217391304347825,95.4490605427975
694477,SI,Sinker,Fastball,442,0.2326315789473684,0.14659685863874344,0.14285714285714285,95.47579185520362
694477,SV,Slurve,Breaking,162,0.08526315789473685,0.24,0.1875,85.98456790123457
694494,FF,4-Seam FB,Fastball,87,0.5403726708074534,0.2708333333333333,0.17647058823529413,93.21149425287356
694494,SL,Slider,Breaking,74,0.45962732919254656,0.3225806451612903,0.1875,85.36621621621622
694646,FF,4-Seam FB,Fastball,64,0.4129032258064516,0.1935483870967742,0.15384615384615385,95.25312499999998
694646,FC,Cutter,Fastball,60,0.3870967741935484,0.27586206896551724,0.16666666666666666,89.40333333333336
694680,FF,4-Seam FB,Fastball,125,0.45126353790613716,0.328125,0.3,94.94
694680,FC,Cutter,Fastball,63,0.22743682310469315,0.1,0.0,88.93809523809524
694680,FS,Splitter,Offspeed,57,0.20577617328519857,0.1724137931034483,0.16666666666666666,86.87368421052633
694738,SI,Sinker,Fastball,968,0.34658073755818114,0.08,0.10869565217391304,93.39989669421489
694738,CU,Curveball,Breaking,716,0.2563551736484067,0.3470031545741325,0.2926829268292683,76.74525139664804
694738,CH,Changeup,Offspeed,560,0.20050125313283207,0.2908496732026144,0.23809523809523808,87.09035714285714
694738,FC,Cutter,Fastball,393,0.14070891514500536,0.28488372093023256,0.2962962962962963,89.32519083969467
694738,FF,4-Seam FB,Fastball,156,0.055853920515574654,0.36065573770491804,0.3409090909090909,92.85641025641024
694753,FF,4-Seam FB,Fastball,121,0.3467048710601719,0.23636363636363636,0.06666666666666667,95.35619834710742
694753,FC,Cutter,Fastball,112,0.3209169054441261,0.23076923076923078,0.1875,91.6857142857143
694753,CH,Changeup,Offspeed,62,0.17765042979942694,0.2,0.15384615384615385,85.82741935483872
694753,SL,Slider,Breaking,39,0.11174785100286533,0.30434782608695654,0.2,85.50000000000001
694795,FF,4-Seam FB,Fastball,307,0.518581081081081,0.24822695035460993,0.2033898305084746,98.01368078175895
694795,ST,Sweeper,Breaking,159,0.2685810810810811,0.26666666666666666,0.2,85.33899371069182
694795,SI,Sinker,Fastball,75,0.1266891891891892,0.125,0.16666666666666666,98.44666666666667
694795,CU,Curveball,Breaking,51,0.08614864864864864,0.09090909090909091,0.16666666666666666,85.90980392156862
694819,FF,4-Seam FB,Fastball,1728,0.6322722283205269,0.40068104426787743,0.37846153846153846,100.51336805555556
694819,FC,Cutter,Fastball,369,0.1350164654226125,0.2087912087912088,0.2894736842105263,95.82086720867208
694819,SL,Slider,Breaking,313,0.11452616172703989,0.3516483516483517,0.3125,91.85846645367413
694819,CU,Curveball,Breaking,285,0.10428100987925357,0.4444444444444444,0.3793103448275862,87.9178947368421
694819,CH,Changeup,Offspeed,35,0.012806439809732895,0.3333333333333333,0.2,92.45428571428572
694820,ST,Sweeper,Breaking,39,0.37142857142857144,0.25,0.09090909090909091,81.29230769230769
694820,SL,Slider,Breaking,30,0.2857142857142857,0.3333333333333333,0.0,87.69999999999999
694851,FF,4-Seam FB,Fastball,134,0.5,0.15254237288135594,0.19047619047619047,94.58059701492537
694851,CH,Changeup,Offspeed,78,0.291044776119403,0.2962962962962963,0.4,87.48205128205132
694851,SL,Slider,Breaking,55,0.20522388059701493,0.2222222222222222,0.3333333333333333,86.23818181818181
694918,FF,4-Seam FB,Fastball,325,0.3336755646817248,0.18181818181818182,0.2,95.144
694918,ST,Sweeper,Breaking,310,0.3182751540041068,0.35374149659863946,0.24193548387096775,82.50645161290322
694918,SI,Sinker,Fastball,167,0.17145790554414783,0.09722222222222222,0.058823529411764705,93.1365269461078
694918,SL,Slider,Breaking,90,0.09240246406570841,0.23255813953488372,0.1,88.07777777777778
694918,CH,Changeup,Offspeed,42,0.043121149897330596,0.15384615384615385,0.4,83.36666666666666
694918,CU,Curveball,Breaking,38,0.039014373716632446,0.2727272727272727,0.25,83.42631578947368
694973,FF,4-Seam FB,Fastball,1204,0.4074450084602369,0.29685157421289354,0.29961089494163423,96.78446843853821
694973,ST,Sweeper,Breaking,470,0.15905245346869712,0.2916666666666667,0.25,84.25404255319151
694973,CH,Changeup,Offspeed,363,0.12284263959390863,0.3701657458563536,0.27102803738317754,88.66143250688705
694973,SI,Sinker,Fastball,360,0.1218274111675127,0.14375,0.1346153846153846,96.55805555555555
694973,FS,Splitter,Offspeed,293,0.09915397631133671,0.17721518987341772,0.2413793103448276,93.20204778156997
694973,SL,Slider,Breaking,249,0.08426395939086294,0.35766423357664234,0.38461538461538464,86.66305220883535
695001,ST,Sweeper,Breaking,90,0.37815126050420167,0.22448979591836735,0.125,82.64999999999999
695001,SL,Slider,Breaking,74,0.31092436974789917,0.2413793103448276,0.2,87.4418918918919
695001,SI,Sinker,Fastball,56,0.23529411764705882,0.08695652173913043,0.0,93.85178571428571
695034,SI,Sinker,Fastball,121,0.37577639751552794,0.11764705882352941,0.1111111111111111,93.55123966942148
695034,FF,4-Seam FB,Fastball,59,0.18322981366459629,0.12121212121212122,0.0,94.54745762711863
695034,SL,Slider,Breaking,53,0.16459627329192547,0.3,0.16666666666666666,88.2811320754717
695034,CH,Changeup,Offspeed,42,0.13043478260869565,0.2608695652173913,0.125,88.32380952380952
695034,ST,Sweeper,Breaking,30,0.09316770186335403,0.2727272727272727,0.4,81.54333333333332
695049,FF,4-Seam FB,Fastball,101,0.47641509433962265,0.1111111111111111,0.1,91.62079207920792
695049,SL,Slider,Breaking,58,0.27358490566037735,0.34285714285714286,0.46153846153846156,85.75689655172415
695049,CH,Changeup,Offspeed,47,0.22169811320754718,0.4782608695652174,0.3333333333333333,81.37234042553192
695076,SI,Sinker,Fastball,714,0.30434782608695654,0.06811145510835913,0.057692307692307696,93.17773109243697
695076,SL,Slider,Breaking,619,0.2638533674339301,0.3164983164983165,0.2845528455284553,85.15266558966074
695076,CH,Changeup,Offspeed,472,0.20119352088661552,0.2328042328042328,0.18518518518518517,86.53580508474576
695076,FF,4-Seam FB,Fastball,472,0.20119352088661552,0.13170731707317074,0.14942528735632185,93.69872881355931
695076,CU,Curveball,Breaking,67,0.02855924978687127,0.15,0.2222222222222222,80.755223880597
695239,FF,4-Seam FB,Fastball,211,0.3256172839506173,0.3,0.2564102564102564,94.39857819905214
695239,SL,Slider,Breaking,167,0.25771604938271603,0.3625,0.2777777777777778,85.87125748502994
695239,SI,Sinker,Fastball,144,0.2222222222222222,0.14285714285714285,0.14285714285714285,94.40069444444445
695239,CH,Changeup,Offspeed,102,0.1574074074074074,0.21153846153846154,0.18181818181818182,86.65098039215688
695243,SL,Slider,Breaking,584,0.4924114671163575,0.5573122529644269,0.5118110236220472,88.03236301369863
695243,FF,4-Seam FB,Fastball,578,0.4873524451939292,0.3566666666666667,0.35135135135135137,101.44809688581314
695378,ST,Sweeper,Breaking,77,0.4074074074074074,0.30303030303030304,0.26666666666666666,83.43636363636362
695378,FF,4-Seam FB,Fastball,58,0.30687830687830686,0.10714285714285714,0.13333333333333333,96.97586206896551
695380,FF,4-Seam FB,Fastball,285,0.3794940079893475,0.17518248175182483,0.2553191489361702,98.36385964912282
695380,SL,Slider,Breaking,280,0.37283621837549935,0.4065040650406504,0.43137254901960786,88.68535714285714
695380,SI,Sinker,Fastball,178,0.237017310252996,0.18604651162790697,0.08,98.39662921348318
695418,FF,4-Seam FB,Fastball,572,0.3690322580645161,0.24242424242424243,0.2,94.6013986013986
695418,SI,Sinker,Fastball,388,0.2503225806451613,0.12935323383084577,0.08771929824561403,94.3487113402062
695418,SL,Slider,Breaking,292,0.18838709677419355,0.2198581560283688,0.12903225806451613,85.25273972602741
695418,ST,Sweeper,Breaking,222,0.1432258064516129,0.21649484536082475,0.2037037037037037,83.4472972972973
695418,CH,Changeup,Offspeed,76,0.04903225806451613,0.11764705882352941,0.058823529411764705,86.17236842105264
695445,ST,Sweeper,Breaking,64,0.3878787878787879,0.35714285714285715,0.2857142857142857,80.89375
695445,SI,Sinker,Fastball,59,0.3575757575757576,0.05,0.0,89.81186440677968
695505,FF,4-Seam FB,Fastball,1491,0.5553072625698324,0.17798913043478262,0.1506276150627615,97.66767270288398
695505,SL,Slider,Breaking,1037,0.38621973929236497,0.5170454545454546,0.4895397489539749,90.25448408871745
695505,CH,Changeup,Offspeed,140,0.0521415270018622,0.35185185185185186,0.375,90.23571428571428
695534,SI,Sinker,Fastball,164,0.3438155136268344,0.09302325581395349,0.0,96.24024390243902
695534,CH,Changeup,Offspeed,110,0.23060796645702306,0.3333333333333333,0.14285714285714285,87.38454545454545
695534,ST,Sweeper,Breaking,87,0.18238993710691823,0.3157894736842105,0.46153846153846156,83.183908045977
695534,FF,4-Seam FB,Fastball,71,0.1488469601677149,0.1794871794871795,0.1,96.88028169014086
695534,SL,Slider,Breaking,45,0.09433962264150944,0.13636363636363635,0.0,89.17777777777776
695549,FF,4-Seam FB,Fastball,241,0.3125810635538262,0.22033898305084745,0.22727272727272727,97.57219917012449
695549,SL,Slider,Breaking,200,0.2594033722438392,0.2828282828282828,0.3225806451612903,89.4325
695549,SI,Sinker,Fastball,143,0.185473411154345,0.17142857142857143,0.2,95.83076923076922
695549,CH,Changeup,Offspeed,79,0.10246433203631647,0.29411764705882354,0.23809523809523808,86.2126582278481
695549,CU,Curveball,Breaking,75,0.09727626459143969,0.4166666666666667,0.4444444444444444,85.988
695611,FF,4-Seam FB,Fastball,812,0.4624145785876993,0.2315035799522673,0.19186046511627908,96.26342364532019
695611,SL,Slider,Breaking,398,0.2266514806378132,0.2736318407960199,0.21621621621621623,87.15276381909547
695611,CU,Curveball,Breaking,187,0.10649202733485194,0.25555555555555554,0.26785714285714285,82.29358288770054
695611,CH,Changeup,Offspeed,164,0.09339407744874716,0.2807017543859649,0.4,87.56524390243902
695611,ST,Sweeper,Breaking,102,0.05808656036446469,0.36363636363636365,0.32,83.79999999999998
695611,SI,Sinker,Fastball,93,0.05296127562642369,0.1891891891891892,0.25,95.04086021505377
695684,SI,Sinker,Fastball,229,0.4607645875251509,0.16129032258064516,0.07407407407407407,95.76506550218339
695684,FF,4-Seam FB,Fastball,94,0.1891348088531187,0.25,0.25,95.42659574468085
695684,CU,Curveball,Breaking,72,0.1448692152917505,0.6818181818181818,0.5,78.20416666666668
695684,ST,Sweeper,Breaking,62,0.12474849094567404,0.5833333333333334,0.5,80.35806451612902
695684,CH,Changeup,Offspeed,39,0.07847082494969819,0.21052631578947367,0.125,87.95128205128204
695766,FF,4-Seam FB,Fastball,33,0.4925373134328358,0.4444444444444444,0.3333333333333333,93.0090909090909
696062,FF,4-Seam FB,Fastball,320,0.45325779036827196,0.18064516129032257,0.2028985507246377,98.2953125
696062,FC,Cutter,Fastball,174,0.24645892351274787,0.3118279569892473,0.19047619047619047,92.43735632183908
696062,SL,Slider,Breaking,150,0.21246458923512748,0.2876712328767123,0.3,87.95733333333334
696062,FS,Splitter,Offspeed,38,0.053824362606232294,0.2,0.14285714285714285,87.40526315789475
696070,FF,4-Seam FB,Fastball,226,0.43378119001919385,0.297029702970297,0.4117647058823529,96.04159292035399
696070,SL,Slider,Breaking,144,0.2763915547024952,0.3333333333333333,0.3333333333333333,88.99236111111112
696070,CH,Changeup,Offspeed,76,0.14587332053742802,0.2702702702702703,0.2857142857142857,88.98947368421052
696070,SI,Sinker,Fastball,75,0.14395393474088292,0.13333333333333333,0.0,94.82
696131,SI,Sinker,Fastball,144,0.2589928057553957,0.1864406779661017,0.07692307692307693,93.81527777777777
696131,FF,4-Seam FB,Fastball,118,0.21223021582733814,0.1568627450980392,0.125,93.9915254237288
696131,ST,Sweeper,Breaking,113,0.20323741007194246,0.16666666666666666,0.16666666666666666,83.0283185840708
696131,SL,Slider,Breaking,73,0.13129496402877697,0.24242424242424243,0.11764705882352941,86.90273972602739
696131,FC,Cutter,Fastball,46,0.08273381294964029,0.21428571428571427,0.0,90.42608695652173
696131,CU,Curveball,Breaking,39,0.07014388489208633,0.15789473684210525,0.16666666666666666,81.2230769230769
696136,FF,4-Seam FB,Fastball,69,0.38333333333333336,0.175,0.1875,93.12898550724637
696136,CH,Changeup,Offspeed,51,0.2833333333333333,0.4166666666666667,0.4,82.98627450980392
696136,SL,Slider,Breaking,36,0.2,0.25,0.0,86.24444444444447
696146,FF,4-Seam FB,Fastball,254,0.4729981378026071,0.3076923076923077,0.1935483870967742,94.0
696146,SL,Slider,Breaking,164,0.3054003724394786,0.43820224719101125,0.45652173913043476,83.1689024390244
696146,FC,Cutter,Fastball,105,0.19553072625698323,0.3333333333333333,0.3333333333333333,88.49142857142857
696147,SL,Slider,Breaking,438,0.5081206496519721,0.3791469194312796,0.35802469135802467,88.35410958904112
696147,SI,Sinker,Fastball,261,0.302784222737819,0.2268041237113402,0.16216216216216217,98.63639846743295
696147,CH,Changeup,Offspeed,130,0.15081206496519722,0.3389830508474576,0.375,91.73846153846154
696149,FF,4-Seam FB,Fastball,1299,0.48361876396128073,0.2222222222222222,0.21739130434782608,98.2621247113164
696149,SL,Slider,Breaking,555,0.20662695457930008,0.22807017543859648,0.25,91.11999999999999
696149,CH,Changeup,Offspeed,383,0.14259121370067016,0.25,0.24096385542168675,91.42898172323761
696149,SI,Sinker,Fastball,218,0.08116157855547282,0.14444444444444443,0.2,97.6866972477064
696149,CU,Curveball,Breaking,122,0.045420699925539834,0.1794871794871795,0.18181818181818182,86.81393442622952
696149,ST,Sweeper,Breaking,108,0.040208488458674606,0.2857142857142857,0.3,87.77962962962964
696270,FC,Cutter,Fastball,714,0.38387096774193546,0.23652694610778444,0.2465753424657534,89.8298319327731
696270,ST,Sweeper,Breaking,437,0.2349462365591398,0.29017857142857145,0.2235294117647059,80.76361556064073
696270,FS,Splitter,Offspeed,379,0.20376344086021506,0.32748538011695905,0.171875,84.6419525065963
696270,SI,Sinker,Fastball,323,0.1736559139784946,0.03546099290780142,0.044444444444444446,92.55572755417957
696519,FF,4-Seam FB,Fastball,504,0.7850467289719626,0.3024193548387097,0.2692307692307692,94.93015873015872
696519,SL,Slider,Breaking,132,0.205607476635514,0.5818181818181818,0.5483870967741935,85.5280303030303
696522,FF,4-Seam FB,Fastball,102,0.3493150684931507,0.14893617021276595,0.0,94.59411764705885
696522,FC,Cutter,Fastball,65,0.2226027397260274,0.07142857142857142,0.0,91.09230769230771
696522,SL,Slider,Breaking,63,0.21575342465753425,0.12903225806451613,0.07692307692307693,87.94126984126984
696522,CH,Changeup,Offspeed,62,0.21232876712328766,0.2413793103448276,0.2727272727272727,88.46612903225807
697812,FF,4-Seam FB,Fastball,104,0.4928909952606635,0.2564102564102564,0.21428571428571427,93.37788461538463
697812,SL,Slider,Breaking,79,0.3744075829383886,0.34146341463414637,0.35,84.85443037974683
699008,FF,4-Seam FB,Fastball,152,0.5187713310580204,0.1375,0.13636363636363635,98.72894736842105
699008,ST,Sweeper,Breaking,51,0.17406143344709898,0.23333333333333334,0.2777777777777778,87.38039215686274
699008,CH,Changeup,Offspeed,36,0.12286689419795221,0.07692307692307693,0.1,87.70277777777777
699008,SL,Slider,Breaking,30,0.10238907849829351,0.25,0.3333333333333333,89.73666666666666
699044,FF,4-Seam FB,Fastball,177,0.6629213483146067,0.25609756097560976,0.2413793103448276,94.77909604519775
699044,SL,Slider,Breaking,78,0.29213483146067415,0.3409090909090909,0.4,86.01666666666667
699134,CH,Changeup,Offspeed,537,0.4235015772870662,0.40327868852459015,0.29770992366412213,90.14189944134078
699134,FF,4-Seam FB,Fastball,332,0.2618296529968454,0.2781456953642384,0.3142857142857143,98.25873493975904
699134,SI,Sinker,Fastball,322,0.2539432176656151,0.16025641025641027,0.15151515151515152,97.83633540372672
699134,SL,Slider,Breaking,71,0.055993690851735015,0.30303030303030304,0.21052631578947367,88.7774647887324
699151,CH,Changeup,Offspeed,97,0.3108974358974359,0.47058823529411764,0.2,83.53505154639174
699151,FF,4-Seam FB,Fastball,72,0.23076923076923078,0.16216216216216217,0.13333333333333333,91.89305555555556
699151,CU,Curveball,Breaking,59,0.1891025641025641,0.08333333333333333,0.08333333333333333,79.08813559322033
699151,SI,Sinker,Fastball,45,0.14423076923076922,0.09090909090909091,0.0,91.14
699151,FC,Cutter,Fastball,39,0.125,0.15789473684210525,0.3333333333333333,87.22564102564102
699823,FF,4-Seam FB,Fastball,303,0.6209016393442623,0.23636363636363636,0.2459016393442623,96.25577557755776
699823,SL,Slider,Breaking,154,0.3155737704918033,0.20253164556962025,0.10714285714285714,87.52987012987013
699823,FS,Splitter,Offspeed,31,0.06352459016393443,0.2727272727272727,0.3333333333333333,86.03870967741935
700187,FF,4-Seam FB,Fastball,32,0.6274509803921569,0.23076923076923078,0.5,95.4625
700241,FF,4-Seam FB,Fastball,701,0.24717912552891397,0.1485148514851485,0.15833333333333333,91.9148359486448
700241,CH,Changeup,Offspeed,577,0.20345557122708038,0.26545454545454544,0.2727272727272727,86.97227036395147
700241,SI,Sinker,Fastball,456,0.1607898448519041,0.12389380530973451,0.16470588235294117,90.79429824561403
700241,CU,Curveball,Breaking,359,0.1265867418899859,0.2868217054263566,0.22,78.55403899721449
700241,FC,Cutter,Fastball,319,0.11248236953455572,0.16326530612244897,0.2,87.58902821316615
700241,ST,Sweeper,Breaking,298,0.10507757404795487,0.28125,0.20833333333333334,81.77449664429531
700241,SL,Slider,Breaking,126,0.04442877291960508,0.2413793103448276,0.18181818181818182,83.59206349206347
700249,FF,4-Seam FB,Fastball,280,0.4582651391162029,0.19858156028368795,0.16279069767441862,91.81071428571428
700249,CU,Curveball,Breaking,137,0.22422258592471359,0.37254901960784315,0.28125,76.37591240875912
700249,SL,Slider,Breaking,80,0.1309328968903437,0.2702702702702703,0.4166666666666667,86.64125
700249,CH,Changeup,Offspeed,62,0.10147299509001637,0.15625,0.2222222222222222,85.10645161290323
700249,SI,Sinker,Fastball,52,0.0851063829787234,0.09090909090909091,0.0,91.33461538461538
700270,SL,Slider,Breaking,90,0.4864864864864865,0.2222222222222222,0.11764705882352941,87.3788888888889
700270,FF,4-Seam FB,Fastball,87,0.4702702702702703,0.26666666666666666,0.19047619047619047,96.96896551724139
700363,FF,4-Seam FB,Fastball,224,0.39092495636998253,0.1262135922330097,0.11428571428571428,96.29866071428572
700363,FS,Splitter,Offspeed,204,0.35602094240837695,0.3130434782608696,0.21311475409836064,83.00245098039215
700363,CU,Curveball,Breaking,58,0.1012216404886562,0.32142857142857145,0.125,75.8896551724138
700363,SI,Sinker,Fastball,42,0.07329842931937172,0.15789473684210525,0.0,95.09285714285714
700669,FF,4-Seam FB,Fastball,470,0.3830480847595762,0.12612612612612611,0.1,95.34978723404254
700669,SL,Slider,Breaking,224,0.18255908720456399,0.3557692307692308,0.4489795918367347,86.68526785714286
700669,FC,Cutter,Fastball,180,0.1466992665036675,0.26732673267326734,0.24,89.44833333333334
700669,CH,Changeup,Offspeed,167,0.1361043194784026,0.22388059701492538,0.3076923076923077,88.22155688622752
700669,CU,Curveball,Breaking,100,0.08149959250203749,0.15151515151515152,0.15,83.23099999999998
700669,SI,Sinker,Fastball,86,0.07008964955175224,0.18181818181818182,0.4,94.84418604651162
700712,CH,Changeup,Offspeed,858,0.3414245921209709,0.3738532110091743,0.3298429319371728,90.97587412587413
700712,SI,Sinker,Fastball,838,0.3334659769200159,0.1760204081632653,0.20430107526881722,98.13627684964202
700712,FF,4-Seam FB,Fastball,463,0.18424194190210905,0.20952380952380953,0.19469026548672566,97.92159827213823
700712,ST,Sweeper,Breaking,353,0.14046955829685634,0.35766423357664234,0.2878787878787879,87.18980169971671
700842,FF,4-Seam FB,Fastball,127,0.5594713656387665,0.22580645161290322,0.14285714285714285,95.20866141732282
700842,SL,Slider,Breaking,67,0.29515418502202645,0.25,0.0,87.67014925373135
700842,CH,Changeup,Offspeed,33,0.14537444933920704,0.3333333333333333,0.36363636363636365,87.05454545454545
701121,FF,4-Seam FB,Fastball,142,0.5378787878787878,0.3170731707317073,0.2631578947368421,92.893661971831
701121,ST,Sweeper,Breaking,81,0.3068181818181818,0.14285714285714285,0.0625,82.29506172839507
701474,FF,4-Seam FB,Fastball,49,0.4049586776859504,0.22727272727272727,0.3333333333333333,93.03673469387755
701474,ST,Sweeper,Breaking,30,0.24793388429752067,0.25,0.6666666666666666,82.28666666666668
701519,CH,Changeup,Offspeed,233,0.24526315789473685,0.3418803418803419,0.3541666666666667,86.17596566523605
701519,SL,Slider,Breaking,233,0.24526315789473685,0.3983050847457627,0.4166666666666667,86.94721030042919
701519,FF,4-Seam FB,Fastball,231,0.2431578947368421,0.14423076923076922,0.1724137931034483,94.44069264069262
701519,FC,Cutter,Fastball,195,0.20526315789473684,0.26373626373626374,0.3333333333333333,91.79846153846157
701519,SI,Sinker,Fastball,58,0.061052631578947365,0.0,0.0,94.11896551724138
701542,FF,4-Seam FB,Fastball,1011,0.3622357577929058,0.2194616977225673,0.2222222222222222,93.77546983184965
701542,SI,Sinker,Fastball,673,0.24113221067717663,0.175,0.12658227848101267,93.30297176820207
701542,ST,Sweeper,Breaking,563,0.2017198136868506,0.24434389140271492,0.19480519480519481,83.90319715808171
701542,CH,Changeup,Offspeed,370,0.13256897169473308,0.3016759776536313,0.33766233766233766,87.25162162162162
701542,CU,Curveball,Breaking,162,0.05804371193120745,0.2903225806451613,0.36666666666666664,81.30432098765432
701552,SL,Slider,Breaking,141,0.6103896103896104,0.14814814814814814,0.058823529411764705,82.16666666666667
701552,FF,4-Seam FB,Fastball,57,0.24675324675324675,0.041666666666666664,0.0,94.29122807017544
701656,FF,4-Seam FB,Fastball,710,0.4637491835401698,0.21298701298701297,0.2391304347826087,93.14042253521126
701656,CH,Changeup,Offspeed,539,0.3520574787720444,0.3693379790940767,0.3023255813953488,82.95231910946195
701656,FC,Cutter,Fastball,235,0.1534944480731548,0.20491803278688525,0.3125,87.83744680851062
701656,ST,Sweeper,Breaking,47,0.03069888961463096,0.14285714285714285,0.1875,81.0808510638298
701719,SI,Sinker,Fastball,136,0.38857142857142857,0.12727272727272726,0.08333333333333333,93.05735294117646
701719,FF,4-Seam FB,Fastball,94,0.26857142857142857,0.27450980392156865,0.42105263157894735,93.5340425531915
701719,ST,Sweeper,Breaking,63,0.18,0.2916666666666667,0.4166666666666667,82.14126984126983
701719,FC,Cutter,Fastball,33,0.09428571428571429,0.25,0.0,88.76060606060607
702021,FF,4-Seam FB,Fastball,336,0.42424242424242425,0.25980392156862747,0.2857142857142857,91.12410714285714
702021,CH,Changeup,Offspeed,204,0.25757575757575757,0.37,0.29545454545454547,77.98186274509804
702021,CU,Curveball,Breaking,157,0.19823232323232323,0.13725490196078433,0.14285714285714285,80.98216560509555
702021,FC,Cutter,Fastball,66,0.08333333333333333,0.2647058823529412,0.1,86.86363636363636
702047,FF,4-Seam FB,Fastball,66,0.673469387755102,0.1724137931034483,0.0,95.35151515151513
702056,FF,4-Seam FB,Fastball,757,0.46757257566399013,0.20277777777777778,0.1984732824427481,94.24768824306473
702056,FS,Splitter,Offspeed,470,0.29030265596046945,0.3883495145631068,0.32323232323232326,82.86042553191488
702056,SL,Slider,Breaking,392,0.24212476837554045,0.39,0.3088235294117647,87.58724489795918
702070,FF,4-Seam FB,Fastball,722,0.24285233770602085,0.17417417417417416,0.12727272727272726,92.4932132963989
702070,FC,Cutter,Fastball,629,0.2115708039017827,0.20930232558139536,0.22058823529411764,89.74880763116057
702070,CH,Changeup,Offspeed,594,0.19979818365287588,0.35785953177257523,0.2621359223300971,81.04646464646464
702070,CU,Curveball,Breaking,485,0.16313488059199463,0.2872340425531915,0.27927927927927926,81.63175257731959
702070,SL,Slider,Breaking,395,0.13286242852337707,0.34579439252336447,0.34615384615384615,85.1759493670886
702070,SI,Sinker,Fastball,147,0.04944500504540868,0.07547169811320754,0.1,91.51904761904761
702153,CH,Changeup,Offspeed,44,0.3308270676691729,0.16,0.16666666666666666,82.68863636363636
702153,FF,4-Seam FB,Fastball,32,0.24060150375939848,0.35714285714285715,0.2857142857142857,94.05937499999999
702193,FF,4-Seam FB,Fastball,583,0.45019305019305017,0.19795221843003413,0.14492753623188406,97.38044596912522
702193,FC,Cutter,Fastball,288,0.22239382239382238,0.2789115646258503,0.26666666666666666,91.36076388888888
702193,SI,Sinker,Fastball,152,0.11737451737451737,0.21686746987951808,0.05,96.5796052631579
702193,CH,Changeup,Offspeed,139,0.10733590733590734,0.2641509433962264,0.15,89.15251798561151
702193,ST,Sweeper,Breaking,116,0.08957528957528957,0.2653061224489796,0.27586206896551724,82.14224137931033
702273,SI,Sinker,Fastball,329,0.2606973058637084,0.09859154929577464,0.10526315789473684,95.17355623100303
702273,FC,Cutter,Fastball,279,0.22107765451664024,0.21875,0.2,89.90394265232973
702273,FF,4-Seam FB,Fastball,274,0.21711568938193343,0.20454545454545456,0.23880597014925373,95.25656934306569
702273,ST,Sweeper,Breaking,218,0.17274167987321712,0.32142857142857145,0.2631578947368421,82.58027522935778
702273,CH,Changeup,Offspeed,121,0.09587955625990491,0.28125,0.21212121212121213,89.17520661157026
702273,CU,Curveball,Breaking,41,0.03248811410459588,0.2857142857142857,0.14285714285714285,82.2609756097561
702275,CU,Curveball,Breaking,342,0.2571428571428571,0.3108108108108108,0.3,82.90847953216374
702275,SI,Sinker,Fastball,299,0.22481203007518796,0.12612612612612611,0.15789473684210525,93.96923076923078
702275,FF,4-Seam FB,Fastball,254,0.19097744360902255,0.21212121212121213,0.2894736842105263,94.63346456692913
702275,CH,Changeup,Offspeed,239,0.17969924812030075,0.24444444444444444,0.2909090909090909,87.881589958159
702275,FC,Cutter,Fastball,118,0.0887218045112782,0.17777777777777778,0.125,89.16864406779662
702275,SL,Slider,Breaking,76,0.05714285714285714,0.17142857142857143,0.125,85.06447368421054
702281,FF,4-Seam FB,Fastball,57,0.38,0.21739130434782608,0.2727272727272727,94.4
702281,CU,Curveball,Breaking,52,0.3466666666666667,0.2692307692307692,0.16666666666666666,82.6826923076923
702303,FF,4-Seam FB,Fastball,65,0.5508474576271186,0.1794871794871795,0.21428571428571427,94.54307692307691
702303,CU,Curveball,Breaking,35,0.2966101694915254,0.1,0.0,85.4657142857143
702352,SI,Sinker,Fastball,88,0.38095238095238093,0.18421052631578946,0.2222222222222222,94.61136363636363
702352,FF,4-Seam FB,Fastball,47,0.20346320346320346,0.25,0.26666666666666666,94.43191489361702
702352,ST,Sweeper,Breaking,46,0.19913419913419914,0.26666666666666666,0.2,81.47608695652174
702474,FF,4-Seam FB,Fastball,204,0.3702359346642468,0.14285714285714285,0.08333333333333333,93.03382352941178
702474,CH,Changeup,Offspeed,141,0.2558983666061706,0.17391304347826086,0.08695652173913043,87.71205673758867
702474,ST,Sweeper,Breaking,121,0.21960072595281308,0.2833333333333333,0.2413793103448276,79.24793388429752
702474,FC,Cutter,Fastball,85,0.1542649727767695,0.2127659574468085,0.2857142857142857,87.38352941176471
702566,FF,4-Seam FB,Fastball,110,0.5188679245283019,0.1746031746031746,0.18518518518518517,92.86909090909091
702566,CH,Changeup,Offspeed,42,0.19811320754716982,0.1935483870967742,0.1,85.36428571428571
702566,CU,Curveball,Breaking,33,0.15566037735849056,0.08333333333333333,0.0,79.28787878787878
702752,FC,Cutter,Fastball,277,0.5296367112810707,0.2713178294573643,0.13333333333333333,91.12490974729242
702752,SI,Sinker,Fastball,104,0.1988527724665392,0.15555555555555556,0.1875,94.84326923076924
702752,FF,4-Seam FB,Fastball,84,0.16061185468451242,0.36585365853658536,0.34615384615384615,95.64761904761906
702752,CH,Changeup,Offspeed,34,0.06500956022944551,0.11764705882352941,0.2222222222222222,87.35000000000001
702885,FF,4-Seam FB,Fastball,174,0.464,0.2,0.16666666666666666,93.01896551724137
702885,CH,Changeup,Offspeed,114,0.304,0.20588235294117646,0.29411764705882354,86.76140350877195
702885,SL,Slider,Breaking,87,0.232,0.18604651162790697,0.1875,85.63103448275862
703615,FF,4-Seam FB,Fastball,120,0.2591792656587473,0.1836734693877551,0.38461538461538464,93.96916666666667
703615,FC,Cutter,Fastball,108,0.23326133909287258,0.1568627450980392,0.0,90.03240740740742
703615,ST,Sweeper,Breaking,67,0.1447084233261339,0.34782608695652173,0.1111111111111111,83.57761194029851
703615,CH,Changeup,Offspeed,64,0.13822894168466524,0.09090909090909091,0.1111111111111111,86.70781249999999
703615,CU,Curveball,Breaking,53,0.11447084233261338,0.23076923076923078,0.2608695652173913,86.09811320754719
703615,SI,Sinker,Fastball,51,0.1101511879049676,0.21739130434782608,1.0,93.14509803921568
703725,CH,Changeup,Offspeed,234,0.36792452830188677,0.5071428571428571,0.5070422535211268,81.69957264957263
703725,FF,4-Seam FB,Fastball,199,0.3128930817610063,0.1702127659574468,0.17857142857142858,94.06582914572864
703725,ST,Sweeper,Breaking,146,0.22955974842767296,0.3584905660377358,0.08333333333333333,84.52465753424657
703725,SI,Sinker,Fastball,57,0.08962264150943396,0.05555555555555555,0.0,93.30526315789473
800048,FF,4-Seam FB,Fastball,1288,0.4140147862423658,0.24580152671755726,0.27715355805243447,94.25667701863354
800048,CH,Changeup,Offspeed,728,0.2340083574413372,0.35768261964735515,0.35353535353535354,85.82513736263736
800048,SI,Sinker,Fastball,461,0.1481838637094182,0.11063829787234042,0.04878048780487805,92.71561822125814
800048,CU,Curveball,Breaking,267,0.085824493731919,0.125,0.05,79.03932584269663
800048,SL,Slider,Breaking,213,0.06846673095467695,0.2777777777777778,0.25,86.80469483568073
800048,FC,Cutter,Fastball,154,0.049501767920282866,0.3076923076923077,0.3333333333333333,90.42337662337663
800311,FF,4-Seam FB,Fastball,938,0.6738505747126436,0.287109375,0.2557077625570776,97.25373134328358
800311,SL,Slider,Breaking,345,0.2478448275862069,0.3795180722891566,0.3611111111111111,85.45768115942029
800311,FS,Splitter,Offspeed,104,0.07471264367816093,0.2127659574468085,0.2222222222222222,88.88365384615385
800600,FF,4-Seam FB,Fastball,212,0.31314623338257014,0.1111111111111111,0.15384615384615385,93.11556603773585
800600,SL,Slider,Breaking,143,0.21122599704579026,0.3048780487804878,0.21212121212121213,86.37412587412588
800600,CH,Changeup,Offspeed,139,0.20531757754800592,0.34782608695652173,0.28125,85.37194244604316
800600,CU,Curveball,Breaking,96,0.14180206794682423,0.3103448275862069,0.2777777777777778,79.12291666666665
800600,SI,Sinker,Fastball,87,0.12850812407680945,0.13513513513513514,0.0,92.86551724137931
801139,FF,4-Seam FB,Fastball,1063,0.4388934764657308,0.30491803278688523,0.26996197718631176,96.12144873000942
801139,SI,Sinker,Fastball,578,0.23864574731626756,0.16666666666666666,0.14285714285714285,94.81262975778546
801139,FC,Cutter,Fastball,481,0.19859620148637488,0.27986348122866894,0.2222222222222222,88.67401247401247
801139,CU,Curveball,Breaking,232,0.0957886044591247,0.423728813559322,0.3888888888888889,82.91206896551724
801139,CH,Changeup,Offspeed,68,0.028075970272502065,0.1724137931034483,0.2857142857142857,88.72205882352941
801403,FF,4-Seam FB,Fastball,304,0.3559718969555035,0.3,0.2823529411764706,98.83355263157894
801403,SI,Sinker,Fastball,218,0.25526932084309134,0.15151515151515152,0.13333333333333333,98.16467889908257
801403,SL,Slider,Breaking,121,0.14168618266978922,0.2727272727272727,0.2777777777777778,87.62892561983473
801403,CH,Changeup,Offspeed,93,0.10889929742388758,0.37209302325581395,0.36363636363636365,90.62688172043012
801403,CU,Curveball,Breaking,75,0.08782201405152225,0.4166666666666667,0.4444444444444444,79.87200000000001
801403,ST,Sweeper,Breaking,43,0.05035128805620609,0.36363636363636365,0.4,85.6767441860465
801434,FF,4-Seam FB,Fastball,62,0.44285714285714284,0.46153846153846156,0.7,92.7741935483871
801434,SL,Slider,Breaking,54,0.38571428571428573,0.2857142857142857,0.25,83.09259259259261
801725,SI,Sinker,Fastball,85,0.6746031746031746,0.08108108108108109,0.0,95.87176470588236
801739,FF,4-Seam FB,Fastball,48,0.38095238095238093,0.17391304347826086,0.0,99.2625
801739,SL,Slider,Breaking,39,0.30952380952380953,0.5454545454545454,0.42857142857142855,90.70256410256408
802408,FF,4-Seam FB,Fastball,116,0.3841059602649007,0.3157894736842105,0.17647058823529413,93.50172413793103
802408,SL,Slider,Breaking,80,0.26490066225165565,0.5333333333333333,0.625,83.58875
802408,CU,Curveball,Breaking,59,0.19536423841059603,0.2727272727272727,0.5,78.35762711864407
802408,SI,Sinker,Fastball,44,0.1456953642384106,0.1,0.0,93.22045454545454
804267,FC,Cutter,Fastball,425,0.32270311313591493,0.15637860082304528,0.10909090909090909,88.26235294117647
804267,FF,4-Seam FB,Fastball,342,0.25968109339407747,0.16666666666666666,0.175,92.21929824561404
804267,ST,Sweeper,Breaking,198,0.15034168564920272,0.24731182795698925,0.18421052631578946,79.96565656565657
804267,SI,Sinker,Fastball,147,0.11161731207289294,0.15873015873015872,0.17647058823529413,92.1170068027211
804267,SL,Slider,Breaking,101,0.07668944570994685,0.19298245614035087,0.1875,84.6930693069307
804267,CH,Changeup,Offspeed,58,0.04403948367501898,0.10344827586206896,0.08333333333333333,84.38793103448276
804267,CU,Curveball,Breaking,43,0.032649962034927864,0.18181818181818182,0.2,75.96744186046512
804619,FF,4-Seam FB,Fastball,68,0.4594594594594595,0.16129032258064516,0.0625,94.75441176470588
804619,CH,Changeup,Offspeed,40,0.2702702702702703,0.2777777777777778,0.25,86.60999999999999
804636,FF,4-Seam FB,Fastball,277,0.4482200647249191,0.2868217054263566,0.2222222222222222,94.96425992779783
804636,CH,Changeup,Offspeed,158,0.255663430420712,0.32941176470588235,0.32608695652173914,86.86329113924052
804636,FC,Cutter,Fastball,126,0.20388349514563106,0.2463768115942029,0.0625,90.69682539682539
804636,CU,Curveball,Breaking,57,0.09223300970873786,0.2727272727272727,0.36363636363636365,79.56491228070175
805074,FF,4-Seam FB,Fastball,170,0.4461942257217848,0.08823529411764706,0.17647058823529413,93.0005882352941
805074,SL,Slider,Breaking,158,0.4146981627296588,0.23809523809523808,0.22727272727272727,85.16708860759495
805074,FS,Splitter,Offspeed,53,0.13910761154855644,0.4090909090909091,0.2222222222222222,82.70943396226414
805123,FF,4-Seam FB,Fastball,888,0.5082999427590155,0.23555555555555555,0.23863636363636365,95.78592342342341
805123,ST,Sweeper,Breaking,397,0.22724670864338867,0.3155080213903743,0.25396825396825395,84.72997481108312
805123,CH,Changeup,Offspeed,360,0.20606754436176303,0.3254437869822485,0.3125,85.8861111111111
805123,FC,Cutter,Fastball,85,0.048654836863194044,0.5151515151515151,0.5,88.98588235294119
805299,SI,Sinker,Fastball,389,0.5045395590142672,0.1360544217687075,0.2222222222222222,97.0272493573265
805299,ST,Sweeper,Breaking,229,0.29701686121919585,0.49514563106796117,0.47619047619047616,87.52401746724891
805299,FC,Cutter,Fastball,152,0.19714656290531776,0.2054794520547945,0.29411764705882354,94.1217105263158
805326,FF,4-Seam FB,Fastball,223,0.3871527777777778,0.18333333333333332,0.025,94.01076233183855
805326,SL,Slider,Breaking,214,0.3715277777777778,0.25862068965517243,0.3225806451612903,88.22242990654206
805326,CH,Changeup,Offspeed,54,0.09375,0.16666666666666666,0.0625,88.38148148148147
805326,CU,Curveball,Breaking,38,0.06597222222222222,0.21428571428571427,0.2,81.83157894736841
805345,FC,Cutter,Fastball,110,0.29891304347826086,0.19607843137254902,0.26666666666666666,94.00818181818185
805345,ST,Sweeper,Breaking,107,0.2907608695652174,0.21739130434782608,0.15789473684210525,85.02616822429906
805345,SI,Sinker,Fastball,82,0.22282608695652173,0.30303030303030304,0.4444444444444444,93.89024390243902
805345,CU,Curveball,Breaking,66,0.1793478260869565,0.25,0.3157894736842105,78.38030303030304
805427,SI,Sinker,Fastball,269,0.4190031152647975,0.1484375,0.25,95.01226765799258
805427,FF,4-Seam FB,Fastball,219,0.3411214953271028,0.452991452991453,0.42857142857142855,94.90182648401826
805427,SL,Slider,Breaking,130,0.20249221183800623,0.36065573770491804,0.3333333333333333,83.41461538461537
805673,FF,4-Seam FB,Fastball,783,0.3572080291970803,0.14864864864864866,0.14084507042253522,95.16743295019158
805673,SL,Slider,Breaking,503,0.22947080291970803,0.3285198555956679,0.3262411347517731,87.19681908548708
805673,CH,Changeup,Offspeed,280,0.12773722627737227,0.19827586206896552,0.25,86.74964285714286
805673,FC,Cutter,Fastball,275,0.12545620437956204,0.15217391304347827,0.09375,90.84472727272727
805673,CU,Curveball,Breaking,239,0.10903284671532847,0.3333333333333333,0.3409090909090909,79.79790794979078
805673,SI,Sinker,Fastball,106,0.048357664233576646,0.1956521739130435,0.2,95.12264150943398
806188,ST,Sweeper,Breaking,241,0.2654185022026432,0.2672413793103448,0.2786885245901639,80.16721991701246
806188,SI,Sinker,Fastball,205,0.22577092511013216,0.023529411764705882,0.025,92.15268292682929
806188,CU,Curveball,Breaking,193,0.21255506607929514,0.30120481927710846,0.2571428571428571,79.03264248704663
806188,SL,Slider,Breaking,144,0.15859030837004406,0.24242424242424243,0.125,87.32013888888889
806188,CH,Changeup,Offspeed,80,0.0881057268722467,0.23684210526315788,0.0,86.38875
806188,FF,4-Seam FB,Fastball,45,0.04955947136563876,0.3076923076923077,0.3333333333333333,91.95555555555553
806960,FF,4-Seam FB,Fastball,224,0.44889779559118237,0.1111111111111111,0.08571428571428572,96.92098214285714
806960,SL,Slider,Breaking,98,0.1963927855711423,0.34782608695652173,0.2222222222222222,85.6561224489796
806960,ST,Sweeper,Breaking,68,0.13627254509018036,0.42857142857142855,0.3333333333333333,80.81029411764706
806960,SI,Sinker,Fastball,65,0.13026052104208416,0.125,0.2222222222222222,96.58461538461539
806960,CH,Changeup,Offspeed,44,0.08817635270541083,0.35714285714285715,0.25,89.27954545454547
807739,FF,4-Seam FB,Fastball,219,0.4048059149722736,0.1746031746031746,0.2,93.49543378995433
807739,SL,Slider,Breaking,133,0.24584103512014788,0.2911392405063291,0.3142857142857143,87.90075187969924
807739,CH,Changeup,Offspeed,96,0.17744916820702403,0.3103448275862069,0.18181818181818182,84.43229166666667
807739,CU,Curveball,Breaking,83,0.1534195933456562,0.3076923076923077,0.18181818181818182,81.87710843373493
807743,FF,4-Seam FB,Fastball,189,0.4587378640776699,0.15730337078651685,0.12121212121212122,87.63227513227513
807743,ST,Sweeper,Breaking,72,0.17475728155339806,0.0967741935483871,0.16666666666666666,75.36944444444445
807743,CH,Changeup,Offspeed,65,0.15776699029126215,0.2222222222222222,0.23529411764705882,77.05538461538461
807743,FC,Cutter,Fastball,62,0.15048543689320387,0.1935483870967742,0.1111111111111111,82.69516129032257
808825,FF,4-Seam FB,Fastball,163,0.4478021978021978,0.1891891891891892,0.14285714285714285,93.99570552147239
808825,SL,Slider,Breaking,111,0.30494505494505497,0.3695652173913043,0.2,82.28558558558558
808825,CH,Changeup,Offspeed,47,0.12912087912087913,0.4782608695652174,0.625,87.50425531914894
808825,SI,Sinker,Fastball,43,0.11813186813186813,0.1,0.0,92.93023255813954
808963,FF,4-Seam FB,Fastball,944,0.4219937416182387,0.1932059447983015,0.18471337579617833,97.8333686440678
808963,FS,Splitter,Offspeed,613,0.27402771569065715,0.3652694610778443,0.2802547770700637,90.22495921696573
808963,SL,Slider,Breaking,479,0.2141260616897631,0.3923444976076555,0.32857142857142857,86.64300626304802
808963,FO,Forkball,Offspeed,192,0.08582923558337059,0.36470588235294116,0.3170731707317073,85.34635416666667
808967,FS,Splitter,Offspeed,747,0.26659528907922914,0.34413965087281795,0.3010752688172043,91.47081659973226
808967,FF,4-Seam FB,Fastball,728,0.2598144182726624,0.2893258426966292,0.2426470588235294,96.08321870701513
808967,FC,Cutter,Fastball,413,0.14739471805852963,0.24271844660194175,0.16279069767441862,91.62082324455206
808967,CU,Curveball,Breaking,375,0.13383297644539616,0.26973684210526316,0.19298245614035087,76.85679999999999
808967,SI,Sinker,Fastball,366,0.13062098501070663,0.13953488372093023,0.16666666666666666,95.47978142076504
808967,SL,Slider,Breaking,173,0.061741613133476085,0.36,0.2857142857142857,86.90693641618496
808970,FF,4-Seam FB,Fastball,34,0.3953488372093023,0.14285714285714285,0.0,94.4735294117647
810938,EP,EP,Other,50,1.0,0.0,0.0,49.897999999999996
811315,FF,4-Seam FB,Fastball,57,0.5533980582524272,0.14285714285714285,0.0,99.92280701754385
811315,CU,Curveball,Breaking,39,0.3786407766990291,0.4,0.36363636363636365,87.1102564102564
813349,FF,4-Seam FB,Fastball,566,0.34575442883323154,0.23693379790940766,0.26851851851851855,94.01749116607773
813349,SI,Sinker,Fastball,329,0.2009773976786805,0.15,0.1111111111111111,92.43981762917933
813349,CH,Changeup,Offspeed,295,0.1802076970067196,0.2229299363057325,0.2,83.74915254237288
813349,CU,Curveball,Breaking,180,0.10995723885155773,0.24,0.28205128205128205,80.10444444444444
813349,SL,Slider,Breaking,140,0.0855222968845449,0.27692307692307694,0.14285714285714285,87.12857142857145
813349,ST,Sweeper,Breaking,127,0.07758094074526573,0.4126984126984127,0.45454545454545453,82.46929133858266
814305,FC,Cutter,Fastball,108,0.3673469387755102,0.28888888888888886,0.16666666666666666,90.3027777777778
814305,FS,Splitter,Offspeed,96,0.32653061224489793,0.4166666666666667,0.19230769230769232,86.66562499999999
814305,FF,4-Seam FB,Fastball,88,0.29931972789115646,0.16666666666666666,0.2222222222222222,94.87613636363636
814490,SI,Sinker,Fastball,129,0.22552447552447552,0.15714285714285714,0.11764705882352941,92.95426356589147
814490,FF,4-Seam FB,Fastball,119,0.20804195804195805,0.20833333333333334,0.16666666666666666,93.45210084033613
814490,ST,Sweeper,Breaking,110,0.19230769230769232,0.3103448275862069,0.3076923076923077,82.69636363636363
814490,FC,Cutter,Fastball,109,0.19055944055944055,0.16,0.17647058823529413,90.09541284403672
814490,CU,Curveball,Breaking,74,0.12937062937062938,0.23333333333333334,0.25,81.55810810810812
814490,CH,Changeup,Offspeed,31,0.05419580419580419,0.25,0.25,87.2
815081,FF,4-Seam FB,Fastball,177,0.5939597315436241,0.22727272727272727,0.1388888888888889,94.28700564971753
815081,SL,Slider,Breaking,83,0.2785234899328859,0.36666666666666664,0.4,85.57228915662651
815083,FF,4-Seam FB,Fastball,434,0.44650205761316875,0.16847826086956522,0.19444444444444445,91.73179723502304
815083,CH,Changeup,Offspeed,248,0.2551440329218107,0.4594594594594595,0.3877551020408163,78.80362903225807
815083,FC,Cutter,Fastball,155,0.15946502057613168,0.27586206896551724,0.29411764705882354,88.7516129032258
815083,SL,Slider,Breaking,135,0.1388888888888889,0.36,0.21428571428571427,81.70296296296297
820862,SL,Slider,Breaking,573,0.5840978593272171,0.3717105263157895,0.3262411347517731,90.49546247818498
820862,SI,Sinker,Fastball,293,0.29867482161060144,0.1774193548387097,0.09615384615384616,96.37713310580205
820862,FF,4-Seam FB,Fastball,69,0.07033639143730887,0.15625,0.0625,96.55507246376813
820862,CH,Changeup,Offspeed,46,0.046890927624872576,0.17391304347826086,0.2857142857142857,92.98695652173915
822627,SI,Sinker,Fastball,40,0.7547169811320755,0.1,0.5,90.70250000000001
827734,FF,4-Seam FB,Fastball,31,0.7045454545454546,0.1111111111111111,0.0,92.21935483870966
837227,SL,Slider,Breaking,660,0.4548587181254307,0.39710144927536234,0.3878787878787879,86.57969696969697
837227,FF,4-Seam FB,Fastball,643,0.44314266023432114,0.21311475409836064,0.15853658536585366,94.78289269051322
837227,SI,Sinker,Fastball,61,0.04203997243280496,0.18518518518518517,0.0,94.50000000000001
837227,FS,Splitter,Offspeed,42,0.028945554789800137,0.75,1.0,84.66904761904763
837227,CH,Changeup,Offspeed,39,0.026878015161957272,0.7272727272727273,1.0,86.6102564102564
